Cesta,Lokacija,Smer,Št. vozil [N/h],Hitrost [km/h],Razmik [s],Zasedenost [%],Čas,Stanje
AC-A1,R Zadobrova(MB-LJsev)MB-LJsev (v)600966.05.401.06.2026 10:00:00Povečan promet,MB-LJsev (v),600,96,6.0,5.4,01.06.2026 10:00:00,Povečan promet
,MB-LJsev (p)612865.87.801.06.2026 10:00:00Povečan promet,MB-LJsev (p),612,86,5.8,7.8,01.06.2026 10:00:00,Povečan promet
AC-A1,R Zadobrova(LJsev-MB)LJsev-MB (v)516907.16.701.06.2026 10:00:00Povečan promet,LJsev-MB (v),516,90,7.1,6.7,01.06.2026 10:00:00,Povečan promet
,LJsev-MB (p)26410212.82.101.06.2026 10:00:00Normalen promet,LJsev-MB (p),264,102,12.8,2.1,01.06.2026 10:00:00,Normalen promet
AC-A1,R Zadobrova(LJsev-LJvzh)LJsev-LJvzh (v)624835.66.701.06.2026 10:00:00Povečan promet,LJsev-LJvzh (v),624,83,5.6,6.7,01.06.2026 10:00:00,Povečan promet
,LJsev-LJvzh (p)3729310.33.201.06.2026 10:00:00Normalen promet,LJsev-LJvzh (p),372,93,10.3,3.2,01.06.2026 10:00:00,Normalen promet
AC-A1,R Zadobrova(LJvzh-LJsev)LJvzh - LJsev (v)756874.67.801.06.2026 10:00:00Povečan promet,LJvzh - LJsev (v),756,87,4.6,7.8,01.06.2026 10:00:00,Povečan promet
,LJvzh - LJsev (p)5401057.24.101.06.2026 10:00:00Povečan promet,LJvzh - LJsev (p),540,105,7.2,4.1,01.06.2026 10:00:00,Povečan promet
AC-A1,Zadobrova ACsmer LJvzh (v)000.00.001.06.2026 10:00:00Ni podatka,smer LJvzh (v),0,0,0.0,0.0,01.06.2026 10:00:00,Ni podatka
,smer LJvzh (p)000.00.001.06.2026 10:00:00Ni podatka,smer LJvzh (p),0,0,0.0,0.0,01.06.2026 10:00:00,Ni podatka
,smer MB (v)696795.28.001.06.2026 10:00:00Povečan promet,smer MB (v),696,79,5.2,8.0,01.06.2026 10:00:00,Povečan promet
,smer MB (p)2289715.31.901.06.2026 10:00:00Normalen promet,smer MB (p),228,97,15.3,1.9,01.06.2026 10:00:00,Normalen promet
AC-A1,Gotovljesmer LJ (v)852944.211.101.06.2026 10:00:00Zgoščen promet,smer LJ (v),852,94,4.2,11.1,01.06.2026 10:00:00,Zgoščen promet
,smer LJ (p)6841235.24.701.06.2026 10:00:00Povečan promet,smer LJ (p),684,123,5.2,4.7,01.06.2026 10:00:00,Povečan promet
,smer MB (v)780944.410.601.06.2026 10:00:00Zgoščen promet,smer MB (v),780,94,4.4,10.6,01.06.2026 10:00:00,Zgoščen promet
,smer MB (p)4801228.03.201.06.2026 10:00:00Normalen promet,smer MB (p),480,122,8.0,3.2,01.06.2026 10:00:00,Normalen promet
AC-A1,Podmiljsmer LJ (v)720934.69.001.06.2026 10:00:00Povečan promet,smer LJ (v),720,93,4.6,9.0,01.06.2026 10:00:00,Povečan promet
,smer LJ (p)3601159.72.701.06.2026 10:00:00Normalen promet,smer LJ (p),360,115,9.7,2.7,01.06.2026 10:00:00,Normalen promet
,smer MB (po)1688319.93.901.06.2026 10:00:00Normalen promet,smer MB (po),168,83,19.9,3.9,01.06.2026 10:00:00,Normalen promet
,smer MB (v)6121086.25.301.06.2026 10:00:00Povečan promet,smer MB (v),612,108,6.2,5.3,01.06.2026 10:00:00,Povečan promet
,smer MB (p)4441248.73.001.06.2026 10:00:00Normalen promet,smer MB (p),444,124,8.7,3.0,01.06.2026 10:00:00,Normalen promet
AC-A1,Verd ACsmer KP (v)852963.810.201.06.2026 10:00:00Povečan promet,smer KP (v),852,96,3.8,10.2,01.06.2026 10:00:00,Povečan promet
,smer KP (p)12001143.57.901.06.2026 10:00:00Povečan promet,smer KP (p),1200,114,3.5,7.9,01.06.2026 10:00:00,Povečan promet
,smer KP (po)288769.87.601.06.2026 10:00:00Normalen promet,smer KP (po),288,76,9.8,7.6,01.06.2026 10:00:00,Normalen promet
,smer LJ (v)8281044.69.001.06.2026 10:00:00Povečan promet,smer LJ (v),828,104,4.6,9.0,01.06.2026 10:00:00,Povečan promet
,smer LJ (p)9241263.76.101.06.2026 10:00:00Povečan promet,smer LJ (p),924,126,3.7,6.1,01.06.2026 10:00:00,Povečan promet
AC-A1,R KozarjeKP-LJjug (v)1392762.618.301.06.2026 10:00:00Zgoščen promet,KP-LJjug (v),1392,76,2.6,18.3,01.06.2026 10:00:00,Zgoščen promet
,KP-LJjug (p)15610023.01.301.06.2026 10:00:00Normalen promet,KP-LJjug (p),156,100,23.0,1.3,01.06.2026 10:00:00,Normalen promet
,LJjug-KP (v)684895.58.701.06.2026 10:00:00Povečan promet,LJjug-KP (v),684,89,5.5,8.7,01.06.2026 10:00:00,Povečan promet
,LJjug-KP (p)4081098.33.001.06.2026 10:00:00Normalen promet,LJjug-KP (p),408,109,8.3,3.0,01.06.2026 10:00:00,Normalen promet
AC-A1,R MalenceLJjug-LJvzh (v)684765.19.601.06.2026 10:00:00Povečan promet,LJjug-LJvzh (v),684,76,5.1,9.6,01.06.2026 10:00:00,Povečan promet
,LJjug-LJvzh (p)564886.25.301.06.2026 10:00:00Povečan promet,LJjug-LJvzh (p),564,88,6.2,5.3,01.06.2026 10:00:00,Povečan promet
,LJvzh-LJjug (v)708864.88.001.06.2026 10:00:00Povečan promet,LJvzh-LJjug (v),708,86,4.8,8.0,01.06.2026 10:00:00,Povečan promet
,LJvzh-LJjug (p)828924.78.401.06.2026 10:00:00Povečan promet,LJvzh-LJjug (p),828,92,4.7,8.4,01.06.2026 10:00:00,Povečan promet
,LJvzh-NM (v)420829.15.401.06.2026 10:00:00Normalen promet,LJvzh-NM (v),420,82,9.1,5.4,01.06.2026 10:00:00,Normalen promet
,LJvzh-NM (p)3249613.82.501.06.2026 10:00:00Normalen promet,LJvzh-NM (p),324,96,13.8,2.5,01.06.2026 10:00:00,Normalen promet
,NM-LJvzh (v)648935.25.801.06.2026 10:00:00Povečan promet,NM-LJvzh (v),648,93,5.2,5.8,01.06.2026 10:00:00,Povečan promet
,NM-LJvzh (p)8413237.80.501.06.2026 10:00:00Normalen promet,NM-LJvzh (p),84,132,37.8,0.5,01.06.2026 10:00:00,Normalen promet
AC-A1,Goli vrh ACsmer KP (po)1687114.44.201.06.2026 10:00:00Normalen promet,smer KP (po),168,71,14.4,4.2,01.06.2026 10:00:00,Normalen promet
,smer KP (v)5881036.05.101.06.2026 10:00:00Povečan promet,smer KP (v),588,103,6.0,5.1,01.06.2026 10:00:00,Povečan promet
,smer KP (p)4921258.23.201.06.2026 10:00:00Normalen promet,smer KP (p),492,125,8.2,3.2,01.06.2026 10:00:00,Normalen promet
,smer LJ (v)7561064.57.901.06.2026 10:00:00Povečan promet,smer LJ (v),756,106,4.5,7.9,01.06.2026 10:00:00,Povečan promet
,smer LJ (p)3721229.62.601.06.2026 10:00:00Normalen promet,smer LJ (p),372,122,9.6,2.6,01.06.2026 10:00:00,Normalen promet
AC-A1,Počivališče Ravneizvoz iz KP483786.21.101.06.2026 10:00:00Normalen promet,izvoz iz KP,48,37,86.2,1.1,01.06.2026 10:00:00,Normalen promet
,izvoz iz LJ000.00.001.06.2026 10:00:00Ni podatka,izvoz iz LJ,0,0,0.0,0.0,01.06.2026 10:00:00,Ni podatka
,uvoz proti KP000.00.001.06.2026 10:00:00Ni podatka,uvoz proti KP,0,0,0.0,0.0,01.06.2026 10:00:00,Ni podatka
AC-A1,Priključek Kastelecizvoz iz KP363469.20.801.06.2026 10:00:00Normalen promet,izvoz iz KP,36,34,69.2,0.8,01.06.2026 10:00:00,Normalen promet
AC-A1,Razcep Srminizvoz iz LJ123172.20.701.06.2026 10:00:00Normalen promet,izvoz iz LJ,12,31,72.2,0.7,01.06.2026 10:00:00,Normalen promet
,uvoz proti Škofijam1225182.50.901.06.2026 10:00:00Normalen promet,uvoz proti Škofijam,12,25,182.5,0.9,01.06.2026 10:00:00,Normalen promet
AC-A1,Priključek Črni Kalizvoz iz KP606266.71.001.06.2026 10:00:00Normalen promet,izvoz iz KP,60,62,66.7,1.0,01.06.2026 10:00:00,Normalen promet
,izvoz iz LJ2455157.50.301.06.2026 10:00:00Normalen promet,izvoz iz LJ,24,55,157.5,0.3,01.06.2026 10:00:00,Normalen promet
AC-A1,Zima ACsmer LJ (v)7201035.18.201.06.2026 10:00:00Povečan promet,smer LJ (v),720,103,5.1,8.2,01.06.2026 10:00:00,Povečan promet
,smer LJ (p)6001225.34.201.06.2026 10:00:00Povečan promet,smer LJ (p),600,122,5.3,4.2,01.06.2026 10:00:00,Povečan promet
,smer MB (v)7081054.77.901.06.2026 10:00:00Povečan promet,smer MB (v),708,105,4.7,7.9,01.06.2026 10:00:00,Povečan promet
,smer MB (p)4201308.22.701.06.2026 10:00:00Normalen promet,smer MB (p),420,130,8.2,2.7,01.06.2026 10:00:00,Normalen promet
AC-A1,Celje Center - Vzhodsmer LJ (v)8041004.59.701.06.2026 10:00:00Povečan promet,smer LJ (v),804,100,4.5,9.7,01.06.2026 10:00:00,Povečan promet
,smer LJ (p)6481195.74.501.06.2026 10:00:00Povečan promet,smer LJ (p),648,119,5.7,4.5,01.06.2026 10:00:00,Povečan promet
,smer MB (v)6841005.29.001.06.2026 10:00:00Povečan promet,smer MB (v),684,100,5.2,9.0,01.06.2026 10:00:00,Povečan promet
,smer MB (p)5641276.63.801.06.2026 10:00:00Povečan promet,smer MB (p),564,127,6.6,3.8,01.06.2026 10:00:00,Povečan promet
AC-A1,Arja vas ACsmer LJ (v)972873.314.801.06.2026 10:00:00Zgoščen promet,smer LJ (v),972,87,3.3,14.8,01.06.2026 10:00:00,Zgoščen promet
,smer LJ (p)6841235.64.601.06.2026 10:00:00Povečan promet,smer LJ (p),684,123,5.6,4.6,01.06.2026 10:00:00,Povečan promet
,smer MB (v)924943.812.001.06.2026 10:00:00Zgoščen promet,smer MB (v),924,94,3.8,12.0,01.06.2026 10:00:00,Zgoščen promet
,smer MB (p)6121176.14.501.06.2026 10:00:00Povečan promet,smer MB (p),612,117,6.1,4.5,01.06.2026 10:00:00,Povečan promet
AC-A1,Krtina-Domžale ACsmer LJ (v)996823.812.701.06.2026 10:00:00Zgoščen promet,smer LJ (v),996,82,3.8,12.7,01.06.2026 10:00:00,Zgoščen promet
,smer LJ (p)4921058.03.901.06.2026 10:00:00Normalen promet,smer LJ (p),492,105,8.0,3.9,01.06.2026 10:00:00,Normalen promet
AC-A1,Priključek LJ Jugizvoz iz R.Kozarje2285216.23.801.06.2026 10:00:00Normalen promet,izvoz iz R.Kozarje,228,52,16.2,3.8,01.06.2026 10:00:00,Normalen promet
,izvoz iz R.Malence (v)432677.95.101.06.2026 10:00:00Normalen promet,izvoz iz R.Malence (v),432,67,7.9,5.1,01.06.2026 10:00:00,Normalen promet
,izvoz iz R.Malence (p)2886712.24.101.06.2026 10:00:00Normalen promet,izvoz iz R.Malence (p),288,67,12.2,4.1,01.06.2026 10:00:00,Normalen promet
,uvoz proti R. Kozarje420487.98.301.06.2026 10:00:00Normalen promet,uvoz proti R. Kozarje,420,48,7.9,8.3,01.06.2026 10:00:00,Normalen promet
,uvoz proti R.Malence468538.58.501.06.2026 10:00:00Normalen promet,uvoz proti R.Malence,468,53,8.5,8.5,01.06.2026 10:00:00,Normalen promet
AC-A1,LJ (južna obvoznica)LJ (Barjanska - Dolenjska) (v)1368892.515.701.06.2026 10:00:00Zgoščen promet,LJ (Barjanska - Dolenjska) (v),1368,89,2.5,15.7,01.06.2026 10:00:00,Zgoščen promet
,LJ (Barjanska - Dolenjska) (p)10801143.68.201.06.2026 10:00:00Zgoščen promet,LJ (Barjanska - Dolenjska) (p),1080,114,3.6,8.2,01.06.2026 10:00:00,Zgoščen promet
,LJ (Dolenjska - Barjanska) (v)1128863.214.601.06.2026 10:00:00Zgoščen promet,LJ (Dolenjska - Barjanska) (v),1128,86,3.2,14.6,01.06.2026 10:00:00,Zgoščen promet
,LJ (Dolenjska - Barjanska) (p)21001102.711.101.06.2026 10:00:00Zgoščen promet,LJ (Dolenjska - Barjanska) (p),2100,110,2.7,11.1,01.06.2026 10:00:00,Zgoščen promet
AC-A1,LJ (vzh. obvoznica)smer Malence (po)3007410.76.601.06.2026 10:00:00Povečan promet,smer Malence (po),300,74,10.7,6.6,01.06.2026 10:00:00,Povečan promet
,smer Malence (v)804914.38.001.06.2026 10:00:00Povečan promet,smer Malence (v),804,91,4.3,8.0,01.06.2026 10:00:00,Povečan promet
,smer Malence (p)8521134.36.201.06.2026 10:00:00Povečan promet,smer Malence (p),852,113,4.3,6.2,01.06.2026 10:00:00,Povečan promet
,smer Zadobrova (v)1068943.611.001.06.2026 10:00:00Zgoščen promet,smer Zadobrova (v),1068,94,3.6,11.0,01.06.2026 10:00:00,Zgoščen promet
,smer Zadobrova (p)8761154.66.401.06.2026 10:00:00Povečan promet,smer Zadobrova (p),876,115,4.6,6.4,01.06.2026 10:00:00,Povečan promet
AC-A1,Lopata ACArja vas - Celje (v)8041044.710.201.06.2026 10:00:00Zgoščen promet,Arja vas - Celje (v),804,104,4.7,10.2,01.06.2026 10:00:00,Zgoščen promet
,Arja vas - Celje (p)8881274.85.001.06.2026 10:00:00Povečan promet,Arja vas - Celje (p),888,127,4.8,5.0,01.06.2026 10:00:00,Povečan promet
,Celje - Arja vas (v)684985.08.401.06.2026 10:00:00Zgoščen promet,Celje - Arja vas (v),684,98,5.0,8.4,01.06.2026 10:00:00,Zgoščen promet
,Celje - Arja vas (p)7441215.05.301.06.2026 10:00:00Povečan promet,Celje - Arja vas (p),744,121,5.0,5.3,01.06.2026 10:00:00,Povečan promet
AC-A1,Hoče ACFram - Slivnica (v)924903.613.401.06.2026 10:00:00Zgoščen promet,Fram - Slivnica (v),924,90,3.6,13.4,01.06.2026 10:00:00,Zgoščen promet
,Fram - Slivnica (p)5041167.63.701.06.2026 10:00:00Normalen promet,Fram - Slivnica (p),504,116,7.6,3.7,01.06.2026 10:00:00,Normalen promet
,Slivnica - Fram (v)864934.111.001.06.2026 10:00:00Zgoščen promet,Slivnica - Fram (v),864,93,4.1,11.0,01.06.2026 10:00:00,Zgoščen promet
,Slivnica - Fram (p)6001096.34.801.06.2026 10:00:00Povečan promet,Slivnica - Fram (p),600,109,6.3,4.8,01.06.2026 10:00:00,Povečan promet
AC-A1,Dekani ACČrni Kal - Srmin (v)804924.211.401.06.2026 10:00:00Zgoščen promet,Črni Kal - Srmin (v),804,92,4.2,11.4,01.06.2026 10:00:00,Zgoščen promet
,Črni Kal - Srmin (p)4801057.63.801.06.2026 10:00:00Normalen promet,Črni Kal - Srmin (p),480,105,7.6,3.8,01.06.2026 10:00:00,Normalen promet
,Srmin - Črni Kal (v)660935.78.101.06.2026 10:00:00Zgoščen promet,Srmin - Črni Kal (v),660,93,5.7,8.1,01.06.2026 10:00:00,Zgoščen promet
,Srmin - Črni Kal (p)4081129.83.001.06.2026 10:00:00Normalen promet,Srmin - Črni Kal (p),408,112,9.8,3.0,01.06.2026 10:00:00,Normalen promet
AC-A1,Priključek Divačaizvoz KP606862.20.701.06.2026 10:00:00Normalen promet,izvoz KP,60,68,62.2,0.7,01.06.2026 10:00:00,Normalen promet
,izvoz LJ604459.01.501.06.2026 10:00:00Normalen promet,izvoz LJ,60,44,59.0,1.5,01.06.2026 10:00:00,Normalen promet
,uvoz KP607044.10.801.06.2026 10:00:00Normalen promet,uvoz KP,60,70,44.1,0.8,01.06.2026 10:00:00,Normalen promet
,uvoz LJ726041.91.201.06.2026 10:00:00Normalen promet,uvoz LJ,72,60,41.9,1.2,01.06.2026 10:00:00,Normalen promet
AC-A1,Čebulovica ACGabrk - Senožeče (v)000.00.001.06.2026 10:00:00Ni podatka,Gabrk - Senožeče (v),0,0,0.0,0.0,01.06.2026 10:00:00,Ni podatka
,Gabrk - Senožeče (p)000.00.001.06.2026 10:00:00Ni podatka,Gabrk - Senožeče (p),0,0,0.0,0.0,01.06.2026 10:00:00,Ni podatka
,Senožeče - Gabrk (v)7081075.57.701.06.2026 10:00:00Povečan promet,Senožeče - Gabrk (v),708,107,5.5,7.7,01.06.2026 10:00:00,Povečan promet
,Senožeče - Gabrk (p)5161337.53.101.06.2026 10:00:00Povečan promet,Senožeče - Gabrk (p),516,133,7.5,3.1,01.06.2026 10:00:00,Povečan promet
AC-A1,Priključek Kozinaizvoz KP1324922.62.301.06.2026 10:00:00Normalen promet,izvoz KP,132,49,22.6,2.3,01.06.2026 10:00:00,Normalen promet
,izvoz LJ1565728.12.301.06.2026 10:00:00Normalen promet,izvoz LJ,156,57,28.1,2.3,01.06.2026 10:00:00,Normalen promet
,uvoz KP964841.52.101.06.2026 10:00:00Normalen promet,uvoz KP,96,48,41.5,2.1,01.06.2026 10:00:00,Normalen promet
,uvoz LJ484685.41.001.06.2026 10:00:00Normalen promet,uvoz LJ,48,46,85.4,1.0,01.06.2026 10:00:00,Normalen promet
AC-A1,Ravbarkomanda ACPostojna - Unec (v)8761004.110.401.06.2026 10:00:00Zgoščen promet,Postojna - Unec (v),876,100,4.1,10.4,01.06.2026 10:00:00,Zgoščen promet
,Postojna - Unec (p)9241223.96.301.06.2026 10:00:00Povečan promet,Postojna - Unec (p),924,122,3.9,6.3,01.06.2026 10:00:00,Povečan promet
,Unec - Postojna (v)000.00.001.06.2026 10:00:00Ni podatka,Unec - Postojna (v),0,0,0.0,0.0,01.06.2026 10:00:00,Ni podatka
,Unec - Postojna (p)000.00.001.06.2026 10:00:00Ni podatka,Unec - Postojna (p),0,0,0.0,0.0,01.06.2026 10:00:00,Ni podatka
AC-A1,Priključek Unecizvoz iz KP1444726.32.801.06.2026 10:00:00Normalen promet,izvoz iz KP,144,47,26.3,2.8,01.06.2026 10:00:00,Normalen promet
,izvoz iz LJ384439.07.501.06.2026 10:00:00Normalen promet,izvoz iz LJ,384,43,9.0,7.5,01.06.2026 10:00:00,Normalen promet
,uvoz proti KP603868.32.101.06.2026 10:00:00Normalen promet,uvoz proti KP,60,38,68.3,2.1,01.06.2026 10:00:00,Normalen promet
,uvoz proti LJ1564626.23.501.06.2026 10:00:00Normalen promet,uvoz proti LJ,156,46,26.2,3.5,01.06.2026 10:00:00,Normalen promet
AC-A1,Priključek Postojnaizvoz KP1924816.83.201.06.2026 10:00:00Normalen promet,izvoz KP,192,48,16.8,3.2,01.06.2026 10:00:00,Normalen promet
,izvoz LJ (v)336569.85.801.06.2026 10:00:00Normalen promet,izvoz LJ (v),336,56,9.8,5.8,01.06.2026 10:00:00,Normalen promet
,izvoz LJ (p)000.00.001.06.2026 10:00:00Ni prometa,izvoz LJ (p),0,0,0.0,0.0,01.06.2026 10:00:00,Ni prometa
,uvoz KP000.00.001.06.2026 10:00:00Ni prometa,uvoz KP,0,0,0.0,0.0,01.06.2026 10:00:00,Ni prometa
,uvoz LJ2165111.05.101.06.2026 10:00:00Normalen promet,uvoz LJ,216,51,11.0,5.1,01.06.2026 10:00:00,Normalen promet
AC-A1,Priključek Razdrtoizvoz iz KP844143.71.901.06.2026 10:00:00Normalen promet,izvoz iz KP,84,41,43.7,1.9,01.06.2026 10:00:00,Normalen promet
,izvoz iz LJ2438422.71.001.06.2026 10:00:00Normalen promet,izvoz iz LJ,24,38,422.7,1.0,01.06.2026 10:00:00,Normalen promet
,uvoz proti KP1443924.43.801.06.2026 10:00:00Normalen promet,uvoz proti KP,144,39,24.4,3.8,01.06.2026 10:00:00,Normalen promet
,uvoz proti LJ3638157.61.301.06.2026 10:00:00Normalen promet,uvoz proti LJ,36,38,157.6,1.3,01.06.2026 10:00:00,Normalen promet
AC-A1,Pšata ACsmer LJ (v)000.00.001.06.2026 10:00:00Ni podatka,smer LJ (v),0,0,0.0,0.0,01.06.2026 10:00:00,Ni podatka
,smer LJ (p)000.00.001.06.2026 10:00:00Ni podatka,smer LJ (p),0,0,0.0,0.0,01.06.2026 10:00:00,Ni podatka
,smer MB (v)000.00.001.06.2026 10:00:00Ni podatka,smer MB (v),0,0,0.0,0.0,01.06.2026 10:00:00,Ni podatka
,smer MB (p)000.00.001.06.2026 10:00:00Ni podatka,smer MB (p),0,0,0.0,0.0,01.06.2026 10:00:00,Ni podatka
AC-A1,Kompolje ACsmer LJ (v)756975.010.701.06.2026 10:00:00Zgoščen promet,smer LJ (v),756,97,5.0,10.7,01.06.2026 10:00:00,Zgoščen promet
,smer LJ (p)6601256.04.401.06.2026 10:00:00Povečan promet,smer LJ (p),660,125,6.0,4.4,01.06.2026 10:00:00,Povečan promet
AC-A1,Priključek Krtinaizvoz CE603435.62.001.06.2026 10:00:00Normalen promet,izvoz CE,60,34,35.6,2.0,01.06.2026 10:00:00,Normalen promet
,izvoz LJ1324330.52.901.06.2026 10:00:00Normalen promet,izvoz LJ,132,43,30.5,2.9,01.06.2026 10:00:00,Normalen promet
,uvoz CE1084341.23.401.06.2026 10:00:00Normalen promet,uvoz CE,108,43,41.2,3.4,01.06.2026 10:00:00,Normalen promet
,uvoz LJ1203730.12.701.06.2026 10:00:00Normalen promet,uvoz LJ,120,37,30.1,2.7,01.06.2026 10:00:00,Normalen promet
AC-A1,Jasovnik ACTrojane - Vransko (v)732974.79.801.06.2026 10:00:00Zgoščen promet,Trojane - Vransko (v),732,97,4.7,9.8,01.06.2026 10:00:00,Zgoščen promet
,Trojane - Vransko (p)4681167.53.301.06.2026 10:00:00Normalen promet,Trojane - Vransko (p),468,116,7.5,3.3,01.06.2026 10:00:00,Normalen promet
,Vransko - Trojane (v)672925.18.601.06.2026 10:00:00Zgoščen promet,Vransko - Trojane (v),672,92,5.1,8.6,01.06.2026 10:00:00,Zgoščen promet
,Vransko - Trojane (p)5161117.44.001.06.2026 10:00:00Normalen promet,Vransko - Trojane (p),516,111,7.4,4.0,01.06.2026 10:00:00,Normalen promet
AC-A1,Pesnica ACsmer Avstrija (v)5281026.86.901.06.2026 10:00:00Povečan promet,smer Avstrija (v),528,102,6.8,6.9,01.06.2026 10:00:00,Povečan promet
,smer Avstrija (p)26413213.91.601.06.2026 10:00:00Normalen promet,smer Avstrija (p),264,132,13.9,1.6,01.06.2026 10:00:00,Normalen promet
,smer MB (v)6361025.97.701.06.2026 10:00:00Povečan promet,smer MB (v),636,102,5.9,7.7,01.06.2026 10:00:00,Povečan promet
,smer MB (p)4921258.63.301.06.2026 10:00:00Normalen promet,smer MB (p),492,125,8.6,3.3,01.06.2026 10:00:00,Normalen promet
AC-A1,Preloge ACSlov. Bistrica - Slov. Konjice (v)696964.99.201.06.2026 10:00:00Zgoščen promet,Slov. Bistrica - Slov. Konjice (v),696,96,4.9,9.2,01.06.2026 10:00:00,Zgoščen promet
,Slov. Bistrica - Slov. Konjice (p)5761206.33.901.06.2026 10:00:00Povečan promet,Slov. Bistrica - Slov. Konjice (p),576,120,6.3,3.9,01.06.2026 10:00:00,Povečan promet
,Slov. Konjice - Slov. Bistrica (v)600945.69.301.06.2026 10:00:00Povečan promet,Slov. Konjice - Slov. Bistrica (v),600,94,5.6,9.3,01.06.2026 10:00:00,Povečan promet
,Slov. Konjice - Slov.Bistrica (p)5641206.24.001.06.2026 10:00:00Povečan promet,Slov. Konjice - Slov.Bistrica (p),564,120,6.2,4.0,01.06.2026 10:00:00,Povečan promet
AC-A1,Vransko ACsmer LJ (v)672965.49.501.06.2026 10:00:00Povečan promet,smer LJ (v),672,96,5.4,9.5,01.06.2026 10:00:00,Povečan promet
,smer LJ (p)7081185.35.101.06.2026 10:00:00Povečan promet,smer LJ (p),708,118,5.3,5.1,01.06.2026 10:00:00,Povečan promet
,smer MB (v)7081005.28.801.06.2026 10:00:00Povečan promet,smer MB (v),708,100,5.2,8.8,01.06.2026 10:00:00,Povečan promet
,smer MB (p)4081258.92.701.06.2026 10:00:00Normalen promet,smer MB (p),408,125,8.9,2.7,01.06.2026 10:00:00,Normalen promet
AC-A1,Ptujska ACMaribor - Slivnica (v)768994.68.901.06.2026 10:00:00Zgoščen promet,Maribor - Slivnica (v),768,99,4.6,8.9,01.06.2026 10:00:00,Zgoščen promet
,Maribor - Slivnica (p)5881236.74.101.06.2026 10:00:00Povečan promet,Maribor - Slivnica (p),588,123,6.7,4.1,01.06.2026 10:00:00,Povečan promet
,Slivnica - Maribor (v)696904.910.901.06.2026 10:00:00Zgoščen promet,Slivnica - Maribor (v),696,90,4.9,10.9,01.06.2026 10:00:00,Zgoščen promet
,Slivnica - Maribor (p)4081178.83.101.06.2026 10:00:00Normalen promet,Slivnica - Maribor (p),408,117,8.8,3.1,01.06.2026 10:00:00,Normalen promet
AC-A1,Priključek Dramljeizvoz CE2524311.35.401.06.2026 10:00:00Normalen promet,izvoz CE,252,43,11.3,5.4,01.06.2026 10:00:00,Normalen promet
,izvoz MB845150.32.001.06.2026 10:00:00Normalen promet,izvoz MB,84,51,50.3,2.0,01.06.2026 10:00:00,Normalen promet
,uvoz CE1564921.03.601.06.2026 10:00:00Normalen promet,uvoz CE,156,49,21.0,3.6,01.06.2026 10:00:00,Normalen promet
,uvoz MB6047104.01.501.06.2026 10:00:00Normalen promet,uvoz MB,60,47,104.0,1.5,01.06.2026 10:00:00,Normalen promet
AC-A1,Priključek Framizvoz CE842943.44.801.06.2026 10:00:00Normalen promet,izvoz CE,84,29,43.4,4.8,01.06.2026 10:00:00,Normalen promet
,izvoz MB2044019.24.901.06.2026 10:00:00Normalen promet,izvoz MB,204,40,19.2,4.9,01.06.2026 10:00:00,Normalen promet
,uvoz CE964033.43.501.06.2026 10:00:00Normalen promet,uvoz CE,96,40,33.4,3.5,01.06.2026 10:00:00,Normalen promet
,uvoz MB2643813.88.001.06.2026 10:00:00Normalen promet,uvoz MB,264,38,13.8,8.0,01.06.2026 10:00:00,Normalen promet
AC-A1,Drenov Grič ACBrezovica - Vrhnika (v)984853.615.401.06.2026 10:00:00Zgoščen promet,Brezovica - Vrhnika (v),984,85,3.6,15.4,01.06.2026 10:00:00,Zgoščen promet
,Brezovica - Vrhnika (p)15721052.012.601.06.2026 10:00:00Gost promet,Brezovica - Vrhnika (p),1572,105,2.0,12.6,01.06.2026 10:00:00,Gost promet
,Vrhnika - Brezovica (v)792944.710.401.06.2026 10:00:00Zgoščen promet,Vrhnika - Brezovica (v),792,94,4.7,10.4,01.06.2026 10:00:00,Zgoščen promet
,Vrhnika - Brezovica (p)10081153.56.801.06.2026 10:00:00Povečan promet,Vrhnika - Brezovica (p),1008,115,3.5,6.8,01.06.2026 10:00:00,Povečan promet
AC-A1,Priključek Slov. Bistricaizvoz CE1324026.53.001.06.2026 10:00:00Normalen promet,izvoz CE,132,40,26.5,3.0,01.06.2026 10:00:00,Normalen promet
,izvoz MB2644313.25.401.06.2026 10:00:00Normalen promet,izvoz MB,264,43,13.2,5.4,01.06.2026 10:00:00,Normalen promet
,uvoz CE1324425.32.501.06.2026 10:00:00Normalen promet,uvoz CE,132,44,25.3,2.5,01.06.2026 10:00:00,Normalen promet
,uvoz MB2884312.05.401.06.2026 10:00:00Normalen promet,uvoz MB,288,43,12.0,5.4,01.06.2026 10:00:00,Normalen promet
AC-A1,Malečnik ACDragučova - MB (Ptujska) (v)732954.29.401.06.2026 10:00:00Zgoščen promet,Dragučova - MB (Ptujska) (v),732,95,4.2,9.4,01.06.2026 10:00:00,Zgoščen promet
,Dragučova - MB (Ptujska) (p)4801117.33.601.06.2026 10:00:00Povečan promet,Dragučova - MB (Ptujska) (p),480,111,7.3,3.6,01.06.2026 10:00:00,Povečan promet
,MB (Ptujska) - Dragučova (v)600925.68.801.06.2026 10:00:00Povečan promet,MB (Ptujska) - Dragučova (v),600,92,5.6,8.8,01.06.2026 10:00:00,Povečan promet
,MB (Ptujska) - Dragučova (p)4201178.83.001.06.2026 10:00:00Normalen promet,MB (Ptujska) - Dragučova (p),420,117,8.8,3.0,01.06.2026 10:00:00,Normalen promet
AC-A1,Ravne ACČrni Kal - Kozina (v)000.00.001.06.2026 10:00:00Ni podatka,Črni Kal - Kozina (v),0,0,0.0,0.0,01.06.2026 10:00:00,Ni podatka
,Črni Kal - Kozina (p)000.00.001.06.2026 10:00:00Ni podatka,Črni Kal - Kozina (p),0,0,0.0,0.0,01.06.2026 10:00:00,Ni podatka
,Kozina - Črni Kal (v)000.00.001.06.2026 10:00:00Ni podatka,Kozina - Črni Kal (v),0,0,0.0,0.0,01.06.2026 10:00:00,Ni podatka
,Kozina - Črni Kal (p)000.00.001.06.2026 10:00:00Ni podatka,Kozina - Črni Kal (p),0,0,0.0,0.0,01.06.2026 10:00:00,Ni podatka
AC-A1,Razcep NanosIzvoz iz LJ420768.27.201.06.2026 10:00:00Normalen promet,Izvoz iz LJ,420,76,8.2,7.2,01.06.2026 10:00:00,Normalen promet
,Uvoz KP365297.00.501.06.2026 10:00:00Normalen promet,Uvoz KP,36,52,97.0,0.5,01.06.2026 10:00:00,Normalen promet
AC-A1,Pletovarje ACDramlje - Slovenske Konjice (v)636655.111.101.06.2026 10:00:00Zgoščen promet,Dramlje - Slovenske Konjice (v),636,65,5.1,11.1,01.06.2026 10:00:00,Zgoščen promet
,Dramlje - Slovenske Konjice (p)3008211.73.001.06.2026 10:00:00Normalen promet,Dramlje - Slovenske Konjice (p),300,82,11.7,3.0,01.06.2026 10:00:00,Normalen promet
,Slovenske Konjice - Dramlje (v)000.00.001.06.2026 10:00:00Ni podatka,Slovenske Konjice - Dramlje (v),0,0,0.0,0.0,01.06.2026 10:00:00,Ni podatka
,Slovenske Konjice - Dramlje (p)000.00.001.06.2026 10:00:00Ni podatka,Slovenske Konjice - Dramlje (p),0,0,0.0,0.0,01.06.2026 10:00:00,Ni podatka
AC-A1,Laze ACLogatec - Unec (v)972943.613.401.06.2026 10:00:00Zgoščen promet,Logatec - Unec (v),972,94,3.6,13.4,01.06.2026 10:00:00,Zgoščen promet
,Logatec - Unec (p)9001204.16.501.06.2026 10:00:00Povečan promet,Logatec - Unec (p),900,120,4.1,6.5,01.06.2026 10:00:00,Povečan promet
,Unec - Logatec (v)9001004.010.801.06.2026 10:00:00Zgoščen promet,Unec - Logatec (v),900,100,4.0,10.8,01.06.2026 10:00:00,Zgoščen promet
,Unec - Logatec (p)8881204.25.701.06.2026 10:00:00Povečan promet,Unec - Logatec (p),888,120,4.2,5.7,01.06.2026 10:00:00,Povečan promet
AC-A2,R KosezeBrdo-KR (v)768975.18.001.06.2026 10:00:00Povečan promet,Brdo-KR (v),768,97,5.1,8.0,01.06.2026 10:00:00,Povečan promet
,Brdo-KR (p)5641156.14.301.06.2026 10:00:00Povečan promet,Brdo-KR (p),564,115,6.1,4.3,01.06.2026 10:00:00,Povečan promet
,KR-Brdo (v)984934.010.201.06.2026 10:00:00Zgoščen promet,KR-Brdo (v),984,93,4.0,10.2,01.06.2026 10:00:00,Zgoščen promet
,KR-Brdo (p)8521134.86.501.06.2026 10:00:00Povečan promet,KR-Brdo (p),852,113,4.8,6.5,01.06.2026 10:00:00,Povečan promet
,KR-LJsev (v)420727.65.401.06.2026 10:00:00Normalen promet,KR-LJsev (v),420,72,7.6,5.4,01.06.2026 10:00:00,Normalen promet
,KR-LJsev (p)1279166.30.101.06.2026 10:00:00Normalen promet,KR-LJsev (p),12,79,166.3,0.1,01.06.2026 10:00:00,Normalen promet
,LJsev-KR396558.87.101.06.2026 10:00:00Normalen promet,LJsev-KR,396,55,8.8,7.1,01.06.2026 10:00:00,Normalen promet
AC-A2,Hrastje ACsmer LJ (v)840994.210.601.06.2026 10:00:00Zgoščen promet,smer LJ (v),840,99,4.2,10.6,01.06.2026 10:00:00,Zgoščen promet
,smer LJ (p)9121244.66.201.06.2026 10:00:00Povečan promet,smer LJ (p),912,124,4.6,6.2,01.06.2026 10:00:00,Povečan promet
,smer NM (v)7441025.17.601.06.2026 10:00:00Povečan promet,smer NM (v),744,102,5.1,7.6,01.06.2026 10:00:00,Povečan promet
,smer NM (p)5041206.63.601.06.2026 10:00:00Povečan promet,smer NM (p),504,120,6.6,3.6,01.06.2026 10:00:00,Povečan promet
AC-A2,R KozarjeKP-LJBrdo (v)720875.38.901.06.2026 10:00:00Povečan promet,KP-LJBrdo (v),720,87,5.3,8.9,01.06.2026 10:00:00,Povečan promet
,KP-LJBrdo (p)8041034.75.901.06.2026 10:00:00Povečan promet,KP-LJBrdo (p),804,103,4.7,5.9,01.06.2026 10:00:00,Povečan promet
,LJBrdo-KP (v)1428782.620.201.06.2026 10:00:00Zgoščen promet,LJBrdo-KP (v),1428,78,2.6,20.2,01.06.2026 10:00:00,Zgoščen promet
,LJBrdo-KP (p)612956.26.001.06.2026 10:00:00Povečan promet,LJBrdo-KP (p),612,95,6.2,6.0,01.06.2026 10:00:00,Povečan promet
,LJBrdo-LJjug (v)696885.47.901.06.2026 10:00:00Povečan promet,LJBrdo-LJjug (v),696,88,5.4,7.9,01.06.2026 10:00:00,Povečan promet
,LJBrdo-LJjug (p)5161066.94.001.06.2026 10:00:00Povečan promet,LJBrdo-LJjug (p),516,106,6.9,4.0,01.06.2026 10:00:00,Povečan promet
,LJjug-LJBrdo (v)1212882.912.101.06.2026 10:00:00Povečan promet,LJjug-LJBrdo (v),1212,88,2.9,12.1,01.06.2026 10:00:00,Povečan promet
,LJjug-LJBrdo (p)22811720.61.601.06.2026 10:00:00Normalen promet,LJjug-LJBrdo (p),228,117,20.6,1.6,01.06.2026 10:00:00,Normalen promet
AC-A2,R MalenceLJjug-NM (v)000.00.001.06.2026 10:00:00Ni podatka,LJjug-NM (v),0,0,0.0,0.0,01.06.2026 10:00:00,Ni podatka
,LJjug-NM (p)000.00.001.06.2026 10:00:00Ni prometa,LJjug-NM (p),0,0,0.0,0.0,01.06.2026 10:00:00,Ni prometa
,NM-LJjug (v)780894.99.501.06.2026 10:00:00Povečan promet,NM-LJjug (v),780,89,4.9,9.5,01.06.2026 10:00:00,Povečan promet
,NM-LJjug (p)4801137.83.501.06.2026 10:00:00Normalen promet,NM-LJjug (p),480,113,7.8,3.5,01.06.2026 10:00:00,Normalen promet
AC-A2,Novo mesto vzhodsmer HR (Obrežje) (v)5041057.45.501.06.2026 10:00:00Povečan promet,smer HR (Obrežje) (v),504,105,7.4,5.5,01.06.2026 10:00:00,Povečan promet
,smer HR (Obrežje) (p)36013510.92.201.06.2026 10:00:00Normalen promet,smer HR (Obrežje) (p),360,135,10.9,2.2,01.06.2026 10:00:00,Normalen promet
,smer NM (v)6481055.57.701.06.2026 10:00:00Povečan promet,smer NM (v),648,105,5.5,7.7,01.06.2026 10:00:00,Povečan promet
,smer NM (p)3841289.82.501.06.2026 10:00:00Normalen promet,smer NM (p),384,128,9.8,2.5,01.06.2026 10:00:00,Normalen promet
AC-A2,Voklo ACsmer Karavanke (v)828904.310.601.06.2026 10:00:00Zgoščen promet,smer Karavanke (v),828,90,4.3,10.6,01.06.2026 10:00:00,Zgoščen promet
,smer Karavanke (p)8401084.85.601.06.2026 10:00:00Povečan promet,smer Karavanke (p),840,108,4.8,5.6,01.06.2026 10:00:00,Povečan promet
,smer LJ (v)1020913.310.901.06.2026 10:00:00Zgoščen promet,smer LJ (v),1020,91,3.3,10.9,01.06.2026 10:00:00,Zgoščen promet
,smer LJ (p)8161074.36.201.06.2026 10:00:00Povečan promet,smer LJ (p),816,107,4.3,6.2,01.06.2026 10:00:00,Povečan promet
AC-A2,Kranj Z-Kranj Vsmer Karavanke (v)552896.44.101.06.2026 10:00:00Povečan promet,smer Karavanke (v),552,89,6.4,4.1,01.06.2026 10:00:00,Povečan promet
,smer Karavanke (p)804814.27.401.06.2026 10:00:00Povečan promet,smer Karavanke (p),804,81,4.2,7.4,01.06.2026 10:00:00,Povečan promet
,smer LJ (v)000.00.001.06.2026 10:00:00Ni podatka,smer LJ (v),0,0,0.0,0.0,01.06.2026 10:00:00,Ni podatka
,smer LJ (p)000.00.001.06.2026 10:00:00Ni podatka,smer LJ (p),0,0,0.0,0.0,01.06.2026 10:00:00,Ni podatka
AC-A2,Ljubno ACsmer Karavanke (v)732995.09.001.06.2026 10:00:00Povečan promet,smer Karavanke (v),732,99,5.0,9.0,01.06.2026 10:00:00,Povečan promet
,smer Karavanke (p)6361205.54.501.06.2026 10:00:00Povečan promet,smer Karavanke (p),636,120,5.5,4.5,01.06.2026 10:00:00,Povečan promet
,smer LJ (v)8161084.67.101.06.2026 10:00:00Povečan promet,smer LJ (v),816,108,4.6,7.1,01.06.2026 10:00:00,Povečan promet
,smer LJ (p)5521287.03.501.06.2026 10:00:00Povečan promet,smer LJ (p),552,128,7.0,3.5,01.06.2026 10:00:00,Povečan promet
AC-A2,Brezje ACsmer Karavanke (v)7801015.09.401.06.2026 10:00:00Povečan promet,smer Karavanke (v),780,101,5.0,9.4,01.06.2026 10:00:00,Povečan promet
,smer Karavanke (p)6361215.04.401.06.2026 10:00:00Povečan promet,smer Karavanke (p),636,121,5.0,4.4,01.06.2026 10:00:00,Povečan promet
,smer LJ (v)9241114.17.201.06.2026 10:00:00Povečan promet,smer LJ (v),924,111,4.1,7.2,01.06.2026 10:00:00,Povečan promet
,smer LJ (p)4561338.22.801.06.2026 10:00:00Normalen promet,smer LJ (p),456,133,8.2,2.8,01.06.2026 10:00:00,Normalen promet
AC-A2,Radovljica ACsmer Karavanke (v)696995.68.001.06.2026 10:00:00Povečan promet,smer Karavanke (v),696,99,5.6,8.0,01.06.2026 10:00:00,Povečan promet
,smer Karavanke (p)5761287.13.701.06.2026 10:00:00Povečan promet,smer Karavanke (p),576,128,7.1,3.7,01.06.2026 10:00:00,Povečan promet
,smer LJ (v)7321005.27.601.06.2026 10:00:00Povečan promet,smer LJ (v),732,100,5.2,7.6,01.06.2026 10:00:00,Povečan promet
,smer LJ (p)6961165.55.001.06.2026 10:00:00Povečan promet,smer LJ (p),696,116,5.5,5.0,01.06.2026 10:00:00,Povečan promet
AC-A2,Jesenice V ACsmer Karavanke (v)4801038.04.801.06.2026 10:00:00Normalen promet,smer Karavanke (v),480,103,8.0,4.8,01.06.2026 10:00:00,Normalen promet
,smer Karavanke (p)4812679.90.301.06.2026 10:00:00Normalen promet,smer Karavanke (p),48,126,79.9,0.3,01.06.2026 10:00:00,Normalen promet
AC-A2,Podbrezje ACsmer Karavanke (po)2168118.63.901.06.2026 10:00:00Normalen promet,smer Karavanke (po),216,81,18.6,3.9,01.06.2026 10:00:00,Normalen promet
,smer Karavanke (v)8761024.18.001.06.2026 10:00:00Povečan promet,smer Karavanke (v),876,102,4.1,8.0,01.06.2026 10:00:00,Povečan promet
,smer Karavanke (p)6481205.54.501.06.2026 10:00:00Povečan promet,smer Karavanke (p),648,120,5.5,4.5,01.06.2026 10:00:00,Povečan promet
AC-A2,MP Obrežjesmer carina244856.80.401.06.2026 10:00:00Normalen promet,smer carina,24,48,56.8,0.4,01.06.2026 10:00:00,Normalen promet
,smer HR (Obrežje) (v)3247211.34.901.06.2026 10:00:00Normalen promet,smer HR (Obrežje) (v),324,72,11.3,4.9,01.06.2026 10:00:00,Normalen promet
,smer HR (Obrežje) (p)609848.20.501.06.2026 10:00:00Normalen promet,smer HR (Obrežje) (p),60,98,48.2,0.5,01.06.2026 10:00:00,Normalen promet
,smer HR (Obrežje) (v)1225398.30.501.06.2026 10:00:00Normalen promet,smer HR (Obrežje) (v),12,25,398.3,0.5,01.06.2026 10:00:00,Normalen promet
,smer HR (Obrežje) (p)3622380.31.401.06.2026 10:00:00Normalen promet,smer HR (Obrežje) (p),36,22,380.3,1.4,01.06.2026 10:00:00,Normalen promet
,smer LJ (v)396829.44.001.06.2026 10:00:00Normalen promet,smer LJ (v),396,82,9.4,4.0,01.06.2026 10:00:00,Normalen promet
,smer LJ (p)1209739.61.001.06.2026 10:00:00Normalen promet,smer LJ (p),120,97,39.6,1.0,01.06.2026 10:00:00,Normalen promet
,smer LJ1803518.59.401.06.2026 10:00:00Normalen promet,smer LJ,180,35,18.5,9.4,01.06.2026 10:00:00,Normalen promet
AC-A2,Čatež ACsmer HR (Obrežje) (v)4561077.84.801.06.2026 10:00:00Normalen promet,smer HR (Obrežje) (v),456,107,7.8,4.8,01.06.2026 10:00:00,Normalen promet
,smer HR (Obrežje) (p)10813622.40.601.06.2026 10:00:00Normalen promet,smer HR (Obrežje) (p),108,136,22.4,0.6,01.06.2026 10:00:00,Normalen promet
,smer LJ (v)4921027.26.601.06.2026 10:00:00Povečan promet,smer LJ (v),492,102,7.2,6.6,01.06.2026 10:00:00,Povečan promet
,smer LJ (p)21613216.21.301.06.2026 10:00:00Normalen promet,smer LJ (p),216,132,16.2,1.3,01.06.2026 10:00:00,Normalen promet
AC-A2,Višnja Gora ACIvančna Gorica - Višnja Gora (v)7921084.68.001.06.2026 10:00:00Zgoščen promet,Ivančna Gorica - Višnja Gora (v),792,108,4.6,8.0,01.06.2026 10:00:00,Zgoščen promet
,Ivančna Gorica - Višnja Gora (p)9241325.64.401.06.2026 10:00:00Povečan promet,Ivančna Gorica - Višnja Gora (p),924,132,5.6,4.4,01.06.2026 10:00:00,Povečan promet
,Višnja Gora - Ivančna Gorica (v)8281054.99.401.06.2026 10:00:00Zgoščen promet,Višnja Gora - Ivančna Gorica (v),828,105,4.9,9.4,01.06.2026 10:00:00,Zgoščen promet
,Višnja Gora - Ivančna Gorica (p)4561287.72.901.06.2026 10:00:00Normalen promet,Višnja Gora - Ivančna Gorica (p),456,128,7.7,2.9,01.06.2026 10:00:00,Normalen promet
AC-A2,Draga ACDobruška vas - Kronovo (v)5881146.25.101.06.2026 10:00:00Povečan promet,Dobruška vas - Kronovo (v),588,114,6.2,5.1,01.06.2026 10:00:00,Povečan promet
,Dobruška vas - Kronovo (p)26413413.41.501.06.2026 10:00:00Normalen promet,Dobruška vas - Kronovo (p),264,134,13.4,1.5,01.06.2026 10:00:00,Normalen promet
AC-A2,Šmarje Sap ACGrosuplje - Ljubljana (v)1128893.212.501.06.2026 10:00:00Zgoščen promet,Grosuplje - Ljubljana (v),1128,89,3.2,12.5,01.06.2026 10:00:00,Zgoščen promet
,Grosuplje - Ljubljana (p)9721054.37.101.06.2026 10:00:00Povečan promet,Grosuplje - Ljubljana (p),972,105,4.3,7.1,01.06.2026 10:00:00,Povečan promet
,Ljubljana - Grosuplje (v)1044913.411.701.06.2026 10:00:00Zgoščen promet,Ljubljana - Grosuplje (v),1044,91,3.4,11.7,01.06.2026 10:00:00,Zgoščen promet
,Ljubljana - Grosuplje (p)5281077.04.201.06.2026 10:00:00Povečan promet,Ljubljana - Grosuplje (p),528,107,7.0,4.2,01.06.2026 10:00:00,Povečan promet
AC-A2,Lipce ACLesce - Lipce (v)528966.85.101.06.2026 10:00:00Povečan promet,Lesce - Lipce (v),528,96,6.8,5.1,01.06.2026 10:00:00,Povečan promet
,Lesce - Lipce (p)6011160.40.401.06.2026 10:00:00Normalen promet,Lesce - Lipce (p),60,111,60.4,0.4,01.06.2026 10:00:00,Normalen promet
,Lipce - Lesce (v)780894.79.101.06.2026 10:00:00Zgoščen promet,Lipce - Lesce (v),780,89,4.7,9.1,01.06.2026 10:00:00,Zgoščen promet
,Lipce - Lesce (p)2649812.62.201.06.2026 10:00:00Normalen promet,Lipce - Lesce (p),264,98,12.6,2.2,01.06.2026 10:00:00,Normalen promet
AC-A2,Naklo ACsmer Karavanke (v)876964.09.501.06.2026 10:00:00Povečan promet,smer Karavanke (v),876,96,4.0,9.5,01.06.2026 10:00:00,Povečan promet
,smer Karavanke (p)6001155.64.401.06.2026 10:00:00Povečan promet,smer Karavanke (p),600,115,5.6,4.4,01.06.2026 10:00:00,Povečan promet
,smer LJ (v)1020883.711.501.06.2026 10:00:00Zgoščen promet,smer LJ (v),1020,88,3.7,11.5,01.06.2026 10:00:00,Zgoščen promet
,smer LJ (p)8161064.96.401.06.2026 10:00:00Povečan promet,smer LJ (p),816,106,4.9,6.4,01.06.2026 10:00:00,Povečan promet
AC-A2,Zagorica ACNovo Mesto - Trebnje (v)6961035.19.201.06.2026 10:00:00Zgoščen promet,Novo Mesto - Trebnje (v),696,103,5.1,9.2,01.06.2026 10:00:00,Zgoščen promet
,Novo Mesto - Trebnje (p)4201328.62.601.06.2026 10:00:00Normalen promet,Novo Mesto - Trebnje (p),420,132,8.6,2.6,01.06.2026 10:00:00,Normalen promet
,Trebnje - Novo Mesto (v)4441037.35.201.06.2026 10:00:00Povečan promet,Trebnje - Novo Mesto (v),444,103,7.3,5.2,01.06.2026 10:00:00,Povečan promet
,Trebnje - Novo Mesto (p)37212910.52.101.06.2026 10:00:00Normalen promet,Trebnje - Novo Mesto (p),372,129,10.5,2.1,01.06.2026 10:00:00,Normalen promet
AC-A2,Priključek Lesce-JeseniceIzvoz iz AC - Jesenice2045122.33.501.06.2026 10:00:00Normalen promet,Izvoz iz AC - Jesenice,204,51,22.3,3.5,01.06.2026 10:00:00,Normalen promet
,Izvoz iz AC - Kranj432518.37.901.06.2026 10:00:00Normalen promet,Izvoz iz AC - Kranj,432,51,8.3,7.9,01.06.2026 10:00:00,Normalen promet
,Uvoz na AC - Jesenice1445724.82.301.06.2026 10:00:00Normalen promet,Uvoz na AC - Jesenice,144,57,24.8,2.3,01.06.2026 10:00:00,Normalen promet
,Uvoz na AC - Kranj552536.29.001.06.2026 10:00:00Povečan promet,Uvoz na AC - Kranj,552,53,6.2,9.0,01.06.2026 10:00:00,Povečan promet
AC-A2,Kamna Gorica ACKoseze - Šentvid (v)1128913.111.201.06.2026 10:00:00Zgoščen promet,Koseze - Šentvid (v),1128,91,3.1,11.2,01.06.2026 10:00:00,Zgoščen promet
,Koseze - Šentvid (p)7561094.65.801.06.2026 10:00:00Povečan promet,Koseze - Šentvid (p),756,109,4.6,5.8,01.06.2026 10:00:00,Povečan promet
,Šentvid - Koseze (v)1320942.713.101.06.2026 10:00:00Zgoščen promet,Šentvid - Koseze (v),1320,94,2.7,13.1,01.06.2026 10:00:00,Zgoščen promet
,Šentvid - Koseze (p)8521184.46.101.06.2026 10:00:00Povečan promet,Šentvid - Koseze (p),852,118,4.4,6.1,01.06.2026 10:00:00,Povečan promet
AC-A2,Voglje ACBrnik - Vodice (v)000.00.001.06.2026 10:00:00Ni podatka,Brnik - Vodice (v),0,0,0.0,0.0,01.06.2026 10:00:00,Ni podatka
,Brnik - Vodice (p)000.00.001.06.2026 10:00:00Ni podatka,Brnik - Vodice (p),0,0,0.0,0.0,01.06.2026 10:00:00,Ni podatka
,Vodice - Brnik (v)972703.611.301.06.2026 10:00:00Zgoščen promet,Vodice - Brnik (v),972,70,3.6,11.3,01.06.2026 10:00:00,Zgoščen promet
,Vodice - Brnik (p)000.00.001.06.2026 10:00:00Ni prometa,Vodice - Brnik (p),0,0,0.0,0.0,01.06.2026 10:00:00,Ni prometa
AC-A2,Povodje ACLJ (Šmartno) - Vodice (v)000.00.001.06.2026 10:00:00Ni podatka,LJ (Šmartno) - Vodice (v),0,0,0.0,0.0,01.06.2026 10:00:00,Ni podatka
,LJ (Šmartno) - Vodice (p)000.00.001.06.2026 10:00:00Ni prometa,LJ (Šmartno) - Vodice (p),0,0,0.0,0.0,01.06.2026 10:00:00,Ni prometa
,Vodice - LJ (Šmartno) (v)936963.89.801.06.2026 10:00:00Zgoščen promet,Vodice - LJ (Šmartno) (v),936,96,3.8,9.8,01.06.2026 10:00:00,Zgoščen promet
,Vodice - LJ (Šmartno) (p)14041172.79.801.06.2026 10:00:00Zgoščen promet,Vodice - LJ (Šmartno) (p),1404,117,2.7,9.8,01.06.2026 10:00:00,Zgoščen promet
AC-A2,Bokalce ACBrdo - Kozarje (v)1728782.125.301.06.2026 10:00:00Gost promet,Brdo - Kozarje (v),1728,78,2.1,25.3,01.06.2026 10:00:00,Gost promet
,Brdo - Kozarje (p)17521002.615.201.06.2026 10:00:00Gost promet,Brdo - Kozarje (p),1752,100,2.6,15.2,01.06.2026 10:00:00,Gost promet
,Kozarje - Brdo (v)1404842.317.101.06.2026 10:00:00Zgoščen promet,Kozarje - Brdo (v),1404,84,2.3,17.1,01.06.2026 10:00:00,Zgoščen promet
,Kozarje - Brdo (p)15241073.012.101.06.2026 10:00:00Zgoščen promet,Kozarje - Brdo (p),1524,107,3.0,12.1,01.06.2026 10:00:00,Zgoščen promet
AC-A2,Dob ACBič - Ivančna Gorica (v)168647.43.601.06.2026 10:00:00Povečan promet,Bič - Ivančna Gorica (v),168,64,7.4,3.6,01.06.2026 10:00:00,Povečan promet
,Bič - Ivančna Gorica (p)168699.92.901.06.2026 10:00:00Zgoščen promet,Bič - Ivančna Gorica (p),168,69,9.9,2.9,01.06.2026 10:00:00,Zgoščen promet
,Ivančna Gorica - Bič (v)852654.312.801.06.2026 10:00:00Zgoščen promet,Ivančna Gorica - Bič (v),852,65,4.3,12.8,01.06.2026 10:00:00,Zgoščen promet
,Ivančna Gorica - Bič (p)2048619.72.001.06.2026 10:00:00Normalen promet,Ivančna Gorica - Bič (p),204,86,19.7,2.0,01.06.2026 10:00:00,Normalen promet
AC-A2,Priključek Drnovoizvoz Čatež1205336.61.901.06.2026 10:00:00Normalen promet,izvoz Čatež,120,53,36.6,1.9,01.06.2026 10:00:00,Normalen promet
,izvoz NM1325320.52.101.06.2026 10:00:00Normalen promet,izvoz NM,132,53,20.5,2.1,01.06.2026 10:00:00,Normalen promet
,uvoz Čatež1326131.82.201.06.2026 10:00:00Normalen promet,uvoz Čatež,132,61,31.8,2.2,01.06.2026 10:00:00,Normalen promet
,uvoz NM1925219.73.601.06.2026 10:00:00Normalen promet,uvoz NM,192,52,19.7,3.6,01.06.2026 10:00:00,Normalen promet
AC-A2,Drnovo ACDobruška vas - Drnovo (v)3841068.13.901.06.2026 10:00:00Normalen promet,Dobruška vas - Drnovo (v),384,106,8.1,3.9,01.06.2026 10:00:00,Normalen promet
,Dobruška vas - Drnovo (p)9613341.80.601.06.2026 10:00:00Normalen promet,Dobruška vas - Drnovo (p),96,133,41.8,0.6,01.06.2026 10:00:00,Normalen promet
,Prik. Drnovo - Smednik (v)5881046.16.801.06.2026 10:00:00Povečan promet,Prik. Drnovo - Smednik (v),588,104,6.1,6.8,01.06.2026 10:00:00,Povečan promet
,Prik. Drnovo - Smednik (p)3721249.92.301.06.2026 10:00:00Normalen promet,Prik. Drnovo - Smednik (p),372,124,9.9,2.3,01.06.2026 10:00:00,Normalen promet
AC-A3,Dane ACGabrk - Sežana vzhod (v)32410411.94.401.06.2026 10:00:00Normalen promet,Gabrk - Sežana vzhod (v),324,104,11.9,4.4,01.06.2026 10:00:00,Normalen promet
,Gabrk - Sežana vzhod (p)6013555.80.301.06.2026 10:00:00Normalen promet,Gabrk - Sežana vzhod (p),60,135,55.8,0.3,01.06.2026 10:00:00,Normalen promet
,Sežana vzhod - Gabrk (v)2289816.23.401.06.2026 10:00:00Normalen promet,Sežana vzhod - Gabrk (v),228,98,16.2,3.4,01.06.2026 10:00:00,Normalen promet
,Sežana vzhod - Gabrk (p)12012634.60.701.06.2026 10:00:00Normalen promet,Sežana vzhod - Gabrk (p),120,126,34.6,0.7,01.06.2026 10:00:00,Normalen promet
AC-A4,Podlehniksmer HR (Gruškovje) (v)4441078.05.101.06.2026 10:00:00Normalen promet,smer HR (Gruškovje) (v),444,107,8.0,5.1,01.06.2026 10:00:00,Normalen promet
,smer HR (Gruskovje) (p)18013121.71.101.06.2026 10:00:00Normalen promet,smer HR (Gruskovje) (p),180,131,21.7,1.1,01.06.2026 10:00:00,Normalen promet
,smer MB (v)33610910.83.901.06.2026 10:00:00Normalen promet,smer MB (v),336,109,10.8,3.9,01.06.2026 10:00:00,Normalen promet
,smer MB (p)14413524.90.901.06.2026 10:00:00Normalen promet,smer MB (p),144,135,24.9,0.9,01.06.2026 10:00:00,Normalen promet
AC-A4,Gruškovjesmer HR (MP Gruškovje) (v)480787.75.401.06.2026 10:00:00Normalen promet,smer HR (MP Gruškovje) (v),480,78,7.7,5.4,01.06.2026 10:00:00,Normalen promet
,smer HR (MP Gruškovje) (p)608057.70.601.06.2026 10:00:00Normalen promet,smer HR (MP Gruškovje) (p),60,80,57.7,0.6,01.06.2026 10:00:00,Normalen promet
,smer MB (v)408709.96.501.06.2026 10:00:00Normalen promet,smer MB (v),408,70,9.9,6.5,01.06.2026 10:00:00,Normalen promet
,smer MB (p)728866.70.601.06.2026 10:00:00Normalen promet,smer MB (p),72,88,66.7,0.6,01.06.2026 10:00:00,Normalen promet
AC-A4,Prepolje ACHajdina - Slivnica (v)5881025.68.201.06.2026 10:00:00Povečan promet,Hajdina - Slivnica (v),588,102,5.6,8.2,01.06.2026 10:00:00,Povečan promet
,Hajdina - Slivnica (p)3961298.72.501.06.2026 10:00:00Normalen promet,Hajdina - Slivnica (p),396,129,8.7,2.5,01.06.2026 10:00:00,Normalen promet
,Slivnica - Hajdina (v)5401016.75.401.06.2026 10:00:00Povečan promet,Slivnica - Hajdina (v),540,101,6.7,5.4,01.06.2026 10:00:00,Povečan promet
,Slivnica - Hajdina (p)36012410.52.601.06.2026 10:00:00Normalen promet,Slivnica - Hajdina (p),360,124,10.5,2.6,01.06.2026 10:00:00,Normalen promet
AC-A5,Dolinsko ACsmer HUN (Pince) (v)26410012.53.301.06.2026 10:00:00Normalen promet,smer HUN (Pince) (v),264,100,12.5,3.3,01.06.2026 10:00:00,Normalen promet
,smer HUN (Pince) (p)36127115.20.201.06.2026 10:00:00Normalen promet,smer HUN (Pince) (p),36,127,115.2,0.2,01.06.2026 10:00:00,Normalen promet
,smer MB  (v)33610510.73.701.06.2026 10:00:00Normalen promet,smer MB  (v),336,105,10.7,3.7,01.06.2026 10:00:00,Normalen promet
,smer MB (p)9612040.30.701.06.2026 10:00:00Normalen promet,smer MB (p),96,120,40.3,0.7,01.06.2026 10:00:00,Normalen promet
AC-A5,Mostje ACsmer HUN (Pince) (v)12011227.10.901.06.2026 10:00:00Normalen promet,smer HUN (Pince) (v),120,112,27.1,0.9,01.06.2026 10:00:00,Normalen promet
,smer HUN (Pince) (p)36148179.80.201.06.2026 10:00:00Normalen promet,smer HUN (Pince) (p),36,148,179.8,0.2,01.06.2026 10:00:00,Normalen promet
,smer MB (v)21610315.22.901.06.2026 10:00:00Normalen promet,smer MB (v),216,103,15.2,2.9,01.06.2026 10:00:00,Normalen promet
,smer MB (p)6011853.70.401.06.2026 10:00:00Normalen promet,smer MB (p),60,118,53.7,0.4,01.06.2026 10:00:00,Normalen promet
AC-A5,Zamarkova ACsmer HUN (Pince) (v)636985.46.201.06.2026 10:00:00Povečan promet,smer HUN (Pince) (v),636,98,5.4,6.2,01.06.2026 10:00:00,Povečan promet
,smer HUN (Pince) (p)7212830.10.401.06.2026 10:00:00Normalen promet,smer HUN (Pince) (p),72,128,30.1,0.4,01.06.2026 10:00:00,Normalen promet
AC-A5,Lormanje ACsmer HUN (Pince) (v)396999.34.601.06.2026 10:00:00Povečan promet,smer HUN (Pince) (v),396,99,9.3,4.6,01.06.2026 10:00:00,Povečan promet
,smer HUN (Pince) (p)19212323.50.901.06.2026 10:00:00Normalen promet,smer HUN (Pince) (p),192,123,23.5,0.9,01.06.2026 10:00:00,Normalen promet
,smer MB (v)396998.15.501.06.2026 10:00:00Normalen promet,smer MB (v),396,99,8.1,5.5,01.06.2026 10:00:00,Normalen promet
,smer MB (p)19211816.61.401.06.2026 10:00:00Normalen promet,smer MB (p),192,118,16.6,1.4,01.06.2026 10:00:00,Normalen promet
AC-A5,Brengova ACsmer HUN (Pince) (v)432998.25.001.06.2026 10:00:00Normalen promet,smer HUN (Pince) (v),432,99,8.2,5.0,01.06.2026 10:00:00,Normalen promet
,smer HUN (Pince) (p)9611944.00.701.06.2026 10:00:00Normalen promet,smer HUN (Pince) (p),96,119,44.0,0.7,01.06.2026 10:00:00,Normalen promet
,smer MB (v)37210710.33.601.06.2026 10:00:00Normalen promet,smer MB (v),372,107,10.3,3.6,01.06.2026 10:00:00,Normalen promet
,smer MB (p)21613015.91.401.06.2026 10:00:00Normalen promet,smer MB (p),216,130,15.9,1.4,01.06.2026 10:00:00,Normalen promet
AC-A5,Cenkova ACsmer HUN (Pince) (v)3961059.24.201.06.2026 10:00:00Normalen promet,smer HUN (Pince) (v),396,105,9.2,4.2,01.06.2026 10:00:00,Normalen promet
,smer HUN (Pince) (p)9613236.90.601.06.2026 10:00:00Normalen promet,smer HUN (Pince) (p),96,132,36.9,0.6,01.06.2026 10:00:00,Normalen promet
,smer MB (v)5521046.65.901.06.2026 10:00:00Povečan promet,smer MB (v),552,104,6.6,5.9,01.06.2026 10:00:00,Povečan promet
,smer MB (p)18012920.41.101.06.2026 10:00:00Normalen promet,smer MB (p),180,129,20.4,1.1,01.06.2026 10:00:00,Normalen promet
AC-A5,Dragotinci ACsmer MB (v)3601069.73.801.06.2026 10:00:00Normalen promet,smer MB (v),360,106,9.7,3.8,01.06.2026 10:00:00,Normalen promet
,smer MB (p)6013155.10.301.06.2026 10:00:00Normalen promet,smer MB (p),60,131,55.1,0.3,01.06.2026 10:00:00,Normalen promet
AC-A5,Gančani ACsmer HUN (Pince) (v)26410212.23.001.06.2026 10:00:00Normalen promet,smer HUN (Pince) (v),264,102,12.2,3.0,01.06.2026 10:00:00,Normalen promet
,smer HUN (Pince) (p)36114112.60.201.06.2026 10:00:00Normalen promet,smer HUN (Pince) (p),36,114,112.6,0.2,01.06.2026 10:00:00,Normalen promet
AC-A5,Pince ACsmer HUN (Pince) (p)2887012.65.101.06.2026 10:00:00Normalen promet,smer HUN (Pince) (p),288,70,12.6,5.1,01.06.2026 10:00:00,Normalen promet
,smer HUN (Pince) (v)1445623.94.101.06.2026 10:00:00Gost promet z zastoji,smer HUN (Pince) (v),144,56,23.9,4.1,01.06.2026 10:00:00,Gost promet z zastoji
AC-A5,Vučja vas ACsmer HUN (Pince) (v)3961059.64.101.06.2026 10:00:00Normalen promet,smer HUN (Pince) (v),396,105,9.6,4.1,01.06.2026 10:00:00,Normalen promet
,smer HUN (Pince) (p)7211843.90.501.06.2026 10:00:00Normalen promet,smer HUN (Pince) (p),72,118,43.9,0.5,01.06.2026 10:00:00,Normalen promet
,smer MB (v)37210010.14.501.06.2026 10:00:00Normalen promet,smer MB (v),372,100,10.1,4.5,01.06.2026 10:00:00,Normalen promet
,smer MB (p)9611742.20.601.06.2026 10:00:00Normalen promet,smer MB (p),96,117,42.2,0.6,01.06.2026 10:00:00,Normalen promet
AC-A5,Dragučova ACsmer HUN (Pince) (v)5521046.65.401.06.2026 10:00:00Povečan promet,smer HUN (Pince) (v),552,104,6.6,5.4,01.06.2026 10:00:00,Povečan promet
,smer HUN (Pince) (p)24012515.11.601.06.2026 10:00:00Normalen promet,smer HUN (Pince) (p),240,125,15.1,1.6,01.06.2026 10:00:00,Normalen promet
,smer MB (v)6001056.37.101.06.2026 10:00:00Povečan promet,smer MB (v),600,105,6.3,7.1,01.06.2026 10:00:00,Povečan promet
,smer MB (p)22812616.01.401.06.2026 10:00:00Normalen promet,smer MB (p),228,126,16.0,1.4,01.06.2026 10:00:00,Normalen promet
AC-A5,Priključek Pernicaizvoz MB3645107.60.601.06.2026 10:00:00Normalen promet,izvoz MB,36,45,107.6,0.6,01.06.2026 10:00:00,Normalen promet
,izvoz MS2440156.20.401.06.2026 10:00:00Normalen promet,izvoz MS,24,40,156.2,0.4,01.06.2026 10:00:00,Normalen promet
,uvoz MB000.00.001.06.2026 10:00:00Normalen promet,uvoz MB,0,0,0.0,0.0,01.06.2026 10:00:00,Normalen promet
,uvoz MS2432389.00.601.06.2026 10:00:00Normalen promet,uvoz MS,24,32,389.0,0.6,01.06.2026 10:00:00,Normalen promet
AC-A5,Priključek Vučja vasIzvoz iz MS484663.11.501.06.2026 10:00:00Normalen promet,Izvoz iz MS,48,46,63.1,1.5,01.06.2026 10:00:00,Normalen promet
,Izvoz MB724438.02.101.06.2026 10:00:00Normalen promet,Izvoz MB,72,44,38.0,2.1,01.06.2026 10:00:00,Normalen promet
,Uvoz MS484871.70.801.06.2026 10:00:00Normalen promet,Uvoz MS,48,48,71.7,0.8,01.06.2026 10:00:00,Normalen promet
,Uvoz proti MB965045.51.701.06.2026 10:00:00Normalen promet,Uvoz proti MB,96,50,45.5,1.7,01.06.2026 10:00:00,Normalen promet
AC-A5,Lendava ACDolga vas - Lendava (v)1567225.51.701.06.2026 10:00:00Normalen promet,Dolga vas - Lendava (v),156,72,25.5,1.7,01.06.2026 10:00:00,Normalen promet
,Dolga vas - Lendava (p)846144.12.001.06.2026 10:00:00Gost promet z zastoji,Dolga vas - Lendava (p),84,61,44.1,2.0,01.06.2026 10:00:00,Gost promet z zastoji
,Lendava - Dolga vas (v)000.00.001.06.2026 10:00:00Ni podatka,Lendava - Dolga vas (v),0,0,0.0,0.0,01.06.2026 10:00:00,Ni podatka
,Lendava - Dolga vas (p)000.00.001.06.2026 10:00:00Ni podatka,Lendava - Dolga vas (p),0,0,0.0,0.0,01.06.2026 10:00:00,Ni podatka
AC-A5,Priključek Lendavaizvoz MS1204522.22.101.06.2026 10:00:00Normalen promet,izvoz MS,120,45,22.2,2.1,01.06.2026 10:00:00,Normalen promet
,izvoz Pince000.00.001.06.2026 10:00:00Ni podatka,izvoz Pince,0,0,0.0,0.0,01.06.2026 10:00:00,Ni podatka
,uvoz MS000.00.001.06.2026 10:00:00Ni podatka,uvoz MS,0,0,0.0,0.0,01.06.2026 10:00:00,Ni podatka
,uvoz Pince2432140.20.901.06.2026 10:00:00Normalen promet,uvoz Pince,24,32,140.2,0.9,01.06.2026 10:00:00,Normalen promet
AC-A5,Priključek Murska Sobotaizvoz Lendava484574.01.101.06.2026 10:00:00Normalen promet,izvoz Lendava,48,45,74.0,1.1,01.06.2026 10:00:00,Normalen promet
,izvoz MB2164517.25.201.06.2026 10:00:00Normalen promet,izvoz MB,216,45,17.2,5.2,01.06.2026 10:00:00,Normalen promet
,uvoz Lendava484965.91.501.06.2026 10:00:00Normalen promet,uvoz Lendava,48,49,65.9,1.5,01.06.2026 10:00:00,Normalen promet
,uvoz MB2044815.94.101.06.2026 10:00:00Normalen promet,uvoz MB,204,48,15.9,4.1,01.06.2026 10:00:00,Normalen promet
HC-H2,Maribor HCMaribor - Tezno (v)840824.68.401.06.2026 10:00:00Povečan promet,Maribor - Tezno (v),840,82,4.6,8.4,01.06.2026 10:00:00,Povečan promet
,Maribor - Tezno (p)16810621.31.301.06.2026 10:00:00Normalen promet,Maribor - Tezno (p),168,106,21.3,1.3,01.06.2026 10:00:00,Normalen promet
,Tezno - Maribor (v)792804.78.801.06.2026 10:00:00Povečan promet,Tezno - Maribor (v),792,80,4.7,8.8,01.06.2026 10:00:00,Povečan promet
,Tezno - Maribor (p)3129411.72.601.06.2026 10:00:00Normalen promet,Tezno - Maribor (p),312,94,11.7,2.6,01.06.2026 10:00:00,Normalen promet
HC-H2,Meljska HCMaribor - Pesnica (v)2647614.32.501.06.2026 10:00:00Normalen promet,Maribor - Pesnica (v),264,76,14.3,2.5,01.06.2026 10:00:00,Normalen promet
,Maribor - Pesnica (p)780775.96.801.06.2026 10:00:00Normalen promet,Maribor - Pesnica (p),780,77,5.9,6.8,01.06.2026 10:00:00,Normalen promet
,Pesnica - Maribor (v)2287314.92.801.06.2026 10:00:00Normalen promet,Pesnica - Maribor (v),228,73,14.9,2.8,01.06.2026 10:00:00,Normalen promet
,Pesnica - Maribor (p)348819.74.001.06.2026 10:00:00Normalen promet,Pesnica - Maribor (p),348,81,9.7,4.0,01.06.2026 10:00:00,Normalen promet
HC-H3,R KosezeBrdo-LJsev (v)1020864.110.801.06.2026 10:00:00Zgoščen promet,Brdo-LJsev (v),1020,86,4.1,10.8,01.06.2026 10:00:00,Zgoščen promet
,Brdo-LJsev (p)7321064.95.601.06.2026 10:00:00Povečan promet,Brdo-LJsev (p),732,106,4.9,5.6,01.06.2026 10:00:00,Povečan promet
,LJsev-Brdo (v)960914.311.201.06.2026 10:00:00Gost promet,LJsev-Brdo (v),960,91,4.3,11.2,01.06.2026 10:00:00,Gost promet
,LJsev-Brdo (p)8641074.36.601.06.2026 10:00:00Gost promet,LJsev-Brdo (p),864,107,4.3,6.6,01.06.2026 10:00:00,Gost promet
HC-H3,LJ Podutikizvoz iz KR966639.41.201.06.2026 10:00:00Normalen promet,izvoz iz KR,96,66,39.4,1.2,01.06.2026 10:00:00,Normalen promet
HC-H3,LJ (S obvoznica)LJ (Celovška - Dunajska) (v)1272853.014.801.06.2026 10:00:00Zgoščen promet,LJ (Celovška - Dunajska) (v),1272,85,3.0,14.8,01.06.2026 10:00:00,Zgoščen promet
,LJ (Celovška - Dunajska) (p)11761102.88.801.06.2026 10:00:00Zgoščen promet,LJ (Celovška - Dunajska) (p),1176,110,2.8,8.8,01.06.2026 10:00:00,Zgoščen promet
HC-H3,"LJ (Dravlje HC)LJ, Celovška - Koseze (v)1176833.314.701.06.2026 10:00:00Zgoščen promet","LJ, Celovška - Koseze (v)",1176,83,3.3,14.7,01.06.2026 10:00:00,Zgoščen promet
,"LJ, Celovška - Koseze (p)10321023.78.201.06.2026 10:00:00Zgoščen promet","LJ, Celovška - Koseze (p)",1032,102,3.7,8.2,01.06.2026 10:00:00,Zgoščen promet
HC-H3,S Obvoznica BTC HCsmer Koseze (v)948933.610.301.06.2026 10:00:00Zgoščen promet,smer Koseze (v),948,93,3.6,10.3,01.06.2026 10:00:00,Zgoščen promet
,smer Koseze (p)7321144.65.301.06.2026 10:00:00Povečan promet,smer Koseze (p),732,114,4.6,5.3,01.06.2026 10:00:00,Povečan promet
,smer Zadobrova (v)828954.89.701.06.2026 10:00:00Povečan promet,smer Zadobrova (v),828,95,4.8,9.7,01.06.2026 10:00:00,Povečan promet
,smer Zadobrova (p)5281166.33.701.06.2026 10:00:00Povečan promet,smer Zadobrova (p),528,116,6.3,3.7,01.06.2026 10:00:00,Povečan promet
HC-H3,PR BTC Leskoškova 0198izvoz R.Zadobrova krak A  (d)420758.34.301.06.2026 10:00:00Normalen promet,izvoz R.Zadobrova krak A  (d),420,75,8.3,4.3,01.06.2026 10:00:00,Normalen promet
,izvoz R.Zadobrova krak A (l)3128211.33.201.06.2026 10:00:00Normalen promet,izvoz R.Zadobrova krak A (l),312,82,11.3,3.2,01.06.2026 10:00:00,Normalen promet
,uvoz R.Zadobrova krak D (d)1086930.21.201.06.2026 10:00:00Normalen promet,uvoz R.Zadobrova krak D (d),108,69,30.2,1.2,01.06.2026 10:00:00,Normalen promet
,uvoz R.Zadobrova krak D (l)1207427.21.501.06.2026 10:00:00Normalen promet,uvoz R.Zadobrova krak D (l),120,74,27.2,1.5,01.06.2026 10:00:00,Normalen promet
,uvoz R.Zadobrova krak E1204722.12.901.06.2026 10:00:00Normalen promet,uvoz R.Zadobrova krak E,120,47,22.1,2.9,01.06.2026 10:00:00,Normalen promet
HC-H4,Priključek Vipavaizvoz iz NG723434.01.701.06.2026 10:00:00Normalen promet,izvoz iz NG,72,34,34.0,1.7,01.06.2026 10:00:00,Normalen promet
,izvoz iz Razdrto603958.01.501.06.2026 10:00:00Normalen promet,izvoz iz Razdrto,60,39,58.0,1.5,01.06.2026 10:00:00,Normalen promet
,uvoz proti NG724444.91.401.06.2026 10:00:00Normalen promet,uvoz proti NG,72,44,44.9,1.4,01.06.2026 10:00:00,Normalen promet
,uvoz proti Razdrto484073.01.001.06.2026 10:00:00Normalen promet,uvoz proti Razdrto,48,40,73.0,1.0,01.06.2026 10:00:00,Normalen promet
HC-H4,Počivališče Mlake Severuvoz počivališče843144.52.501.06.2026 10:00:00Normalen promet,uvoz počivališče,84,31,44.5,2.5,01.06.2026 10:00:00,Normalen promet
HC-H4,Ajdovščina ACsmer NG (v)576986.47.001.06.2026 10:00:00Povečan promet,smer NG (v),576,98,6.4,7.0,01.06.2026 10:00:00,Povečan promet
,smer NG (p)13211919.20.901.06.2026 10:00:00Normalen promet,smer NG (p),132,119,19.2,0.9,01.06.2026 10:00:00,Normalen promet
,smer PO (v)420958.14.801.06.2026 10:00:00Normalen promet,smer PO (v),420,95,8.1,4.8,01.06.2026 10:00:00,Normalen promet
,smer PO (p)9612033.80.601.06.2026 10:00:00Normalen promet,smer PO (p),96,120,33.8,0.6,01.06.2026 10:00:00,Normalen promet
HC-H4,MT Vrtojbasmer I (v)2285014.85.001.06.2026 10:00:00Normalen promet,smer I (v),228,50,14.8,5.0,01.06.2026 10:00:00,Normalen promet
,smer I (p)000.00.001.06.2026 10:00:00Ni prometa,smer I (p),0,0,0.0,0.0,01.06.2026 10:00:00,Ni prometa
,smer LJ (v)1686020.43.001.06.2026 10:00:00Normalen promet,smer LJ (v),168,60,20.4,3.0,01.06.2026 10:00:00,Normalen promet
,smer LJ (p)12112547.80.101.06.2026 10:00:00Normalen promet,smer LJ (p),12,112,547.8,0.1,01.06.2026 10:00:00,Normalen promet
HC-H4,Bazara HCŠempeter - Vogrsko (v)19211618.61.701.06.2026 10:00:00Normalen promet,Šempeter - Vogrsko (v),192,116,18.6,1.7,01.06.2026 10:00:00,Normalen promet
,Šempeter - Vogrsko (p)4812073.60.301.06.2026 10:00:00Normalen promet,Šempeter - Vogrsko (p),48,120,73.6,0.3,01.06.2026 10:00:00,Normalen promet
,Vogrsko - Šempeter (v)4681017.16.001.06.2026 10:00:00Normalen promet,Vogrsko - Šempeter (v),468,101,7.1,6.0,01.06.2026 10:00:00,Normalen promet
,Vogrsko - Šempeter (p)8412046.90.701.06.2026 10:00:00Normalen promet,Vogrsko - Šempeter (p),84,120,46.9,0.7,01.06.2026 10:00:00,Normalen promet
HC-H4,Dolga Poljanasmer NG (v)000.00.001.06.2026 10:00:00Ni prometa,smer NG (v),0,0,0.0,0.0,01.06.2026 10:00:00,Ni prometa
,smer NG (p)000.00.001.06.2026 10:00:00Ni prometa,smer NG (p),0,0,0.0,0.0,01.06.2026 10:00:00,Ni prometa
,smer PO (v)4081039.04.401.06.2026 10:00:00Normalen promet,smer PO (v),408,103,9.0,4.4,01.06.2026 10:00:00,Normalen promet
,smer PO (p)12012647.70.801.06.2026 10:00:00Normalen promet,smer PO (p),120,126,47.7,0.8,01.06.2026 10:00:00,Normalen promet
HC-H4,Priključek Seloizvoz iz NG482648.12.301.06.2026 10:00:00Normalen promet,izvoz iz NG,48,26,48.1,2.3,01.06.2026 10:00:00,Normalen promet
,izvoz iz PO483981.50.901.06.2026 10:00:00Normalen promet,izvoz iz PO,48,39,81.5,0.9,01.06.2026 10:00:00,Normalen promet
,uvoz proti NG843742.81.801.06.2026 10:00:00Normalen promet,uvoz proti NG,84,37,42.8,1.8,01.06.2026 10:00:00,Normalen promet
,uvoz proti PO2437150.90.501.06.2026 10:00:00Normalen promet,uvoz proti PO,24,37,150.9,0.5,01.06.2026 10:00:00,Normalen promet
HC-H4,Šempeter HCsmer I (v)2168616.13.201.06.2026 10:00:00Normalen promet,smer I (v),216,86,16.1,3.2,01.06.2026 10:00:00,Normalen promet
,smer I (p)000.00.001.06.2026 10:00:00Normalen promet,smer I (p),0,0,0.0,0.0,01.06.2026 10:00:00,Normalen promet
,smer LJ (v)1207725.52.401.06.2026 10:00:00Normalen promet,smer LJ (v),120,77,25.5,2.4,01.06.2026 10:00:00,Normalen promet
,smer LJ (p)12147219.00.101.06.2026 10:00:00Normalen promet,smer LJ (p),12,147,219.0,0.1,01.06.2026 10:00:00,Normalen promet
HC-H4,Razcep NanosIzvoz iz KP845835.81.401.06.2026 10:00:00Normalen promet,Izvoz iz KP,84,58,35.8,1.4,01.06.2026 10:00:00,Normalen promet
,Uvoz LJ (v)2407814.64.901.06.2026 10:00:00Normalen promet,Uvoz LJ (v),240,78,14.6,4.9,01.06.2026 10:00:00,Normalen promet
,Uvoz LJ (p)4810825.90.401.06.2026 10:00:00Normalen promet,Uvoz LJ (p),48,108,25.9,0.4,01.06.2026 10:00:00,Normalen promet
HC-H5,Bertoki HCBertoki - Koper (v)1176832.812.201.06.2026 10:00:00Povečan promet,Bertoki - Koper (v),1176,83,2.8,12.2,01.06.2026 10:00:00,Povečan promet
,Bertoki - Koper (p)7081045.75.601.06.2026 10:00:00Povečan promet,Bertoki - Koper (p),708,104,5.7,5.6,01.06.2026 10:00:00,Povečan promet
HC-H5,Škofije HCŠkofije - Srmin (v)588885.85.901.06.2026 10:00:00Povečan promet,Škofije - Srmin (v),588,88,5.8,5.9,01.06.2026 10:00:00,Povečan promet
,Škofije - Srmin (p)16811422.31.201.06.2026 10:00:00Normalen promet,Škofije - Srmin (p),168,114,22.3,1.2,01.06.2026 10:00:00,Normalen promet
,Srmin - Škofije (v)492827.06.201.06.2026 10:00:00Normalen promet,Srmin - Škofije (v),492,82,7.0,6.2,01.06.2026 10:00:00,Normalen promet
,Srmin - Škofije (p)8410638.50.501.06.2026 10:00:00Normalen promet,Srmin - Škofije (p),84,106,38.5,0.5,01.06.2026 10:00:00,Normalen promet
HC-H5,Priključek Plavjeizvoz iz KP362743.41.201.06.2026 10:00:00Normalen promet,izvoz iz KP,36,27,43.4,1.2,01.06.2026 10:00:00,Normalen promet
,uvoz proti Italiji843549.91.801.06.2026 10:00:00Normalen promet,uvoz proti Italiji,84,35,49.9,1.8,01.06.2026 10:00:00,Normalen promet
G1-102,Logatec 2CP Logatec - Logatec336409.48.601.06.2026 09:55:00Povečan promet,CP Logatec - Logatec,336,40,9.4,8.6,01.06.2026 09:55:00,Povečan promet
,Logatec - CP Logatec2764612.14.901.06.2026 09:55:00Normalen promet,Logatec - CP Logatec,276,46,12.1,4.9,01.06.2026 09:55:00,Normalen promet
G1-11,KoperKoper - Šmarje756554.011.501.06.2026 09:55:00Povečan promet,Koper - Šmarje,756,55,4.0,11.5,01.06.2026 09:55:00,Povečan promet
,Šmarje - Koper1044472.718.501.06.2026 09:55:00Gost promet,Šmarje - Koper,1044,47,2.7,18.5,01.06.2026 09:55:00,Gost promet
G1-11,PesjanciDragonja - Šmarje852653.611.001.06.2026 09:55:00Povečan promet,Dragonja - Šmarje,852,65,3.6,11.0,01.06.2026 09:55:00,Povečan promet
,Šmarje - Dragonja456706.35.301.06.2026 09:55:00Povečan promet,Šmarje - Dragonja,456,70,6.3,5.3,01.06.2026 09:55:00,Povečan promet
G1-111,BelvederIzola - Lucija000.00.024.05.2026 23:10:00Ni podatka,Izola - Lucija,0,0,0.0,0.0,24.05.2026 23:10:00,Ni podatka
,Lucija - Izola000.00.024.05.2026 23:10:00Ni podatka,Lucija - Izola,0,0,0.0,0.0,24.05.2026 23:10:00,Ni podatka
G1-1,Maribor (Koroški most)Gosposvetska c. - Koroški most (v)336509.85.401.06.2026 09:55:00Normalen promet,Gosposvetska c. - Koroški most (v),336,50,9.8,5.4,01.06.2026 09:55:00,Normalen promet
,Gosposvetska c. - Koroški most (p)480527.07.301.06.2026 09:55:00Povečan promet,Gosposvetska c. - Koroški most (p),480,52,7.0,7.3,01.06.2026 09:55:00,Povečan promet
,Koroški most - Gosposvetska c. (v)600485.011.101.06.2026 10:00:00Povečan promet,Koroški most - Gosposvetska c. (v),600,48,5.0,11.1,01.06.2026 10:00:00,Povečan promet
,Koroški most - Gosposvetska c. (p)3006110.54.101.06.2026 10:00:00Normalen promet,Koroški most - Gosposvetska c. (p),300,61,10.5,4.1,01.06.2026 10:00:00,Normalen promet
G1-1,Maribor (Ptujska cesta)Miklavž - Ptujska c. (v)3485111.07.501.06.2026 10:00:00Povečan promet,Miklavž - Ptujska c. (v),348,51,11.0,7.5,01.06.2026 10:00:00,Povečan promet
,Miklavž - Ptujska c. (p)468577.16.701.06.2026 10:00:00Normalen promet,Miklavž - Ptujska c. (p),468,57,7.1,6.7,01.06.2026 10:00:00,Normalen promet
,Ptujska c. - Miklavž (v)360618.95.801.06.2026 10:00:00Normalen promet,Ptujska c. - Miklavž (v),360,61,8.9,5.8,01.06.2026 10:00:00,Normalen promet
,Ptujska c. - Miklavž (p)1566823.51.701.06.2026 10:00:00Normalen promet,Ptujska c. - Miklavž (p),156,68,23.5,1.7,01.06.2026 10:00:00,Normalen promet
G1-1,OžbaltBrezno - Ruta1686724.42.501.06.2026 10:00:00Normalen promet,Brezno - Ruta,168,67,24.4,2.5,01.06.2026 10:00:00,Normalen promet
,Ruta - Brezno966951.41.201.06.2026 10:00:00Normalen promet,Ruta - Brezno,96,69,51.4,1.2,01.06.2026 10:00:00,Normalen promet
G1-1,Zgornji BočRuta - Selnica2047115.52.601.06.2026 10:00:00Normalen promet,Ruta - Selnica,204,71,15.5,2.6,01.06.2026 10:00:00,Normalen promet
,Selnica - Ruta1327221.61.701.06.2026 10:00:00Normalen promet,Selnica - Ruta,132,72,21.6,1.7,01.06.2026 10:00:00,Normalen promet
G1-1,BreznoBrezno - Radlje1085933.71.401.06.2026 10:00:00Normalen promet,Brezno - Radlje,108,59,33.7,1.4,01.06.2026 10:00:00,Normalen promet
,Radlje - Brezno1565713.72.201.06.2026 10:00:00Normalen promet,Radlje - Brezno,156,57,13.7,2.2,01.06.2026 10:00:00,Normalen promet
G1-1,GortinaDravograd - Radlje1446424.42.301.06.2026 10:00:00Normalen promet,Dravograd - Radlje,144,64,24.4,2.3,01.06.2026 10:00:00,Normalen promet
,Radlje - Dravograd2526813.43.401.06.2026 10:00:00Normalen promet,Radlje - Dravograd,252,68,13.4,3.4,01.06.2026 10:00:00,Normalen promet
G1-1,BrestrnicaMaribor (otok) - Selnica348549.95.801.06.2026 09:55:00Normalen promet,Maribor (otok) - Selnica,348,54,9.9,5.8,01.06.2026 09:55:00,Normalen promet
,Selnica - Maribor (otok)348569.95.701.06.2026 09:55:00Normalen promet,Selnica - Maribor (otok),348,56,9.9,5.7,01.06.2026 09:55:00,Normalen promet
G1-1,MT VičDravograd - MT Vič726344.71.301.06.2026 09:45:00Normalen promet,Dravograd - MT Vič,72,63,44.7,1.3,01.06.2026 09:45:00,Normalen promet
,MT Vič - Dravograd607449.90.801.06.2026 09:45:00Normalen promet,MT Vič - Dravograd,60,74,49.9,0.8,01.06.2026 09:45:00,Normalen promet
G1-1,MB KamnicaMaribor - Selnica468787.35.101.06.2026 10:00:00Normalen promet,Maribor - Selnica,468,78,7.3,5.1,01.06.2026 10:00:00,Normalen promet
,Selnica - Maribor468747.35.101.06.2026 10:00:00Normalen promet,Selnica - Maribor,468,74,7.3,5.1,01.06.2026 10:00:00,Normalen promet
G1-2,DevinaPragersko - Slovenska Bistrica1926321.22.901.06.2026 10:00:00Normalen promet,Pragersko - Slovenska Bistrica,192,63,21.2,2.9,01.06.2026 10:00:00,Normalen promet
,Slovenska Bistrica - Pragersko3245110.16.901.06.2026 10:00:00Normalen promet,Slovenska Bistrica - Pragersko,324,51,10.1,6.9,01.06.2026 10:00:00,Normalen promet
G1-2,GrabeOrmož - Središče ob Dravi964238.62.601.06.2026 10:00:00Normalen promet,Ormož - Središče ob Dravi,96,42,38.6,2.6,01.06.2026 10:00:00,Normalen promet
,Središče ob Dravi - Ormož1085525.12.201.06.2026 10:00:00Normalen promet,Središče ob Dravi - Ormož,108,55,25.1,2.2,01.06.2026 10:00:00,Normalen promet
G1-2,BorovciGorišnica - Spuhlja2165913.43.901.06.2026 09:55:00Normalen promet,Gorišnica - Spuhlja,216,59,13.4,3.9,01.06.2026 09:55:00,Normalen promet
,Spuhlja - Gorišnica2525310.84.301.06.2026 09:55:00Normalen promet,Spuhlja - Gorišnica,252,53,10.8,4.3,01.06.2026 09:55:00,Normalen promet
G1-2,Šikole 3Kidričevo - Šikole2286815.83.001.06.2026 10:00:00Normalen promet,Kidričevo - Šikole,228,68,15.8,3.0,01.06.2026 10:00:00,Normalen promet
,Šikole - Kidričevo1686619.12.501.06.2026 10:00:00Normalen promet,Šikole - Kidričevo,168,66,19.1,2.5,01.06.2026 10:00:00,Normalen promet
G1-2,MP Središče ob DraviMP Središče - Središče ob Dravi3644100.81.201.06.2026 10:00:00Normalen promet,MP Središče - Središče ob Dravi,36,44,100.8,1.2,01.06.2026 10:00:00,Normalen promet
,Središče ob Dravi - MP Središče364799.71.001.06.2026 10:00:00Normalen promet,Središče ob Dravi - MP Središče,36,47,99.7,1.0,01.06.2026 10:00:00,Normalen promet
G1-2,OrmožOrmož vzhod - Ormož zahod1685520.93.501.06.2026 10:00:00Normalen promet,Ormož vzhod - Ormož zahod,168,55,20.9,3.5,01.06.2026 10:00:00,Normalen promet
,Ormož zahod - Ormož vzhod1325532.12.401.06.2026 10:00:00Normalen promet,Ormož zahod - Ormož vzhod,132,55,32.1,2.4,01.06.2026 10:00:00,Normalen promet
G1-2,CvetkovciGorišnica - Ormož1565722.42.501.06.2026 10:00:00Normalen promet,Gorišnica - Ormož,156,57,22.4,2.5,01.06.2026 10:00:00,Normalen promet
,Ormož - Gorišnica2045516.73.401.06.2026 10:00:00Normalen promet,Ormož - Gorišnica,204,55,16.7,3.4,01.06.2026 10:00:00,Normalen promet
G1-2,Ptuj vzhodPtuj - Spuhlja540526.09.801.06.2026 09:55:00Povečan promet,Ptuj - Spuhlja,540,52,6.0,9.8,01.06.2026 09:55:00,Povečan promet
,Spuhlja - Ptuj624535.210.201.06.2026 09:55:00Povečan promet,Spuhlja - Ptuj,624,53,5.2,10.2,01.06.2026 09:55:00,Povečan promet
G1-2,Šikole 2Pragersko - Šikole848044.70.901.06.2026 10:00:00Normalen promet,Pragersko - Šikole,84,80,44.7,0.9,01.06.2026 10:00:00,Normalen promet
,Šikole - Pragersko1688421.71.801.06.2026 10:00:00Normalen promet,Šikole - Pragersko,168,84,21.7,1.8,01.06.2026 10:00:00,Normalen promet
G1-2,Ptuj jezeroPtuj - Turnišče768443.915.901.06.2026 10:00:00Zgoščen promet,Ptuj - Turnišče,768,44,3.9,15.9,01.06.2026 10:00:00,Zgoščen promet
,Turnišče - Ptuj504476.510.201.06.2026 10:00:00Povečan promet,Turnišče - Ptuj,504,47,6.5,10.2,01.06.2026 10:00:00,Povečan promet
G1-2,NjiverceHajdina - Kidričevo2646213.23.401.06.2026 10:00:00Normalen promet,Hajdina - Kidričevo,264,62,13.2,3.4,01.06.2026 10:00:00,Normalen promet
,Kidričevo - Hajdina468556.88.401.06.2026 10:00:00Zgoščen promet,Kidričevo - Hajdina,468,55,6.8,8.4,01.06.2026 10:00:00,Zgoščen promet
G1-4,Bukovska vasOtiški Vrh - Slovenj Gradec372547.86.301.06.2026 10:00:00Normalen promet,Otiški Vrh - Slovenj Gradec,372,54,7.8,6.3,01.06.2026 10:00:00,Normalen promet
,Slovenj Gradec - Otiški Vrh348599.95.301.06.2026 10:00:00Normalen promet,Slovenj Gradec - Otiški Vrh,348,59,9.9,5.3,01.06.2026 10:00:00,Normalen promet
G1-4,ČrnovaČrnova - Velenje540585.98.401.06.2026 10:00:00Povečan promet,Črnova - Velenje,540,58,5.9,8.4,01.06.2026 10:00:00,Povečan promet
,Velenje - Črnova564505.611.101.06.2026 10:00:00Povečan promet,Velenje - Črnova,564,50,5.6,11.1,01.06.2026 10:00:00,Povečan promet
G1-4,Velika PirešicaArja vas - Črnova432487.610.401.06.2026 09:55:00Povečan promet,Arja vas - Črnova,432,48,7.6,10.4,01.06.2026 09:55:00,Povečan promet
,Črnova - Arja vas540566.79.601.06.2026 09:55:00Povečan promet,Črnova - Arja vas,540,56,6.7,9.6,01.06.2026 09:55:00,Povečan promet
G1-4,Paka pri VelenjuVelenje - Zgornji Dolič372519.87.501.06.2026 10:00:00Normalen promet,Velenje - Zgornji Dolič,372,51,9.8,7.5,01.06.2026 10:00:00,Normalen promet
,Zgornji Dolič - Velenje360479.27.401.06.2026 10:00:00Normalen promet,Zgornji Dolič - Velenje,360,47,9.2,7.4,01.06.2026 10:00:00,Normalen promet
G1-4,Šmartno pri SGSlovenj Gradec - Šmartno504677.16.601.06.2026 10:00:00Normalen promet,Slovenj Gradec - Šmartno,504,67,7.1,6.6,01.06.2026 10:00:00,Normalen promet
,Šmartno - Slovenj Gradec528616.08.701.06.2026 10:00:00Povečan promet,Šmartno - Slovenj Gradec,528,61,6.0,8.7,01.06.2026 10:00:00,Povečan promet
G1-4,DravogradDravograd - Otiški Vrh360519.16.601.06.2026 10:00:00Normalen promet,Dravograd - Otiški Vrh,360,51,9.1,6.6,01.06.2026 10:00:00,Normalen promet
,Otiški Vrh - Dravograd528435.911.401.06.2026 10:00:00Povečan promet,Otiški Vrh - Dravograd,528,43,5.9,11.4,01.06.2026 10:00:00,Povečan promet
G1-4,MislinjaMislinja - Zgornji Dolič2283414.36.001.06.2026 09:55:00Normalen promet,Mislinja - Zgornji Dolič,228,34,14.3,6.0,01.06.2026 09:55:00,Normalen promet
,Zgornji Dolič - Mislinja396338.210.401.06.2026 09:55:00Normalen promet,Zgornji Dolič - Mislinja,396,33,8.2,10.4,01.06.2026 09:55:00,Normalen promet
G1-5,VrhovoBoštanj - Radeče1685218.62.801.06.2026 09:55:00Normalen promet,Boštanj - Radeče,168,52,18.6,2.8,01.06.2026 09:55:00,Normalen promet
,Radeče - Boštanj1805618.44.001.06.2026 09:55:00Normalen promet,Radeče - Boštanj,180,56,18.4,4.0,01.06.2026 09:55:00,Normalen promet
G1-5,Celje (Lava)Celje - Medlog396607.85.901.06.2026 10:00:00Normalen promet,Celje - Medlog,396,60,7.8,5.9,01.06.2026 10:00:00,Normalen promet
,Medlog - Celje396657.96.101.06.2026 10:00:00Normalen promet,Medlog - Celje,396,65,7.9,6.1,01.06.2026 10:00:00,Normalen promet
G1-5,StrmcaLaško - Šmarjeta2406912.93.301.06.2026 10:00:00Normalen promet,Laško - Šmarjeta,240,69,12.9,3.3,01.06.2026 10:00:00,Normalen promet
,Šmarjeta - Laško2526414.13.701.06.2026 10:00:00Normalen promet,Šmarjeta - Laško,252,64,14.1,3.7,01.06.2026 10:00:00,Normalen promet
G1-5,BoštanjBoštanj - Brestanica348309.011.301.06.2026 10:00:00Gost promet z zastoji,Boštanj - Brestanica,348,30,9.0,11.3,01.06.2026 10:00:00,Gost promet z zastoji
,Brestanica - Boštanj312286.910.101.06.2026 10:00:00Povečan promet,Brestanica - Boštanj,312,28,6.9,10.1,01.06.2026 10:00:00,Povečan promet
G1-5,ImpoljcaBrestanica - Impoljca1687421.22.301.06.2026 10:00:00Normalen promet,Brestanica - Impoljca,168,74,21.2,2.3,01.06.2026 10:00:00,Normalen promet
,Impoljca - Brestanica1567428.02.101.06.2026 10:00:00Normalen promet,Impoljca - Brestanica,156,74,28.0,2.1,01.06.2026 10:00:00,Normalen promet
G1-5,MedlogAC - Celje336588.45.901.06.2026 10:00:00Normalen promet,AC - Celje,336,58,8.4,5.9,01.06.2026 10:00:00,Normalen promet
,Celje - AC2286017.43.601.06.2026 10:00:00Normalen promet,Celje - AC,228,60,17.4,3.6,01.06.2026 10:00:00,Normalen promet
G1-5,Zidani mostRimske Toplice - Zidani Most1686419.82.201.06.2026 09:55:00Normalen promet,Rimske Toplice - Zidani Most,168,64,19.8,2.2,01.06.2026 09:55:00,Normalen promet
,Zidani Most - Rimske Toplice1926620.32.801.06.2026 09:55:00Normalen promet,Zidani Most - Rimske Toplice,192,66,20.3,2.8,01.06.2026 09:55:00,Normalen promet
G1-5,KošnicaCelje - Laško3245310.75.401.06.2026 09:50:00Normalen promet,Celje - Laško,324,53,10.7,5.4,01.06.2026 09:50:00,Normalen promet
,Laško - Celje456567.27.101.06.2026 09:50:00Povečan promet,Laško - Celje,456,56,7.2,7.1,01.06.2026 09:50:00,Povečan promet
G1-5,Rimske TopliceRimske Toplice - Šmarjeta2884114.26.601.06.2026 10:00:00Normalen promet,Rimske Toplice - Šmarjeta,288,41,14.2,6.6,01.06.2026 10:00:00,Normalen promet
,Šmarjeta - Rimske Toplice2165415.94.201.06.2026 10:00:00Normalen promet,Šmarjeta - Rimske Toplice,216,54,15.9,4.2,01.06.2026 10:00:00,Normalen promet
G1-5,RadečeRadeče - Zidani Most1687119.12.301.06.2026 10:00:00Normalen promet,Radeče - Zidani Most,168,71,19.1,2.3,01.06.2026 10:00:00,Normalen promet
,Zidani Most - Radeče2047618.02.401.06.2026 10:00:00Normalen promet,Zidani Most - Radeče,204,76,18.0,2.4,01.06.2026 10:00:00,Normalen promet
G1-5,Leskovec pri KrškemDrnovo - Leskovec504315.118.501.06.2026 10:00:00Povečan promet,Drnovo - Leskovec,504,31,5.1,18.5,01.06.2026 10:00:00,Povečan promet
,Leskovec - Drnovo528457.611.401.06.2026 10:00:00Normalen promet,Leskovec - Drnovo,528,45,7.6,11.4,01.06.2026 10:00:00,Normalen promet
G1-5,Log pri SevniciBoštanj - Impoljca1686118.92.701.06.2026 09:55:00Normalen promet,Boštanj - Impoljca,168,61,18.9,2.7,01.06.2026 09:55:00,Normalen promet
,Impoljca - Boštanj1805218.13.401.06.2026 09:55:00Normalen promet,Impoljca - Boštanj,180,52,18.1,3.4,01.06.2026 09:55:00,Normalen promet
G1-5,ŽadovinekDrnovo - Krško2404413.76.001.06.2026 10:00:00Normalen promet,Drnovo - Krško,240,44,13.7,6.0,01.06.2026 10:00:00,Normalen promet
,Krško - Drnovo2044515.04.901.06.2026 10:00:00Normalen promet,Krško - Drnovo,204,45,15.0,4.9,01.06.2026 10:00:00,Normalen promet
G1-6,Dolnja BitnjaPrem - Ribnica725245.91.101.06.2026 10:00:00Normalen promet,Prem - Ribnica,72,52,45.9,1.1,01.06.2026 10:00:00,Normalen promet
,Ribnica - Prem844233.22.101.06.2026 10:00:00Normalen promet,Ribnica - Prem,84,42,33.2,2.1,01.06.2026 10:00:00,Normalen promet
G1-6,MP JelšaneDolnji Zemon - MP Jelšane725638.51.001.06.2026 10:00:00Normalen promet,Dolnji Zemon - MP Jelšane,72,56,38.5,1.0,01.06.2026 10:00:00,Normalen promet
,MP Jelšane - Dolnji Zemon3125510.65.501.06.2026 10:00:00Normalen promet,MP Jelšane - Dolnji Zemon,312,55,10.6,5.5,01.06.2026 10:00:00,Normalen promet
G1-6,Mala PristavaPivka - Ribnica00999.90.001.06.2026 10:00:00Ni prometa,Pivka - Ribnica,0,0,999.9,0.0,01.06.2026 10:00:00,Ni prometa
,Ribnica - Pivka00999.90.001.06.2026 10:00:00Ni prometa,Ribnica - Pivka,0,0,999.9,0.0,01.06.2026 10:00:00,Ni prometa
G1-6,PrestranekPivka - Postojna456508.18.001.06.2026 10:00:00Normalen promet,Pivka - Postojna,456,50,8.1,8.0,01.06.2026 10:00:00,Normalen promet
,Postojna - Pivka480456.88.601.06.2026 10:00:00Povečan promet,Postojna - Pivka,480,45,6.8,8.6,01.06.2026 10:00:00,Povečan promet
G1-6,KosezeDolnji Zemon - Ilirska Bistrica444507.07.701.06.2026 10:00:00Normalen promet,Dolnji Zemon - Ilirska Bistrica,444,50,7.0,7.7,01.06.2026 10:00:00,Normalen promet
,Ilirska Bistrica - Dolnji Zemon480467.29.101.06.2026 10:00:00Povečan promet,Ilirska Bistrica - Dolnji Zemon,480,46,7.2,9.1,01.06.2026 10:00:00,Povečan promet
G1-6,"Ilirska Bistrica, obvoznicaIlirska Bistrica - Koseze408567.86.501.06.2026 10:00:00Normalen promet",Ilirska Bistrica - Koseze,408,56,7.8,6.5,01.06.2026 10:00:00,Normalen promet
,Koseze - Ilirska Bistrica372609.25.401.06.2026 10:00:00Normalen promet,Koseze - Ilirska Bistrica,372,60,9.2,5.4,01.06.2026 10:00:00,Normalen promet
G1-7,MP StarodMP Starod - Podgrad2285714.23.901.06.2026 10:00:00Normalen promet,MP Starod - Podgrad,228,57,14.2,3.9,01.06.2026 10:00:00,Normalen promet
,Podgrad - MP Starod1804916.83.901.06.2026 10:00:00Normalen promet,Podgrad - MP Starod,180,49,16.8,3.9,01.06.2026 10:00:00,Normalen promet
G1-7,Male LočeObrov - Podgrad2045616.74.501.06.2026 10:00:00Normalen promet,Obrov - Podgrad,204,56,16.7,4.5,01.06.2026 10:00:00,Normalen promet
,Podgrad - Obrov2286516.43.701.06.2026 10:00:00Normalen promet,Podgrad - Obrov,228,65,16.4,3.7,01.06.2026 10:00:00,Normalen promet
G1-7,GradiščeKozina - Obrov2764512.06.101.06.2026 10:00:00Normalen promet,Kozina - Obrov,276,45,12.0,6.1,01.06.2026 10:00:00,Normalen promet
,Obrov - Kozina2644611.85.901.06.2026 10:00:00Normalen promet,Obrov - Kozina,264,46,11.8,5.9,01.06.2026 10:00:00,Normalen promet
G1-7,MP KozinaKozina - MP Kozina2765112.14.801.06.2026 09:55:00Normalen promet,Kozina - MP Kozina,276,51,12.1,4.8,01.06.2026 09:55:00,Normalen promet
,Kozina - MP Kozina1804816.93.101.06.2026 09:55:00Normalen promet,Kozina - MP Kozina,180,48,16.9,3.1,01.06.2026 09:55:00,Normalen promet
G1-8,LJ (Celovška Dravlje)obvoznica - Šentvid (v)528516.39.601.06.2026 10:00:00Povečan promet,obvoznica - Šentvid (v),528,51,6.3,9.6,01.06.2026 10:00:00,Povečan promet
,obvoznica - Šentvid (p)516616.97.001.06.2026 10:00:00Povečan promet,obvoznica - Šentvid (p),516,61,6.9,7.0,01.06.2026 10:00:00,Povečan promet
,Šentvid - obvoznica (v)444566.77.001.06.2026 10:00:00Povečan promet,Šentvid - obvoznica (v),444,56,6.7,7.0,01.06.2026 10:00:00,Povečan promet
,Šentvid - obvoznica (p)600615.97.901.06.2026 10:00:00Povečan promet,Šentvid - obvoznica (p),600,61,5.9,7.9,01.06.2026 10:00:00,Povečan promet
G-1,Radeljska obvoznicaBrezno - Dravograd2405513.34.801.06.2026 10:00:00Normalen promet,Brezno - Dravograd,240,55,13.3,4.8,01.06.2026 10:00:00,Normalen promet
,Dravograd - Brezno2165716.23.401.06.2026 10:00:00Normalen promet,Dravograd - Brezno,216,57,16.2,3.4,01.06.2026 10:00:00,Normalen promet
G2-101,KovorTržič - Zvirče3128811.82.901.06.2026 10:00:00Normalen promet,Tržič - Zvirče,312,88,11.8,2.9,01.06.2026 10:00:00,Normalen promet
,Zvirče - Tržič2528513.92.301.06.2026 10:00:00Normalen promet,Zvirče - Tržič,252,85,13.9,2.3,01.06.2026 10:00:00,Normalen promet
G2-101,MT LjubeljMT Ljubelj - Tržič844639.91.401.06.2026 09:55:00Normalen promet,MT Ljubelj - Tržič,84,46,39.9,1.4,01.06.2026 09:55:00,Normalen promet
,Tržič - MT Ljubelj1084232.92.001.06.2026 09:55:00Normalen promet,Tržič - MT Ljubelj,108,42,32.9,2.0,01.06.2026 09:55:00,Normalen promet
G2-102,HotedršicaGodovič - Kalce1686423.12.701.06.2026 10:00:00Normalen promet,Godovič - Kalce,168,64,23.1,2.7,01.06.2026 10:00:00,Normalen promet
,Kalce - Godovič1085725.31.501.06.2026 10:00:00Normalen promet,Kalce - Godovič,108,57,25.3,1.5,01.06.2026 10:00:00,Normalen promet
G2-102,Slap ob IdrijciBača - Dolenja Trebuša1565220.22.301.06.2026 09:55:00Normalen promet,Bača - Dolenja Trebuša,156,52,20.2,2.3,01.06.2026 09:55:00,Normalen promet
,Dolenja Trebuša - Bača1205225.51.701.06.2026 09:55:00Normalen promet,Dolenja Trebuša - Bača,120,52,25.5,1.7,01.06.2026 09:55:00,Normalen promet
G2-102,PrapetnoMost na Soči - Peršeti2526614.33.201.06.2026 10:00:00Normalen promet,Most na Soči - Peršeti,252,66,14.3,3.2,01.06.2026 10:00:00,Normalen promet
,Peršeti - Most na Soči1686420.52.401.06.2026 10:00:00Normalen promet,Peršeti - Most na Soči,168,64,20.5,2.4,01.06.2026 10:00:00,Normalen promet
G2-102,StopnikIdrija - Tolmin726735.21.301.06.2026 09:55:00Normalen promet,Idrija - Tolmin,72,67,35.2,1.3,01.06.2026 09:55:00,Normalen promet
,Tolmin - Idrija847454.50.901.06.2026 09:55:00Normalen promet,Tolmin - Idrija,84,74,54.5,0.9,01.06.2026 09:55:00,Normalen promet
G2-102,OtaležSp. Idrija (Marof) - Želin3662138.90.401.06.2026 10:00:00Normalen promet,Sp. Idrija (Marof) - Želin,36,62,138.9,0.4,01.06.2026 10:00:00,Normalen promet
,Želin - Sp. Idrija (Marof)2471151.00.201.06.2026 10:00:00Normalen promet,Želin - Sp. Idrija (Marof),24,71,151.0,0.2,01.06.2026 10:00:00,Normalen promet
G2-102,IdrijaGodovič - Sp. Idrija1204630.82.501.06.2026 09:55:00Normalen promet,Godovič - Sp. Idrija,120,46,30.8,2.5,01.06.2026 09:55:00,Normalen promet
,Sp. Idrija - Godovič1325027.32.201.06.2026 09:55:00Normalen promet,Sp. Idrija - Godovič,132,50,27.3,2.2,01.06.2026 09:55:00,Normalen promet
G2-102,MP RobičKobarid - MT Robič1244115.60.501.06.2026 10:00:00Normalen promet,Kobarid - MT Robič,12,44,115.6,0.5,01.06.2026 10:00:00,Normalen promet
,MT Robič - Kobarid725346.10.901.06.2026 10:00:00Normalen promet,MT Robič - Kobarid,72,53,46.1,0.9,01.06.2026 10:00:00,Normalen promet
G2-102,IdrskoIdrsko - Kobarid1444725.33.101.06.2026 10:00:00Normalen promet,Idrsko - Kobarid,144,47,25.3,3.1,01.06.2026 10:00:00,Normalen promet
,Kobarid - Idrsko2284213.55.101.06.2026 10:00:00Normalen promet,Kobarid - Idrsko,228,42,13.5,5.1,01.06.2026 10:00:00,Normalen promet
G2-102,KalceKalce - Logatec2166215.32.901.06.2026 10:00:00Normalen promet,Kalce - Logatec,216,62,15.3,2.9,01.06.2026 10:00:00,Normalen promet
,Logatec - Kalce1806119.52.601.06.2026 10:00:00Normalen promet,Logatec - Kalce,180,61,19.5,2.6,01.06.2026 10:00:00,Normalen promet
G2-102,Staro SeloKobarid - Robič3632147.50.901.06.2026 09:55:00Normalen promet,Kobarid - Robič,36,32,147.5,0.9,01.06.2026 09:55:00,Normalen promet
,Robič - Kobarid1324129.22.501.06.2026 09:55:00Normalen promet,Robič - Kobarid,132,41,29.2,2.5,01.06.2026 09:55:00,Normalen promet
G2-102,PeršetiIdrsko - Peršeti2404213.54.401.06.2026 10:00:00Normalen promet,Idrsko - Peršeti,240,42,13.5,4.4,01.06.2026 10:00:00,Normalen promet
,Peršeti - Idrsko2044515.43.501.06.2026 10:00:00Normalen promet,Peršeti - Idrsko,204,45,15.4,3.5,01.06.2026 10:00:00,Normalen promet
G2-103,PanovecKromberk - Rožna dolina792614.010.301.06.2026 10:00:00Zgoščen promet,Kromberk - Rožna dolina,792,61,4.0,10.3,01.06.2026 10:00:00,Zgoščen promet
,Rožna dolina - Kromberk948553.314.701.06.2026 10:00:00Gost promet,Rožna dolina - Kromberk,948,55,3.3,14.7,01.06.2026 10:00:00,Gost promet
G2-103,Šempeter RDNG Rožna dolina - Šempeter420808.74.201.06.2026 10:00:00Normalen promet,NG Rožna dolina - Šempeter,420,80,8.7,4.2,01.06.2026 10:00:00,Normalen promet
,Šempeter - NG Rožna dolina528716.16.801.06.2026 10:00:00Povečan promet,Šempeter - NG Rožna dolina,528,71,6.1,6.8,01.06.2026 10:00:00,Povečan promet
G2-103,DoblarKanal - Ušnik964021.82.201.06.2026 10:00:00Normalen promet,Kanal - Ušnik,96,40,21.8,2.2,01.06.2026 10:00:00,Normalen promet
,Ušnik - Kanal252225.210.901.06.2026 10:00:00Povečan promet,Ušnik - Kanal,252,22,5.2,10.9,01.06.2026 10:00:00,Povečan promet
G2-103,Solkan 3Nova Gorica - Solkan2166816.53.101.06.2026 10:00:00Normalen promet,Nova Gorica - Solkan,216,68,16.5,3.1,01.06.2026 10:00:00,Normalen promet
,Solkan - Nova Gorica396588.65.901.06.2026 10:00:00Normalen promet,Solkan - Nova Gorica,396,58,8.6,5.9,01.06.2026 10:00:00,Normalen promet
G2-103,DeskleKanal - Plave1926217.62.501.06.2026 10:00:00Normalen promet,Kanal - Plave,192,62,17.6,2.5,01.06.2026 10:00:00,Normalen promet
,Plave - Kanal1085535.82.201.06.2026 10:00:00Normalen promet,Plave - Kanal,108,55,35.8,2.2,01.06.2026 10:00:00,Normalen promet
G2-104,TopoleMengeš - Moste396597.16.701.06.2026 10:00:00Normalen promet,Mengeš - Moste,396,59,7.1,6.7,01.06.2026 10:00:00,Normalen promet
,Moste - Mengeš348339.617.801.06.2026 10:00:00Povečan promet,Moste - Mengeš,348,33,9.6,17.8,01.06.2026 10:00:00,Povečan promet
G2-104,Loka pri MengšuMengeš - Trzin588575.68.601.06.2026 10:00:00Povečan promet,Mengeš - Trzin,588,57,5.6,8.6,01.06.2026 10:00:00,Povečan promet
,Trzin - Mengeš360579.76.101.06.2026 10:00:00Normalen promet,Trzin - Mengeš,360,57,9.7,6.1,01.06.2026 10:00:00,Normalen promet
G2-104,LJ (severna vpadnica)Črnuče - LJ (Brnčičeva) (v)732534.312.401.06.2026 10:00:00Povečan promet,Črnuče - LJ (Brnčičeva) (v),732,53,4.3,12.4,01.06.2026 10:00:00,Povečan promet
,Črnuče - LJ (Brnčičeva) (p)600675.48.001.06.2026 10:00:00Povečan promet,Črnuče - LJ (Brnčičeva) (p),600,67,5.4,8.0,01.06.2026 10:00:00,Povečan promet
,LJ (Brnčičeva) - Črnuče (v)564545.612.101.06.2026 10:00:00Povečan promet,LJ (Brnčičeva) - Črnuče (v),564,54,5.6,12.1,01.06.2026 10:00:00,Povečan promet
,LJ (Brnčičeva) - Črnuče (p)624645.68.301.06.2026 10:00:00Povečan promet,LJ (Brnčičeva) - Črnuče (p),624,64,5.6,8.3,01.06.2026 10:00:00,Povečan promet
G2-104,Kranj (Primskovo 1)Brnik - Kranj816593.611.901.06.2026 10:00:00Gost promet,Brnik - Kranj,816,59,3.6,11.9,01.06.2026 10:00:00,Gost promet
,Kranj - Brnik972613.113.601.06.2026 10:00:00Gost promet,Kranj - Brnik,972,61,3.1,13.6,01.06.2026 10:00:00,Gost promet
G2-104,BrnikLetališče Brnik - Sp. Brnik2644711.15.301.06.2026 10:00:00Normalen promet,Letališče Brnik - Sp. Brnik,264,47,11.1,5.3,01.06.2026 10:00:00,Normalen promet
,Sp. Brnik - Letališče Brnik540505.710.001.06.2026 10:00:00Povečan promet,Sp. Brnik - Letališče Brnik,540,50,5.7,10.0,01.06.2026 10:00:00,Povečan promet
G2-104,TrzinLJ (Črnuče) - Trzin (v)468737.86.201.06.2026 10:00:00Povečan promet,LJ (Črnuče) - Trzin (v),468,73,7.8,6.2,01.06.2026 10:00:00,Povečan promet
,LJ (Črnuče) - Trzin (p)576796.46.001.06.2026 10:00:00Povečan promet,LJ (Črnuče) - Trzin (p),576,79,6.4,6.0,01.06.2026 10:00:00,Povečan promet
,Trzin - LJ (Črnuče) (v)792744.09.301.06.2026 10:00:00Povečan promet,Trzin - LJ (Črnuče) (v),792,74,4.0,9.3,01.06.2026 10:00:00,Povečan promet
,Trzin - LJ (Črnuče) (p)480887.14.601.06.2026 10:00:00Normalen promet,Trzin - LJ (Črnuče) (p),480,88,7.1,4.6,01.06.2026 10:00:00,Normalen promet
G2-104,KomendaMoste - Spodnji Brnik444647.57.501.06.2026 10:00:00Normalen promet,Moste - Spodnji Brnik,444,64,7.5,7.5,01.06.2026 10:00:00,Normalen promet
,Spodnji Brnik - Moste2167215.82.901.06.2026 10:00:00Normalen promet,Spodnji Brnik - Moste,216,72,15.8,2.9,01.06.2026 10:00:00,Normalen promet
G2-104,MengesMengeš - Trzin648284.722.201.06.2026 10:00:00Gost promet z zastoji,Mengeš - Trzin,648,28,4.7,22.2,01.06.2026 10:00:00,Gost promet z zastoji
,Trzin - Mengeš396357.014.001.06.2026 10:00:00Povečan promet,Trzin - Mengeš,396,35,7.0,14.0,01.06.2026 10:00:00,Povečan promet
G2-105,Novo mesto (obvoznica)Bučna vas - Krka3125110.86.101.06.2026 09:55:00Normalen promet,Bučna vas - Krka,312,51,10.8,6.1,01.06.2026 09:55:00,Normalen promet
,Krka - Bučna vas864503.514.701.06.2026 09:55:00Gost promet,Krka - Bučna vas,864,50,3.5,14.7,01.06.2026 09:55:00,Gost promet
G2-105,MP MetlikaMetlika - MP Metlika724229.71.201.06.2026 09:55:00Normalen promet,Metlika - MP Metlika,72,42,29.7,1.2,01.06.2026 09:55:00,Normalen promet
,MP Metlika - Metlika1203428.62.701.06.2026 09:55:00Normalen promet,MP Metlika - Metlika,120,34,28.6,2.7,01.06.2026 09:55:00,Normalen promet
G2-105,Novo mesto (Žabja vas)NM Krka - NM Revoz516395.318.801.06.2026 10:00:00Povečan promet,NM Krka - NM Revoz,516,39,5.3,18.8,01.06.2026 10:00:00,Povečan promet
,NM Revoz - NM Krka432627.87.101.06.2026 10:00:00Normalen promet,NM Revoz - NM Krka,432,62,7.8,7.1,01.06.2026 10:00:00,Normalen promet
G2-105,Novo Mesto (Ločna)Krka - Ločna780483.815.201.06.2026 10:00:00Zgoščen promet,Krka - Ločna,780,48,3.8,15.2,01.06.2026 10:00:00,Zgoščen promet
,Ločna - Krka576555.79.401.06.2026 10:00:00Povečan promet,Ločna - Krka,576,55,5.7,9.4,01.06.2026 10:00:00,Povečan promet
G2-105,GorjanciMetlika - Novo Mesto1085234.41.601.06.2026 10:00:00Normalen promet,Metlika - Novo Mesto,108,52,34.4,1.6,01.06.2026 10:00:00,Normalen promet
,Novo Mesto - Metlika1564818.62.901.06.2026 10:00:00Normalen promet,Novo Mesto - Metlika,156,48,18.6,2.9,01.06.2026 10:00:00,Normalen promet
G2-106,ŽelimljeRašica - Škofljica3246411.65.201.06.2026 09:55:00Normalen promet,Rašica - Škofljica,324,64,11.6,5.2,01.06.2026 09:55:00,Normalen promet
,Škofljica - Rašica384728.55.501.06.2026 09:55:00Normalen promet,Škofljica - Rašica,384,72,8.5,5.5,01.06.2026 09:55:00,Normalen promet
G2-106,ŠtalcerjiFara - Livold1085622.31.501.06.2026 09:55:00Normalen promet,Fara - Livold,108,56,22.3,1.5,01.06.2026 09:55:00,Normalen promet
,Livold - Fara966135.91.401.06.2026 09:55:00Normalen promet,Livold - Fara,96,61,35.9,1.4,01.06.2026 09:55:00,Normalen promet
G2-106,Škofljica 2Škofljica - Šmarje Sap3125310.85.201.06.2026 10:00:00Normalen promet,Škofljica - Šmarje Sap,312,53,10.8,5.2,01.06.2026 10:00:00,Normalen promet
,Šmarje Sap - Škofljica1925218.33.601.06.2026 10:00:00Normalen promet,Šmarje Sap - Škofljica,192,52,18.3,3.6,01.06.2026 10:00:00,Normalen promet
G2-106,ŽlebičRašica - Žlebič846043.01.101.06.2026 10:00:00Normalen promet,Rašica - Žlebič,84,60,43.0,1.1,01.06.2026 10:00:00,Normalen promet
,Žlebič - Rašica348639.75.401.06.2026 10:00:00Normalen promet,Žlebič - Rašica,348,63,9.7,5.4,01.06.2026 10:00:00,Normalen promet
G2-106,Stara CerkevKočevje - Ljubljana2044916.83.901.06.2026 10:00:00Normalen promet,Kočevje - Ljubljana,204,49,16.8,3.9,01.06.2026 10:00:00,Normalen promet
,Ljubljana - Kočevje1924522.04.201.06.2026 10:00:00Normalen promet,Ljubljana - Kočevje,192,45,22.0,4.2,01.06.2026 10:00:00,Normalen promet
G2-106,ŠkofljicaLJ (Rudnik) - Škofljica504605.77.401.06.2026 10:00:00Povečan promet,LJ (Rudnik) - Škofljica,504,60,5.7,7.4,01.06.2026 10:00:00,Povečan promet
,Škofljica - LJ (Rudnik)504626.57.501.06.2026 10:00:00Povečan promet,Škofljica - LJ (Rudnik),504,62,6.5,7.5,01.06.2026 10:00:00,Povečan promet
G2-106,Petrina 1Kočevje - MP964336.22.101.06.2026 10:00:00Normalen promet,Kočevje - MP,96,43,36.2,2.1,01.06.2026 10:00:00,Normalen promet
,MP - Kočevje723847.01.401.06.2026 10:00:00Normalen promet,MP - Kočevje,72,38,47.0,1.4,01.06.2026 10:00:00,Normalen promet
G2-106,KočevjeKočevje - Livold2644510.35.101.06.2026 10:00:00Normalen promet,Kočevje - Livold,264,45,10.3,5.1,01.06.2026 10:00:00,Normalen promet
,Livold - Kočevje1924919.73.101.06.2026 10:00:00Normalen promet,Livold - Kočevje,192,49,19.7,3.1,01.06.2026 10:00:00,Normalen promet
G2-106,Goriča vasKočevje - Ribnica3124713.25.301.06.2026 10:00:00Normalen promet,Kočevje - Ribnica,312,47,13.2,5.3,01.06.2026 10:00:00,Normalen promet
,Ribnica - Kočevje3005110.34.901.06.2026 10:00:00Normalen promet,Ribnica - Kočevje,300,51,10.3,4.9,01.06.2026 10:00:00,Normalen promet
G2-107,ŠentjurŠentjur - Štore372578.55.801.06.2026 10:00:00Normalen promet,Šentjur - Štore,372,57,8.5,5.8,01.06.2026 10:00:00,Normalen promet
,Štore - Šentjur408509.07.601.06.2026 10:00:00Normalen promet,Štore - Šentjur,408,50,9.0,7.6,01.06.2026 10:00:00,Normalen promet
G2-107,MestinjeMestinje - Šmarje pri Jelšah2886011.94.001.06.2026 10:00:00Normalen promet,Mestinje - Šmarje pri Jelšah,288,60,11.9,4.0,01.06.2026 10:00:00,Normalen promet
,Šmarje pri Jelšah - Mestinje360599.45.701.06.2026 10:00:00Normalen promet,Šmarje pri Jelšah - Mestinje,360,59,9.4,5.7,01.06.2026 10:00:00,Normalen promet
G2-107,MP DobovecMP Dobovec - Rogatec485188.30.701.06.2026 10:00:00Normalen promet,MP Dobovec - Rogatec,48,51,88.3,0.7,01.06.2026 10:00:00,Normalen promet
,Rogatec - MP Dobovec845324.61.801.06.2026 10:00:00Normalen promet,Rogatec - MP Dobovec,84,53,24.6,1.8,01.06.2026 10:00:00,Normalen promet
G2-107,Celje (Teharje)Celje - Štore468557.57.401.06.2026 10:00:00Povečan promet,Celje - Štore,468,55,7.5,7.4,01.06.2026 10:00:00,Povečan promet
,Štore - Celje456567.86.701.06.2026 10:00:00Povečan promet,Štore - Celje,456,56,7.8,6.7,01.06.2026 10:00:00,Povečan promet
G2-107,StopčeŠentjur - Šmarje pri Jelšah2046018.03.001.06.2026 10:00:00Normalen promet,Šentjur - Šmarje pri Jelšah,204,60,18.0,3.0,01.06.2026 10:00:00,Normalen promet
,Šmarje pri Jelšah - Šentjur2526512.03.301.06.2026 10:00:00Normalen promet,Šmarje pri Jelšah - Šentjur,252,65,12.0,3.3,01.06.2026 10:00:00,Normalen promet
G2-107,CerovecKotec - Tekačevo1326225.31.801.06.2026 10:00:00Normalen promet,Kotec - Tekačevo,132,62,25.3,1.8,01.06.2026 10:00:00,Normalen promet
,Tekačevo - Kotec2045617.03.101.06.2026 10:00:00Normalen promet,Tekačevo - Kotec,204,56,17.0,3.1,01.06.2026 10:00:00,Normalen promet
G2-107,BrezovecPodplat - Rogatec000.00.007.04.2025 19:05:00Ni podatka,Podplat - Rogatec,0,0,0.0,0.0,07.04.2025 19:05:00,Ni podatka
,Rogatec - Podplat000.00.007.04.2025 19:05:00Ni podatka,Rogatec - Podplat,0,0,0.0,0.0,07.04.2025 19:05:00,Ni podatka
G2-108,DolDolsko - Šentjakob396709.45.001.06.2026 10:00:00Normalen promet,Dolsko - Šentjakob,396,70,9.4,5.0,01.06.2026 10:00:00,Normalen promet
,Šentjakob - Dolsko2766712.53.801.06.2026 10:00:00Normalen promet,Šentjakob - Dolsko,276,67,12.5,3.8,01.06.2026 10:00:00,Normalen promet
G2-108,ŠentjakobČrnuče - Šentjakob3244710.47.701.06.2026 10:00:00Normalen promet,Črnuče - Šentjakob,324,47,10.4,7.7,01.06.2026 10:00:00,Normalen promet
,Šentjakob - Črnuče360569.05.701.06.2026 10:00:00Normalen promet,Šentjakob - Črnuče,360,56,9.0,5.7,01.06.2026 10:00:00,Normalen promet
G2-108,SenožetiDolsko - Ribče2044917.74.501.06.2026 10:00:00Normalen promet,Dolsko - Ribče,204,49,17.7,4.5,01.06.2026 10:00:00,Normalen promet
,Ribče - Dolsko468296.217.901.06.2026 10:00:00Gost promet z zastoji,Ribče - Dolsko,468,29,6.2,17.9,01.06.2026 10:00:00,Gost promet z zastoji
G2-108,Trbovlje 4Trbovlje - Zagorje2286115.73.001.06.2026 10:00:00Normalen promet,Trbovlje - Zagorje,228,61,15.7,3.0,01.06.2026 10:00:00,Normalen promet
,Zagorje - Trbovlje2045920.53.001.06.2026 10:00:00Normalen promet,Zagorje - Trbovlje,204,59,20.5,3.0,01.06.2026 10:00:00,Normalen promet
G2-108,HrastnikHrastnik - Trbovlje1686022.42.501.06.2026 10:00:00Normalen promet,Hrastnik - Trbovlje,168,60,22.4,2.5,01.06.2026 10:00:00,Normalen promet
,Trbovlje - Hrastnik1685821.82.601.06.2026 10:00:00Normalen promet,Trbovlje - Hrastnik,168,58,21.8,2.6,01.06.2026 10:00:00,Normalen promet
G2-108,SuhadolHrastnik - Zidani Most362545.71.001.06.2026 09:55:00Normalen promet,Hrastnik - Zidani Most,36,25,45.7,1.0,01.06.2026 09:55:00,Normalen promet
,Zidani Most - Hrastnik245349.70.301.06.2026 09:55:00Normalen promet,Zidani Most - Hrastnik,24,53,49.7,0.3,01.06.2026 09:55:00,Normalen promet
G2-108,RenkeLitija - Zagorje368254.10.301.06.2026 09:55:00Normalen promet,Litija - Zagorje,36,82,54.1,0.3,01.06.2026 09:55:00,Normalen promet
,Zagorje - Litija1446723.01.901.06.2026 09:55:00Normalen promet,Zagorje - Litija,144,67,23.0,1.9,01.06.2026 09:55:00,Normalen promet
G2-108,Zgornji LogLitija - Ribče2526814.23.601.06.2026 10:00:00Normalen promet,Litija - Ribče,252,68,14.2,3.6,01.06.2026 10:00:00,Normalen promet
,Ribče - Litija2044921.34.101.06.2026 10:00:00Normalen promet,Ribče - Litija,204,49,21.3,4.1,01.06.2026 10:00:00,Normalen promet
G2-109,MT Dolga vasDolga vas - MT Dolga vas483159.82.201.06.2026 10:00:00Normalen promet,Dolga vas - MT Dolga vas,48,31,59.8,2.2,01.06.2026 10:00:00,Normalen promet
,MT Dolga vas - Dolga vas1083342.33.701.06.2026 10:00:00Normalen promet,MT Dolga vas - Dolga vas,108,33,42.3,3.7,01.06.2026 10:00:00,Normalen promet
G2-109,MP PetišovciMP Petišovci - Petišovci1448226.31.401.06.2026 10:00:00Normalen promet,MP Petišovci - Petišovci,144,82,26.3,1.4,01.06.2026 10:00:00,Normalen promet
,Petišovci - MP Petišovci727546.90.701.06.2026 10:00:00Normalen promet,Petišovci - MP Petišovci,72,75,46.9,0.7,01.06.2026 10:00:00,Normalen promet
G2-111,SečaLucija - Sečovlje516476.39.101.06.2026 10:00:00Povečan promet,Lucija - Sečovlje,516,47,6.3,9.1,01.06.2026 10:00:00,Povečan promet
,Sečovlje - Lucija360509.35.601.06.2026 10:00:00Povečan promet,Sečovlje - Lucija,360,50,9.3,5.6,01.06.2026 10:00:00,Povečan promet
G2-111,Obvoznica IzolaBelveder - Izola864553.612.701.06.2026 10:00:00Povečan promet,Belveder - Izola,864,55,3.6,12.7,01.06.2026 10:00:00,Povečan promet
,Izola - Belveder468656.96.201.06.2026 10:00:00Povečan promet,Izola - Belveder,468,65,6.9,6.2,01.06.2026 10:00:00,Povečan promet
G2-111,MP SečovljeMP Sečovlje - Sečovlje1924020.03.801.06.2026 09:50:00Normalen promet,MP Sečovlje - Sečovlje,192,40,20.0,3.8,01.06.2026 09:50:00,Normalen promet
,Sečovlje - MP Sečovlje1803818.73.801.06.2026 09:50:00Normalen promet,Sečovlje - MP Sečovlje,180,38,18.7,3.8,01.06.2026 09:50:00,Normalen promet
G2-112,PrevaljePoljana - Prevalje2644613.64.701.06.2026 10:00:00Normalen promet,Poljana - Prevalje,264,46,13.6,4.7,01.06.2026 10:00:00,Normalen promet
,Prevalje - Poljana384395.68.401.06.2026 10:00:00Povečan promet,Prevalje - Poljana,384,39,5.6,8.4,01.06.2026 10:00:00,Povečan promet
G2-112,MT HolmecHolmec - Poljana724746.21.601.06.2026 10:00:00Normalen promet,Holmec - Poljana,72,47,46.2,1.6,01.06.2026 10:00:00,Normalen promet
,Poljana - Holmec3657154.90.501.06.2026 10:00:00Normalen promet,Poljana - Holmec,36,57,154.9,0.5,01.06.2026 10:00:00,Normalen promet
G2-112,Dobja vasPrevalje - Ravne516466.39.401.06.2026 10:00:00Povečan promet,Prevalje - Ravne,516,46,6.3,9.4,01.06.2026 10:00:00,Povečan promet
,Ravne - Prevalje696434.215.301.06.2026 10:00:00Povečan promet,Ravne - Prevalje,696,43,4.2,15.3,01.06.2026 10:00:00,Povečan promet
G2-114,Ankaranska vpadnicaBertoki - Luka Koper (v)2767012.53.501.06.2026 10:00:00Normalen promet,Bertoki - Luka Koper (v),276,70,12.5,3.5,01.06.2026 10:00:00,Normalen promet
,Bertoki - Luka Koper (p)728944.40.601.06.2026 10:00:00Normalen promet,Bertoki - Luka Koper (p),72,89,44.4,0.6,01.06.2026 10:00:00,Normalen promet
,Luka Koper - Bertoki (v)540716.17.301.06.2026 09:55:00Zgoščen promet,Luka Koper - Bertoki (v),540,71,6.1,7.3,01.06.2026 09:55:00,Zgoščen promet
,Luka Koper - Bertoki (p)969537.00.801.06.2026 09:55:00Normalen promet,Luka Koper - Bertoki (p),96,95,37.0,0.8,01.06.2026 09:55:00,Normalen promet
R1-201,Gozd MartuljekDovje - Gozd Martuljek1685322.52.701.06.2026 10:00:00Normalen promet,Dovje - Gozd Martuljek,168,53,22.5,2.7,01.06.2026 10:00:00,Normalen promet
,Gozd Martuljek - Dovje2044616.93.301.06.2026 10:00:00Normalen promet,Gozd Martuljek - Dovje,204,46,16.9,3.3,01.06.2026 10:00:00,Normalen promet
R1-201,MT Korensko sedloMT Korensko sedlo - Podkoren485689.90.901.06.2026 09:55:00Normalen promet,MT Korensko sedlo - Podkoren,48,56,89.9,0.9,01.06.2026 09:55:00,Normalen promet
,Podkoren - MT Korensko sedlo364266.40.701.06.2026 09:55:00Normalen promet,Podkoren - MT Korensko sedlo,36,42,66.4,0.7,01.06.2026 09:55:00,Normalen promet
R1-201,DovjeDovje - Mojstrana (Kraje)1806219.42.401.06.2026 10:00:00Normalen promet,Dovje - Mojstrana (Kraje),180,62,19.4,2.4,01.06.2026 10:00:00,Normalen promet
,Mojstrana (Kraje) - Dovje2765012.04.601.06.2026 10:00:00Normalen promet,Mojstrana (Kraje) - Dovje,276,50,12.0,4.6,01.06.2026 10:00:00,Normalen promet
R1-201,Kranjska GoraGozd Martuljek - Kranjska Gora2885712.34.501.06.2026 10:00:00Normalen promet,Gozd Martuljek - Kranjska Gora,288,57,12.3,4.5,01.06.2026 10:00:00,Normalen promet
,Kranjska Gora - Gozd Martuljek336549.94.501.06.2026 10:00:00Normalen promet,Kranjska Gora - Gozd Martuljek,336,54,9.9,4.5,01.06.2026 10:00:00,Normalen promet
R1-201,HrušicaHrušica - Kraje3006411.03.901.06.2026 10:00:00Normalen promet,Hrušica - Kraje,300,64,11.0,3.9,01.06.2026 10:00:00,Normalen promet
,Kraje - Hrušica2885912.94.801.06.2026 10:00:00Normalen promet,Kraje - Hrušica,288,59,12.9,4.8,01.06.2026 10:00:00,Normalen promet
R1-202,MT RatečeJesenice - MT Rateče2645514.33.501.06.2026 10:00:00Normalen promet,Jesenice - MT Rateče,264,55,14.3,3.5,01.06.2026 10:00:00,Normalen promet
,MT Rateče - Jesenice965036.81.401.06.2026 10:00:00Normalen promet,MT Rateče - Jesenice,96,50,36.8,1.4,01.06.2026 10:00:00,Normalen promet
R1-203,BovecBovec (po obvoznici) - Žaga1325125.42.201.06.2026 10:00:00Normalen promet,Bovec (po obvoznici) - Žaga,132,51,25.4,2.2,01.06.2026 10:00:00,Normalen promet
,Žaga - Bovec (po obvoznici)1204827.12.101.06.2026 10:00:00Normalen promet,Žaga - Bovec (po obvoznici),120,48,27.1,2.1,01.06.2026 10:00:00,Normalen promet
R1-203,MT PredelBovec - MT Predel3655134.30.401.06.2026 10:00:00Normalen promet,Bovec - MT Predel,36,55,134.3,0.4,01.06.2026 10:00:00,Normalen promet
,MT Predel - Bovec483741.80.901.06.2026 10:00:00Normalen promet,MT Predel - Bovec,48,37,41.8,0.9,01.06.2026 10:00:00,Normalen promet
R1-203,SrpenicaBovec - Kobarid2044725.23.501.06.2026 09:55:00Normalen promet,Bovec - Kobarid,204,47,25.2,3.5,01.06.2026 09:55:00,Normalen promet
,Kobarid - Bovec604815.31.001.06.2026 09:55:00Normalen promet,Kobarid - Bovec,60,48,15.3,1.0,01.06.2026 09:55:00,Normalen promet
R1-204,PrvačinaDornberk - Volčja Draga1805821.72.701.06.2026 10:00:00Normalen promet,Dornberk - Volčja Draga,180,58,21.7,2.7,01.06.2026 10:00:00,Normalen promet
,Volčja Draga - Dornberk1686317.12.001.06.2026 10:00:00Normalen promet,Volčja Draga - Dornberk,168,63,17.1,2.0,01.06.2026 10:00:00,Normalen promet
R1-204,BranikDornberk - Štanjel845848.31.101.06.2026 09:55:00Normalen promet,Dornberk - Štanjel,84,58,48.3,1.1,01.06.2026 09:55:00,Normalen promet
,Štanjel - Dornberk964935.31.601.06.2026 09:55:00Normalen promet,Štanjel - Dornberk,96,49,35.3,1.6,01.06.2026 09:55:00,Normalen promet
R1-204,TomajDutovlje - Sežana485562.70.701.06.2026 09:55:00Normalen promet,Dutovlje - Sežana,48,55,62.7,0.7,01.06.2026 09:55:00,Normalen promet
,Sežana - Dutovlje606048.90.801.06.2026 09:55:00Normalen promet,Sežana - Dutovlje,60,60,48.9,0.8,01.06.2026 09:55:00,Normalen promet
R1-205,MT LipicaDivača - MT Lipica1925220.22.801.06.2026 10:00:00Normalen promet,Divača - MT Lipica,192,52,20.2,2.8,01.06.2026 10:00:00,Normalen promet
,MP Lipica - Divača725219.51.001.06.2026 10:00:00Normalen promet,MP Lipica - Divača,72,52,19.5,1.0,01.06.2026 10:00:00,Normalen promet
R1-206,VršičBovec - Kranjska Gora000.00.007.02.2026 07:50:00Ni podatka,Bovec - Kranjska Gora,0,0,0.0,0.0,07.02.2026 07:50:00,Ni podatka
,Kranjska Gora - Bovec000.00.007.02.2026 07:50:00Ni podatka,Kranjska Gora - Bovec,0,0,0.0,0.0,07.02.2026 07:50:00,Ni podatka
R1-206,KoritnicaBovec - Vršič1564224.93.001.06.2026 10:00:00Normalen promet,Bovec - Vršič,156,42,24.9,3.0,01.06.2026 10:00:00,Normalen promet
,Vršič - Bovec2438139.10.501.06.2026 10:00:00Normalen promet,Vršič - Bovec,24,38,139.1,0.5,01.06.2026 10:00:00,Normalen promet
R1-206,ErikaKranjska Gora - Vršič1324320.62.301.06.2026 10:00:00Normalen promet,Kranjska Gora - Vršič,132,43,20.6,2.3,01.06.2026 10:00:00,Normalen promet
,Vršič - Kranjska Gora604553.81.101.06.2026 10:00:00Normalen promet,Vršič - Kranjska Gora,60,45,53.8,1.1,01.06.2026 10:00:00,Normalen promet
R1-207,GodovičCol - Godovic605944.30.801.06.2026 10:00:00Normalen promet,Col - Godovic,60,59,44.3,0.8,01.06.2026 10:00:00,Normalen promet
,Godovič - Col3655198.40.701.06.2026 10:00:00Normalen promet,Godovič - Col,36,55,198.4,0.7,01.06.2026 10:00:00,Normalen promet
R1-207,BudanjeAjdovščina - Col1445825.12.101.06.2026 09:55:00Normalen promet,Ajdovščina - Col,144,58,25.1,2.1,01.06.2026 09:55:00,Normalen promet
,Col - Ajdovščina1326120.41.701.06.2026 09:55:00Normalen promet,Col - Ajdovščina,132,61,20.4,1.7,01.06.2026 09:55:00,Normalen promet
R1-208,KubedGračišče - Kortine1446941.92.101.06.2026 10:00:00Normalen promet,Gračišče - Kortine,144,69,41.9,2.1,01.06.2026 10:00:00,Normalen promet
,Kortine - Gračišče366589.40.401.06.2026 10:00:00Normalen promet,Kortine - Gračišče,36,65,89.4,0.4,01.06.2026 10:00:00,Normalen promet
R1-208,MP SočergaMP Sočerga - Sočerga485163.50.801.06.2026 09:55:00Normalen promet,MP Sočerga - Sočerga,48,51,63.5,0.8,01.06.2026 09:55:00,Normalen promet
,Sočerga - MP Sočerga725550.41.001.06.2026 09:55:00Normalen promet,Sočerga - MP Sočerga,72,55,50.4,1.0,01.06.2026 09:55:00,Normalen promet
R1-208,Črni KalČrni Kal - Kortine965735.91.301.06.2026 10:00:00Normalen promet,Črni Kal - Kortine,96,57,35.9,1.3,01.06.2026 10:00:00,Normalen promet
,Kortine - Črni Kal1086037.11.501.06.2026 10:00:00Normalen promet,Kortine - Črni Kal,108,60,37.1,1.5,01.06.2026 10:00:00,Normalen promet
R1-209,BledBled - Lesce1008512.916.101.06.2026 09:55:00Zgoščen promet,Bled - Lesce,1008,51,2.9,16.1,01.06.2026 09:55:00,Zgoščen promet
,Lesce - Bled756333.525.001.06.2026 09:55:00Zgoščen promet,Lesce - Bled,756,33,3.5,25.0,01.06.2026 09:55:00,Zgoščen promet
R1-209,Ribčev LazBled - Bohinj2285015.34.201.06.2026 10:00:00Normalen promet,Bled - Bohinj,228,50,15.3,4.2,01.06.2026 10:00:00,Normalen promet
,Bohinj - Bled1924817.63.501.06.2026 10:00:00Normalen promet,Bohinj - Bled,192,48,17.6,3.5,01.06.2026 10:00:00,Normalen promet
R1-209,NomenjBitnje - Soteska2046517.52.701.06.2026 09:55:00Normalen promet,Bitnje - Soteska,204,65,17.5,2.7,01.06.2026 09:55:00,Normalen promet
,Soteska - Bitnje1565621.82.601.06.2026 09:55:00Normalen promet,Soteska - Bitnje,156,56,21.8,2.6,01.06.2026 09:55:00,Normalen promet
R1-210,CerknoCerkno - Želin485568.20.701.06.2026 10:00:00Normalen promet,Cerkno - Želin,48,55,68.2,0.7,01.06.2026 10:00:00,Normalen promet
,Želin - Cerkno725050.81.101.06.2026 10:00:00Normalen promet,Želin - Cerkno,72,50,50.8,1.1,01.06.2026 10:00:00,Normalen promet
R1-210,GodešičJeprca - Škofja Loka504476.49.901.06.2026 10:00:00Povečan promet,Jeprca - Škofja Loka,504,47,6.4,9.9,01.06.2026 10:00:00,Povečan promet
,Škofja Loka - Jeprca2885311.04.801.06.2026 10:00:00Normalen promet,Škofja Loka - Jeprca,288,53,11.0,4.8,01.06.2026 10:00:00,Normalen promet
R1-210,DorfarjeKranj - Škofja loka372558.95.801.06.2026 10:00:00Normalen promet,Kranj - Škofja loka,372,55,8.9,5.8,01.06.2026 10:00:00,Normalen promet
,Škofja loka - Kranj480527.08.101.06.2026 10:00:00Normalen promet,Škofja loka - Kranj,480,52,7.0,8.1,01.06.2026 10:00:00,Normalen promet
R1-210,LogGorenja vas - Škofja Loka1685317.92.801.06.2026 10:00:00Normalen promet,Gorenja vas - Škofja Loka,168,53,17.9,2.8,01.06.2026 10:00:00,Normalen promet
,Škofja Loka - Gorenja vas2165117.23.801.06.2026 10:00:00Normalen promet,Škofja Loka - Gorenja vas,216,51,17.2,3.8,01.06.2026 10:00:00,Normalen promet
R1-210,KokraJezersko - Kranj3661100.90.501.06.2026 10:00:00Normalen promet,Jezersko - Kranj,36,61,100.9,0.5,01.06.2026 10:00:00,Normalen promet
,Kranj - Jezersko00999.90.001.06.2026 10:00:00Ni prometa,Kranj - Jezersko,0,0,999.9,0.0,01.06.2026 10:00:00,Ni prometa
R1-210,Kranj (Primskovo 2)Labore - Primskovo816503.814.001.06.2026 10:00:00Gost promet,Labore - Primskovo,816,50,3.8,14.0,01.06.2026 10:00:00,Gost promet
,Primskovo - Labore744544.112.001.06.2026 10:00:00Zgoščen promet,Primskovo - Labore,744,54,4.1,12.0,01.06.2026 10:00:00,Zgoščen promet
R1-210,VisokoKranj - Preddvor245864.00.301.06.2026 10:00:00Normalen promet,Kranj - Preddvor,24,58,64.0,0.3,01.06.2026 10:00:00,Normalen promet
,Preddvor - Kranj604681.41.101.06.2026 10:00:00Normalen promet,Preddvor - Kranj,60,46,81.4,1.1,01.06.2026 10:00:00,Normalen promet
R1-210,HotavljeGorenja vas - Trebija1085133.32.001.06.2026 09:35:00Normalen promet,Gorenja vas - Trebija,108,51,33.3,2.0,01.06.2026 09:35:00,Normalen promet
,Trebija - Gorenja vas2044515.03.701.06.2026 09:35:00Normalen promet,Trebija - Gorenja vas,204,45,15.0,3.7,01.06.2026 09:35:00,Normalen promet
R1-210,TrebijaCerkno - Trebija368068.50.301.06.2026 10:00:00Normalen promet,Cerkno - Trebija,36,80,68.5,0.3,01.06.2026 10:00:00,Normalen promet
,Trebija - Cerkno127266.00.101.06.2026 10:00:00Normalen promet,Trebija - Cerkno,12,72,66.0,0.1,01.06.2026 10:00:00,Normalen promet
R1-210,MT JezerskoAvstrija - Kokra483567.21.001.06.2026 09:55:00Normalen promet,Avstrija - Kokra,48,35,67.2,1.0,01.06.2026 09:55:00,Normalen promet
,Kokra - Avstrija00999.90.001.06.2026 09:55:00Ni prometa,Kokra - Avstrija,0,0,999.9,0.0,01.06.2026 09:55:00,Ni prometa
R1-210,Škofja Loka (obvoznica)Suha - Zminec3125010.45.901.06.2026 10:00:00Normalen promet,Suha - Zminec,312,50,10.4,5.9,01.06.2026 10:00:00,Normalen promet
,Zminec - Suha2404814.04.601.06.2026 10:00:00Normalen promet,Zminec - Suha,240,48,14.0,4.6,01.06.2026 10:00:00,Normalen promet
R1-210,Podjelovo brdoCerkno - Sovodenj00999.90.001.06.2026 09:55:00Ni prometa,Cerkno - Sovodenj,0,0,999.9,0.0,01.06.2026 09:55:00,Ni prometa
,Sovodenj - Cerkno4858103.20.901.06.2026 09:55:00Normalen promet,Sovodenj - Cerkno,48,58,103.2,0.9,01.06.2026 09:55:00,Normalen promet
R1-211,MedvodeJeprca - Medvode528536.19.201.06.2026 10:00:00Povečan promet,Jeprca - Medvode,528,53,6.1,9.2,01.06.2026 10:00:00,Povečan promet
,Medvode - Jeprca396508.37.201.06.2026 10:00:00Povečan promet,Medvode - Jeprca,396,50,8.3,7.2,01.06.2026 10:00:00,Povečan promet
R1-211,Meja pri KranjuJeprca - Kranj (Labore)2046614.52.401.06.2026 10:00:00Normalen promet,Jeprca - Kranj (Labore),204,66,14.5,2.4,01.06.2026 10:00:00,Normalen promet
,Kranj (Labore) - Jeprca348719.94.101.06.2026 10:00:00Povečan promet,Kranj (Labore) - Jeprca,348,71,9.9,4.1,01.06.2026 10:00:00,Povečan promet
R1-211,MednoMedvode - Stanežiče00999.90.001.06.2026 10:00:00Ni podatka,Medvode - Stanežiče,0,0,999.9,0.0,01.06.2026 10:00:00,Ni podatka
,Stanežiče - Medvode00999.90.001.06.2026 10:00:00Ni podatka,Stanežiče - Medvode,0,0,999.9,0.0,01.06.2026 10:00:00,Ni podatka
R1-212,RakekCerknica - Rakek420457.99.301.06.2026 10:00:00Povečan promet,Cerknica - Rakek,420,45,7.9,9.3,01.06.2026 10:00:00,Povečan promet
,Rakek - Cerknica300479.56.301.06.2026 10:00:00Normalen promet,Rakek - Cerknica,300,47,9.5,6.3,01.06.2026 10:00:00,Normalen promet
R1-212,GrahovoBloke - Cerknica2525214.34.001.06.2026 10:00:00Normalen promet,Bloke - Cerknica,252,52,14.3,4.0,01.06.2026 10:00:00,Normalen promet
,Cerknica - Bloke2044514.13.401.06.2026 10:00:00Normalen promet,Cerknica - Bloke,204,45,14.1,3.4,01.06.2026 10:00:00,Normalen promet
R1-212,ZamostecNova vas - Žlebič724426.61.601.06.2026 10:00:00Normalen promet,Nova vas - Žlebič,72,44,26.6,1.6,01.06.2026 10:00:00,Normalen promet
,Žlebič - Nova vas1084626.11.901.06.2026 10:00:00Normalen promet,Žlebič - Nova vas,108,46,26.1,1.9,01.06.2026 10:00:00,Normalen promet
R1-212,Rakek 2Rakek - Unec2405513.54.701.06.2026 09:55:00Normalen promet,Rakek - Unec,240,55,13.5,4.7,01.06.2026 09:55:00,Normalen promet
,Unec - Rakek3125111.26.701.06.2026 09:55:00Normalen promet,Unec - Rakek,312,51,11.2,6.7,01.06.2026 09:55:00,Normalen promet
R1-213,MP Babno PoljeBabno polje - Stari Trg2445159.60.401.06.2026 10:00:00Normalen promet,Babno polje - Stari Trg,24,45,159.6,0.4,01.06.2026 10:00:00,Normalen promet
,Stari Trg - Babno polje00999.90.001.06.2026 10:00:00Ni prometa,Stari Trg - Babno polje,0,0,999.9,0.0,01.06.2026 10:00:00,Ni prometa
R1-213,Stari trgBloška polica - Pudob000.00.014.10.2025 10:20:00Ni podatka,Bloška polica - Pudob,0,0,0.0,0.0,14.10.2025 10:20:00,Ni podatka
,Pudob - Bloška polica000.00.014.10.2025 10:20:00Ni podatka,Pudob - Bloška polica,0,0,0.0,0.0,14.10.2025 10:20:00,Ni podatka
R1-214,SmukaDvor - Kočevje364797.70.601.06.2026 10:00:00Normalen promet,Dvor - Kočevje,36,47,97.7,0.6,01.06.2026 10:00:00,Normalen promet
,Kočevje - Dvor1243130.00.201.06.2026 10:00:00Normalen promet,Kočevje - Dvor,12,43,130.0,0.2,01.06.2026 10:00:00,Normalen promet
R1-215,BistricaMirna - Mokronog1205128.91.801.06.2026 10:00:00Normalen promet,Mirna - Mokronog,120,51,28.9,1.8,01.06.2026 10:00:00,Normalen promet
,Mokronog - Mirna1565522.72.701.06.2026 10:00:00Normalen promet,Mokronog - Mirna,156,55,22.7,2.7,01.06.2026 10:00:00,Normalen promet
R1-215,JelovecBoštanj - Mokronog605152.61.001.06.2026 09:55:00Normalen promet,Boštanj - Mokronog,60,51,52.6,1.0,01.06.2026 09:55:00,Normalen promet
,Mokronog- Boštanj724527.11.601.06.2026 09:55:00Normalen promet,Mokronog- Boštanj,72,45,27.1,1.6,01.06.2026 09:55:00,Normalen promet
R1-215,Dol pri TrebnjemMirna - Trebnje324649.94.201.06.2026 10:00:00Normalen promet,Mirna - Trebnje,324,64,9.9,4.2,01.06.2026 10:00:00,Normalen promet
,Trebnje - Mirna3125011.65.501.06.2026 10:00:00Normalen promet,Trebnje - Mirna,312,50,11.6,5.5,01.06.2026 10:00:00,Normalen promet
R1-215,GrmGrm - Trebnje1445125.73.401.06.2026 10:00:00Normalen promet,Grm - Trebnje,144,51,25.7,3.4,01.06.2026 10:00:00,Normalen promet
,Trebnje - Grm2644912.65.201.06.2026 10:00:00Normalen promet,Trebnje - Grm,264,49,12.6,5.2,01.06.2026 10:00:00,Normalen promet
R1-216,DvorDvor - Soteska1567124.82.001.06.2026 10:00:00Normalen promet,Dvor - Soteska,156,71,24.8,2.0,01.06.2026 10:00:00,Normalen promet
,Soteska - Dvor967935.20.901.06.2026 10:00:00Normalen promet,Soteska - Dvor,96,79,35.2,0.9,01.06.2026 10:00:00,Normalen promet
R1-216,ZagradecKrka - Žužemberk1084429.82.801.06.2026 09:55:00Normalen promet,Krka - Žužemberk,108,44,29.8,2.8,01.06.2026 09:55:00,Normalen promet
,Žužemberk- Krka1084435.52.001.06.2026 09:55:00Normalen promet,Žužemberk- Krka,108,44,35.5,2.0,01.06.2026 09:55:00,Normalen promet
R1-216,Mačkovec pri DvoruDvor - Žužemberk484972.50.701.06.2026 10:00:00Normalen promet,Dvor - Žužemberk,48,49,72.5,0.7,01.06.2026 10:00:00,Normalen promet
,Žužemberk - Dvor1084733.82.201.06.2026 10:00:00Normalen promet,Žužemberk - Dvor,108,47,33.8,2.2,01.06.2026 10:00:00,Normalen promet
R1-216,PodturnČrmošnjice - Soteska1925717.43.401.06.2026 10:05:00Normalen promet,Črmošnjice - Soteska,192,57,17.4,3.4,01.06.2026 10:05:00,Normalen promet
,Soteska - Črmošnjice1805418.82.601.06.2026 10:05:00Normalen promet,Soteska - Črmošnjice,180,54,18.8,2.6,01.06.2026 10:05:00,Normalen promet
R1-216,LokveČrnomelj - Ručetna vas3005012.64.901.06.2026 10:00:00Normalen promet,Črnomelj - Ručetna vas,300,50,12.6,4.9,01.06.2026 10:00:00,Normalen promet
,Ručetna vas - Črnomelj3005011.35.101.06.2026 10:00:00Normalen promet,Ručetna vas - Črnomelj,300,50,11.3,5.1,01.06.2026 10:00:00,Normalen promet
R1-216,Mrzlo PoljeIvančna Gorica - Krka2885011.85.201.06.2026 09:55:00Normalen promet,Ivančna Gorica - Krka,288,50,11.8,5.2,01.06.2026 09:55:00,Normalen promet
,Krka - Ivančna Gorica2885311.94.501.06.2026 09:55:00Normalen promet,Krka - Ivančna Gorica,288,53,11.9,4.5,01.06.2026 09:55:00,Normalen promet
R1-216,ČrmošnjiceČrmošnjice - Črnomelj966326.11.401.06.2026 10:00:00Normalen promet,Črmošnjice - Črnomelj,96,63,26.1,1.4,01.06.2026 10:00:00,Normalen promet
,Črnomelj - Črmošnjice845436.01.701.06.2026 10:00:00Normalen promet,Črnomelj - Črmošnjice,84,54,36.0,1.7,01.06.2026 10:00:00,Normalen promet
R1-217,BlatnikDobliče - Kanižarica365171.40.701.06.2026 09:55:00Normalen promet,Dobliče - Kanižarica,36,51,71.4,0.7,01.06.2026 09:55:00,Normalen promet
,Kanižarica - Dobliče725859.91.101.06.2026 09:55:00Normalen promet,Kanižarica - Dobliče,72,58,59.9,1.1,01.06.2026 09:55:00,Normalen promet
R1-217,RajndolČrnomelj - Kočevje368439.40.401.06.2026 10:00:00Normalen promet,Črnomelj - Kočevje,36,84,39.4,0.4,01.06.2026 10:00:00,Normalen promet
,Kočevje - Črnomelj00999.90.001.06.2026 10:00:00Ni prometa,Kočevje - Črnomelj,0,0,999.9,0.0,01.06.2026 10:00:00,Ni prometa
R1-218,PodzemeljČrnomelj - Podzemelj1685528.82.901.06.2026 10:00:00Normalen promet,Črnomelj - Podzemelj,168,55,28.8,2.9,01.06.2026 10:00:00,Normalen promet
,Podzemelj - Črnomelj1444022.43.201.06.2026 10:00:00Normalen promet,Podzemelj - Črnomelj,144,40,22.4,3.2,01.06.2026 10:00:00,Normalen promet
R1-218,DragatušKanižarica - Vinica845140.91.301.06.2026 10:00:00Normalen promet,Kanižarica - Vinica,84,51,40.9,1.3,01.06.2026 10:00:00,Normalen promet
,Vinica - Kanižarica2045517.92.701.06.2026 10:00:00Normalen promet,Vinica - Kanižarica,204,55,17.9,2.7,01.06.2026 10:00:00,Normalen promet
R1-218,KanižaricaČrnomelj - Kanižarica3125011.45.501.06.2026 10:00:00Normalen promet,Črnomelj - Kanižarica,312,50,11.4,5.5,01.06.2026 10:00:00,Normalen promet
,Kanižarica - Črnomelj3245110.45.401.06.2026 10:00:00Normalen promet,Kanižarica - Črnomelj,324,51,10.4,5.4,01.06.2026 10:00:00,Normalen promet
R1-218,GrmMetlika - Podzemelj1445224.92.201.06.2026 09:55:00Normalen promet,Metlika - Podzemelj,144,52,24.9,2.2,01.06.2026 09:55:00,Normalen promet
,Podzemelj - Metlika605748.10.801.06.2026 09:55:00Normalen promet,Podzemelj - Metlika,60,57,48.1,0.8,01.06.2026 09:55:00,Normalen promet
R1-219,Zgornja BrežnicaPoljčane - Sl. Bistrica2046513.13.001.06.2026 09:55:00Normalen promet,Poljčane - Sl. Bistrica,204,65,13.1,3.0,01.06.2026 09:55:00,Normalen promet
,Sl. Bistrica - Poljčane2405320.24.001.06.2026 09:55:00Normalen promet,Sl. Bistrica - Poljčane,240,53,20.2,4.0,01.06.2026 09:55:00,Normalen promet
R1-219,PodčetrtekGolobinjek - Mestinje2885211.85.901.06.2026 10:00:00Normalen promet,Golobinjek - Mestinje,288,52,11.8,5.9,01.06.2026 10:00:00,Normalen promet
,Mestinje - Golobinjek1924818.53.301.06.2026 10:00:00Normalen promet,Mestinje - Golobinjek,192,48,18.5,3.3,01.06.2026 10:00:00,Normalen promet
R1-219,BukošekBizeljsko - Brežice1206028.31.701.06.2026 10:00:00Normalen promet,Bizeljsko - Brežice,120,60,28.3,1.7,01.06.2026 10:00:00,Normalen promet
,Brežice - Bizeljsko845821.81.201.06.2026 10:00:00Normalen promet,Brežice - Bizeljsko,84,58,21.8,1.2,01.06.2026 10:00:00,Normalen promet
R1-219,BrežiceBrežice - Čatež372498.06.101.06.2026 10:00:00Normalen promet,Brežice - Čatež,372,49,8.0,6.1,01.06.2026 10:00:00,Normalen promet
,Čatež - Brežice492456.59.401.06.2026 10:00:00Povečan promet,Čatež - Brežice,492,45,6.5,9.4,01.06.2026 10:00:00,Povečan promet
R1-219,BizeljskoBistrica - Bizeljsko3653110.50.501.06.2026 10:00:00Normalen promet,Bistrica - Bizeljsko,36,53,110.5,0.5,01.06.2026 10:00:00,Normalen promet
,Bizeljsko - Bistrica1085235.71.701.06.2026 10:00:00Normalen promet,Bizeljsko - Bistrica,108,52,35.7,1.7,01.06.2026 10:00:00,Normalen promet
R1-220,Dolenja vasKrško - Spodnja Pohanca2046118.73.201.06.2026 10:00:00Normalen promet,Krško - Spodnja Pohanca,204,61,18.7,3.2,01.06.2026 10:00:00,Normalen promet
,Spodnja Pohanca - Krško1925417.03.201.06.2026 10:00:00Normalen promet,Spodnja Pohanca - Krško,192,54,17.0,3.2,01.06.2026 10:00:00,Normalen promet
R1-220,Spodnja PohancaBrežice - Krško2164920.43.901.06.2026 09:55:00Normalen promet,Brežice - Krško,216,49,20.4,3.9,01.06.2026 09:55:00,Normalen promet
,Krško - Brežice2284614.94.201.06.2026 09:55:00Normalen promet,Krško - Brežice,228,46,14.9,4.2,01.06.2026 09:55:00,Normalen promet
R1-221,KisovecIzlake - Zagorje1805117.32.901.06.2026 10:00:00Normalen promet,Izlake - Zagorje,180,51,17.3,2.9,01.06.2026 10:00:00,Normalen promet
,Zagorje - Izlake2645613.44.501.06.2026 10:00:00Normalen promet,Zagorje - Izlake,264,56,13.4,4.5,01.06.2026 10:00:00,Normalen promet
R1-221,BevškoBevško - Zagorje965327.61.301.06.2026 10:00:00Normalen promet,Bevško - Zagorje,96,53,27.6,1.3,01.06.2026 10:00:00,Normalen promet
,Zagorje - Bevško1205029.61.901.06.2026 10:00:00Normalen promet,Zagorje - Bevško,120,50,29.6,1.9,01.06.2026 10:00:00,Normalen promet
R1-221,MarnoHrastnik - Šmarjeta1565025.83.301.06.2026 10:00:00Normalen promet,Hrastnik - Šmarjeta,156,50,25.8,3.3,01.06.2026 10:00:00,Normalen promet
,Šmarjeta - Hrastnik1565122.42.401.06.2026 10:00:00Normalen promet,Šmarjeta - Hrastnik,156,51,22.4,2.4,01.06.2026 10:00:00,Normalen promet
R1-221,TrbovljeBevško - Trbovlje2405311.43.701.06.2026 10:00:00Normalen promet,Bevško - Trbovlje,240,53,11.4,3.7,01.06.2026 10:00:00,Normalen promet
,Trbovlje - Bevško2645413.13.901.06.2026 10:00:00Normalen promet,Trbovlje - Bevško,264,54,13.1,3.9,01.06.2026 10:00:00,Normalen promet
R1-222,Zagorje mostmost čez Savo - Zagorje1804419.54.001.06.2026 09:55:00Normalen promet,most čez Savo - Zagorje,180,44,19.5,4.0,01.06.2026 09:55:00,Normalen promet
,Zagorje - most čez Savo1684820.92.701.06.2026 09:55:00Normalen promet,Zagorje - most čez Savo,168,48,20.9,2.7,01.06.2026 09:55:00,Normalen promet
R1-223,Trbovlje 2Bevško - most čez Savo1805417.02.601.06.2026 10:00:00Normalen promet,Bevško - most čez Savo,180,54,17.0,2.6,01.06.2026 10:00:00,Normalen promet
,most čez Savo - Bevško2285114.53.701.06.2026 10:00:00Normalen promet,most čez Savo - Bevško,228,51,14.5,3.7,01.06.2026 10:00:00,Normalen promet
R1-224,Hrastnik 2Hrastnik - most čez Savo2284614.74.701.06.2026 10:00:00Normalen promet,Hrastnik - most čez Savo,228,46,14.7,4.7,01.06.2026 10:00:00,Normalen promet
,most čez Savo - Hrastnik1924819.13.401.06.2026 10:00:00Normalen promet,most čez Savo - Hrastnik,192,48,19.1,3.4,01.06.2026 10:00:00,Normalen promet
R1-225,LetušLetuš - Male Braslovče3244410.77.201.06.2026 10:00:00Normalen promet,Letuš - Male Braslovče,324,44,10.7,7.2,01.06.2026 10:00:00,Normalen promet
,Male Braslovče - Letuš1803918.85.601.06.2026 10:00:00Normalen promet,Male Braslovče - Letuš,180,39,18.8,5.6,01.06.2026 10:00:00,Normalen promet
R1-225,PrihovaMozirje - Nazarje444526.87.301.06.2026 10:00:00Povečan promet,Mozirje - Nazarje,444,52,6.8,7.3,01.06.2026 10:00:00,Povečan promet
,Nazarje - Mozirje3005311.85.401.06.2026 10:00:00Normalen promet,Nazarje - Mozirje,300,53,11.8,5.4,01.06.2026 10:00:00,Normalen promet
R1-225,Kamnik FužineKamnik - Spodnje Stranje1565121.32.501.06.2026 10:00:00Normalen promet,Kamnik - Spodnje Stranje,156,51,21.3,2.5,01.06.2026 10:00:00,Normalen promet
,Spodnje Stranje - Kamnik2404913.24.401.06.2026 10:00:00Normalen promet,Spodnje Stranje - Kamnik,240,49,13.2,4.4,01.06.2026 10:00:00,Normalen promet
R1-225,PodstudenecČrnivec - Stahovica726846.60.801.06.2026 09:55:00Normalen promet,Črnivec - Stahovica,72,68,46.6,0.8,01.06.2026 09:55:00,Normalen promet
,Stahovica - Črnivec606353.10.801.06.2026 09:55:00Normalen promet,Stahovica - Črnivec,60,63,53.1,0.8,01.06.2026 09:55:00,Normalen promet
R1-225,Gornji GradGornji Grad - Radmirje604158.51.501.06.2026 09:55:00Normalen promet,Gornji Grad - Radmirje,60,41,58.5,1.5,01.06.2026 09:55:00,Normalen promet
,Radmirje - Gornji Grad3643109.80.601.06.2026 09:55:00Normalen promet,Radmirje - Gornji Grad,36,43,109.8,0.6,01.06.2026 09:55:00,Normalen promet
R1-225,TirošekGornji Grad - Kamnik000.00.011.12.2023 14:05:00Ni podatka,Gornji Grad - Kamnik,0,0,0.0,0.0,11.12.2023 14:05:00,Ni podatka
,Kamnik - Gornji Grad000.00.011.12.2023 14:05:00Ni podatka,Kamnik - Gornji Grad,0,0,0.0,0.0,11.12.2023 14:05:00,Ni podatka
R1-225,ŠmarcaDuplica - Mengeš384708.85.001.06.2026 10:00:00Normalen promet,Duplica - Mengeš,384,70,8.8,5.0,01.06.2026 10:00:00,Normalen promet
,Mengeš - Duplica3006211.44.501.06.2026 10:00:00Normalen promet,Mengeš - Duplica,300,62,11.4,4.5,01.06.2026 10:00:00,Normalen promet
R1-225,Letuš 2Letuš - Soteska1324522.23.601.06.2026 10:00:00Normalen promet,Letuš - Soteska,132,45,22.2,3.6,01.06.2026 10:00:00,Normalen promet
,Soteska - Letuš1444323.13.201.06.2026 10:00:00Normalen promet,Soteska - Letuš,144,43,23.1,3.2,01.06.2026 10:00:00,Normalen promet
R1-225,KamnikDuplica - Kamnik000.00.025.01.2025 10:40:00Ni podatka,Duplica - Kamnik,0,0,0.0,0.0,25.01.2025 10:40:00,Ni podatka
,Kamnik - Duplica000.00.025.01.2025 10:40:00Ni podatka,Kamnik - Duplica,0,0,0.0,0.0,25.01.2025 10:40:00,Ni podatka
R1-225,Orla vasParižlje - Šentrupert156609.62.501.06.2026 10:00:00Normalen promet,Parižlje - Šentrupert,156,60,9.6,2.5,01.06.2026 10:00:00,Normalen promet
,Šentrupert - Parižlje1926218.13.101.06.2026 10:00:00Normalen promet,Šentrupert - Parižlje,192,62,18.1,3.1,01.06.2026 10:00:00,Normalen promet
R1-225,LjubijaMozirje - Soteska3244010.07.601.06.2026 09:55:00Normalen promet,Mozirje - Soteska,324,40,10.0,7.6,01.06.2026 09:55:00,Normalen promet
,Soteska - Mozirje2883511.26.801.06.2026 09:55:00Normalen promet,Soteska - Mozirje,288,35,11.2,6.8,01.06.2026 09:55:00,Normalen promet
R1-227,BrdinjeKotlje - Ravne3125311.45.001.06.2026 10:00:00Normalen promet,Kotlje - Ravne,312,53,11.4,5.0,01.06.2026 10:00:00,Normalen promet
,Ravne - Kotlje2645613.24.001.06.2026 10:00:00Normalen promet,Ravne - Kotlje,264,56,13.2,4.0,01.06.2026 10:00:00,Normalen promet
R1-227,Stari trg pri SGKotlje - Stari trg3244511.15.901.06.2026 10:00:00Normalen promet,Kotlje - Stari trg,324,45,11.1,5.9,01.06.2026 10:00:00,Normalen promet
,Stari trg - Kotlje1924318.23.601.06.2026 10:00:00Normalen promet,Stari trg - Kotlje,192,43,18.2,3.6,01.06.2026 10:00:00,Normalen promet
R1-228,MP ZavrčBorl - MP Zavrč (vsi)604235.31.501.06.2026 09:50:00Normalen promet,Borl - MP Zavrč (vsi),60,42,35.3,1.5,01.06.2026 09:50:00,Normalen promet
,MP Zavrč - Borl604455.01.501.06.2026 09:50:00Normalen promet,MP Zavrč - Borl,60,44,55.0,1.5,01.06.2026 09:50:00,Normalen promet
,MP Zavrč - Borl (tovorni)000.00.027.02.2025 10:50:00Ni podatka,MP Zavrč - Borl (tovorni),0,0,0.0,0.0,27.02.2025 10:50:00,Ni podatka
R1-228,StojnciMP Zavrč - Spuhlja1686420.82.201.06.2026 10:00:00Normalen promet,MP Zavrč - Spuhlja,168,64,20.8,2.2,01.06.2026 10:00:00,Normalen promet
,Spuhlja - MP Zavrč1566724.82.001.06.2026 10:00:00Normalen promet,Spuhlja - MP Zavrč,156,67,24.8,2.0,01.06.2026 10:00:00,Normalen promet
R1-229,GočovaGomilci - Senarska845642.81.201.06.2026 09:55:00Normalen promet,Gomilci - Senarska,84,56,42.8,1.2,01.06.2026 09:55:00,Normalen promet
,Senarska - Gomilci1325332.32.601.06.2026 09:55:00Normalen promet,Senarska - Gomilci,132,53,32.3,2.6,01.06.2026 09:55:00,Normalen promet
R1-229,Nova vas pri PtujuJanežovci - Rogoznica1565520.02.601.06.2026 10:00:00Normalen promet,Janežovci - Rogoznica,156,55,20.0,2.6,01.06.2026 10:00:00,Normalen promet
,Rogoznica - Janežovci1685821.72.401.06.2026 10:00:00Normalen promet,Rogoznica - Janežovci,168,58,21.7,2.4,01.06.2026 10:00:00,Normalen promet
R1-229,PtujPtuj - Rogoznica444537.36.901.06.2026 09:55:00Normalen promet,Ptuj - Rogoznica,444,53,7.3,6.9,01.06.2026 09:55:00,Normalen promet
,Rogoznica - Ptuj2405414.23.401.06.2026 09:55:00Normalen promet,Rogoznica - Ptuj,240,54,14.2,3.4,01.06.2026 09:55:00,Normalen promet
R1-230,OrmožIzstop iz Slo722259.12.701.06.2026 09:55:00Normalen promet,Izstop iz Slo,72,22,59.1,2.7,01.06.2026 09:55:00,Normalen promet
,Vstop v Slo602764.01.701.06.2026 09:55:00Normalen promet,Vstop v Slo,60,27,64.0,1.7,01.06.2026 09:55:00,Normalen promet
R1-230,RadenciRadenci - Vučja vas1925319.93.701.06.2026 10:00:00Normalen promet,Radenci - Vučja vas,192,53,19.9,3.7,01.06.2026 10:00:00,Normalen promet
,Vučja vas - Radenci965930.11.801.06.2026 10:00:00Normalen promet,Vučja vas - Radenci,96,59,30.1,1.8,01.06.2026 10:00:00,Normalen promet
R1-230,NoršinciKriževci - Ljutomer2764911.45.901.06.2026 10:00:00Normalen promet,Križevci - Ljutomer,276,49,11.4,5.9,01.06.2026 10:00:00,Normalen promet
,Ljutomer - Križevci2404714.34.701.06.2026 10:00:00Normalen promet,Ljutomer - Križevci,240,47,14.3,4.7,01.06.2026 10:00:00,Normalen promet
R1-230,IvanjkovciLjutomer - Ormož845556.41.701.06.2026 09:55:00Normalen promet,Ljutomer - Ormož,84,55,56.4,1.7,01.06.2026 09:55:00,Normalen promet
,Ormož - Ljutomer486146.90.601.06.2026 09:55:00Normalen promet,Ormož - Ljutomer,48,61,46.9,0.6,01.06.2026 09:55:00,Normalen promet
R1-230,PavlovciOrmož - Pavlovci1086131.01.401.06.2026 09:55:00Normalen promet,Ormož - Pavlovci,108,61,31.0,1.4,01.06.2026 09:55:00,Normalen promet
,Pavlovci - Ormož1925420.32.801.06.2026 09:55:00Normalen promet,Pavlovci - Ormož,192,54,20.3,2.8,01.06.2026 09:55:00,Normalen promet
R1-230,IljaševciKriževci - Vučja vas1206128.52.101.06.2026 10:00:00Normalen promet,Križevci - Vučja vas,120,61,28.5,2.1,01.06.2026 10:00:00,Normalen promet
,Vučja vas - Križevci1326326.72.101.06.2026 10:00:00Normalen promet,Vučja vas - Križevci,132,63,26.7,2.1,01.06.2026 10:00:00,Normalen promet
R1-230,MT Gornja RadgonaG. Radgona - most čez Muro228288.637.801.06.2026 10:00:00Normalen promet,G. Radgona - most čez Muro,228,28,8.6,37.8,01.06.2026 10:00:00,Normalen promet
,most čez Muro - G. Radgona1923317.65.201.06.2026 10:00:00Normalen promet,most čez Muro - G. Radgona,192,33,17.6,5.2,01.06.2026 10:00:00,Normalen promet
R1-230,ŠratovciGornja Radgona - Radenci2525214.44.001.06.2026 10:00:00Normalen promet,Gornja Radgona - Radenci,252,52,14.4,4.0,01.06.2026 10:00:00,Normalen promet
,Radenci - Gornja Radgona2404813.44.601.06.2026 10:00:00Normalen promet,Radenci - Gornja Radgona,240,48,13.4,4.6,01.06.2026 10:00:00,Normalen promet
R1-231,MP GibinaHrvaška - Razkrižje2446179.10.401.06.2026 10:00:00Normalen promet,Hrvaška - Razkrižje,24,46,179.1,0.4,01.06.2026 10:00:00,Normalen promet
,Razkrižje - Hrvaška244757.40.401.06.2026 10:00:00Normalen promet,Razkrižje - Hrvaška,24,47,57.4,0.4,01.06.2026 10:00:00,Normalen promet
R1-231,Stročja vasLjutomer - Stročja vas1805418.63.101.06.2026 09:50:00Normalen promet,Ljutomer - Stročja vas,180,54,18.6,3.1,01.06.2026 09:50:00,Normalen promet
,Stročja vas - Ljutomer1565323.12.601.06.2026 09:50:00Normalen promet,Stročja vas - Ljutomer,156,53,23.1,2.6,01.06.2026 09:50:00,Normalen promet
R1-232,VanečaMačkovci - Martjanci1326624.61.601.06.2026 10:00:00Normalen promet,Mačkovci - Martjanci,132,66,24.6,1.6,01.06.2026 10:00:00,Normalen promet
,Martjanci - Mačkovci606868.10.701.06.2026 10:00:00Normalen promet,Martjanci - Mačkovci,60,68,68.1,0.7,01.06.2026 10:00:00,Normalen promet
R1-232,Murska Sobota (Bakša)Lipovci - Murska Sobota492556.97.801.06.2026 10:00:00Povečan promet,Lipovci - Murska Sobota,492,55,6.9,7.8,01.06.2026 10:00:00,Povečan promet
,Murska Sobota - Lipovci396588.05.801.06.2026 10:00:00Povečan promet,Murska Sobota - Lipovci,396,58,8.0,5.8,01.06.2026 10:00:00,Povečan promet
R1-232,MT HodošMadžarska - Petrovci00999.90.001.06.2026 10:00:00Ni prometa,Madžarska - Petrovci,0,0,999.9,0.0,01.06.2026 10:00:00,Ni prometa
,Petrovci - Madžarska1290778.70.101.06.2026 10:00:00Normalen promet,Petrovci - Madžarska,12,90,778.7,0.1,01.06.2026 10:00:00,Normalen promet
R1-232,PeskovciHodoš - M. Sobota1254155.60.101.06.2026 09:55:00Normalen promet,Hodoš - M. Sobota,12,54,155.6,0.1,01.06.2026 09:55:00,Normalen promet
,M. Sobota - Hodoš366671.70.401.06.2026 09:55:00Normalen promet,M. Sobota - Hodoš,36,66,71.7,0.4,01.06.2026 09:55:00,Normalen promet
R1-232,Murska Sobota severMartjanci - Murska Sobota sever660243.428.201.06.2026 10:00:00Zgoščen promet,Martjanci - Murska Sobota sever,660,24,3.4,28.2,01.06.2026 10:00:00,Zgoščen promet
,Murska Sobota - Martjanci444397.39.501.06.2026 10:00:00Povečan promet,Murska Sobota - Martjanci,444,39,7.3,9.5,01.06.2026 10:00:00,Povečan promet
R1-234,DoleDole - Dramlje1805519.42.901.06.2026 09:55:00Normalen promet,Dole - Dramlje,180,55,19.4,2.9,01.06.2026 09:55:00,Normalen promet
,Dramlje - Dole2285314.73.901.06.2026 09:55:00Normalen promet,Dramlje - Dole,228,53,14.7,3.9,01.06.2026 09:55:00,Normalen promet
R1-234,LokarjeDole - Šentjur372479.87.401.06.2026 10:00:00Normalen promet,Dole - Šentjur,372,47,9.8,7.4,01.06.2026 10:00:00,Normalen promet
,Šentjur - Dole3004311.67.001.06.2026 10:00:00Normalen promet,Šentjur - Dole,300,43,11.6,7.0,01.06.2026 10:00:00,Normalen promet
R1-235,PetanjciPetanjci - Radenci2045816.93.201.06.2026 10:00:00Normalen promet,Petanjci - Radenci,204,58,16.9,3.2,01.06.2026 10:00:00,Normalen promet
,Radenci - Petanjci1445227.02.201.06.2026 10:00:00Normalen promet,Radenci - Petanjci,144,52,27.0,2.2,01.06.2026 10:00:00,Normalen promet
R1-235,MS KrogM.Sobota (Gaj) - Priklj. M. Sobo1205427.72.201.06.2026 10:00:00Normalen promet,M.Sobota (Gaj) - Priklj. M. Sobo,120,54,27.7,2.2,01.06.2026 10:00:00,Normalen promet
,Priklj. M.Sobota - M. Sobota (Ga1325826.51.901.06.2026 10:00:00Normalen promet,Priklj. M.Sobota - M. Sobota (Ga,132,58,26.5,1.9,01.06.2026 10:00:00,Normalen promet
R1-235,TropovciM. Sobota (Gaj) - Petanjci2525813.64.101.06.2026 10:00:00Normalen promet,M. Sobota (Gaj) - Petanjci,252,58,13.6,4.1,01.06.2026 10:00:00,Normalen promet
,Petanjci - M. Sobota (Gaj)2886111.94.001.06.2026 10:00:00Normalen promet,Petanjci - M. Sobota (Gaj),288,61,11.9,4.0,01.06.2026 10:00:00,Normalen promet
R1-235,MS VZH obvoznicaMS jug - MS vzhod1203022.74.601.06.2026 09:55:00Normalen promet,MS jug - MS vzhod,120,30,22.7,4.6,01.06.2026 09:55:00,Normalen promet
,MS vzhod - MS jug1923918.55.101.06.2026 09:55:00Normalen promet,MS vzhod - MS jug,192,39,18.5,5.1,01.06.2026 09:55:00,Normalen promet
R1-235,MS GajMurska Sobota - Radenci1446624.91.801.06.2026 10:00:00Normalen promet,Murska Sobota - Radenci,144,66,24.9,1.8,01.06.2026 10:00:00,Normalen promet
,Radenci - Murska Sobota1807920.41.901.06.2026 10:00:00Normalen promet,Radenci - Murska Sobota,180,79,20.4,1.9,01.06.2026 10:00:00,Normalen promet
R1-240,Volčja DragaŠempeter - Volčja Draga3245610.24.601.06.2026 10:00:00Normalen promet,Šempeter - Volčja Draga,324,56,10.2,4.6,01.06.2026 10:00:00,Normalen promet
,Volčja Draga - Šempeter528546.27.601.06.2026 10:00:00Povečan promet,Volčja Draga - Šempeter,528,54,6.2,7.6,01.06.2026 10:00:00,Povečan promet
R2-402,PodsabotinGonjače - Solkan846339.91.001.06.2026 10:00:00Normalen promet,Gonjače - Solkan,84,63,39.9,1.0,01.06.2026 10:00:00,Normalen promet
R2-402,MP NebloMT Neblo - Neblo1685920.42.101.06.2026 10:00:00Normalen promet,MT Neblo - Neblo,168,59,20.4,2.1,01.06.2026 10:00:00,Normalen promet
,Neblo - MT Neblo605557.80.801.06.2026 10:00:00Normalen promet,Neblo - MT Neblo,60,55,57.8,0.8,01.06.2026 10:00:00,Normalen promet
R2-402,Šmartno v BrdihDobrovo - Gonjače724555.01.401.06.2026 10:00:00Normalen promet,Dobrovo - Gonjače,72,45,55.0,1.4,01.06.2026 10:00:00,Normalen promet
,Gonjače - Dobrovo1204540.02.201.06.2026 10:00:00Normalen promet,Gonjače - Dobrovo,120,45,40.0,2.2,01.06.2026 10:00:00,Normalen promet
R2-403,Škofja Lokacenter - Ljubljanska c.780383.816.801.06.2026 10:00:00Gost promet,center - Ljubljanska c.,780,38,3.8,16.8,01.06.2026 10:00:00,Gost promet
,Ljubljanska c. - center600405.212.701.06.2026 10:00:00Zgoščen promet,Ljubljanska c. - center,600,40,5.2,12.7,01.06.2026 10:00:00,Zgoščen promet
R2-403,BačaBača - Kneža00999.90.001.06.2026 09:55:00Ni prometa,Bača - Kneža,0,0,999.9,0.0,01.06.2026 09:55:00,Ni prometa
,Kneža - Bača486741.00.501.06.2026 09:55:00Normalen promet,Kneža - Bača,48,67,41.0,0.5,01.06.2026 09:55:00,Normalen promet
R2-403,ŽeleznikiBača - Železniki605058.21.101.06.2026 10:00:00Normalen promet,Bača - Železniki,60,50,58.2,1.1,01.06.2026 10:00:00,Normalen promet
,Železniki - Bača605367.30.901.06.2026 10:00:00Normalen promet,Železniki - Bača,60,53,67.3,0.9,01.06.2026 10:00:00,Normalen promet
R2-403,BukovicaČešnjica - Škofja Loka1925114.73.301.06.2026 10:00:00Normalen promet,Češnjica - Škofja Loka,192,51,14.7,3.3,01.06.2026 10:00:00,Normalen promet
,Škofja Loka - Češnjica725145.61.301.06.2026 10:00:00Normalen promet,Škofja Loka - Češnjica,72,51,45.6,1.3,01.06.2026 10:00:00,Normalen promet
R2-404,RečicaIlirska Bistrica - Podgrad1446535.81.901.06.2026 10:00:00Normalen promet,Ilirska Bistrica - Podgrad,144,65,35.8,1.9,01.06.2026 10:00:00,Normalen promet
,Podgrad - Ilirska Bistrica1445724.62.201.06.2026 10:00:00Normalen promet,Podgrad - Ilirska Bistrica,144,57,24.6,2.2,01.06.2026 10:00:00,Normalen promet
R2-404,DrskovčeIlirska Bistrica - Pivka2404715.34.301.06.2026 10:00:00Normalen promet,Ilirska Bistrica - Pivka,240,47,15.3,4.3,01.06.2026 10:00:00,Normalen promet
,Pivka - Ilirska Bistrica1206229.61.501.06.2026 10:00:00Normalen promet,Pivka - Ilirska Bistrica,120,62,29.6,1.5,01.06.2026 10:00:00,Normalen promet
R2-405,BujeFamlje - Ribnica2482185.90.201.06.2026 10:00:00Normalen promet,Famlje - Ribnica,24,82,185.9,0.2,01.06.2026 10:00:00,Normalen promet
,Ribnica - Famlje726751.91.201.06.2026 10:00:00Normalen promet,Ribnica - Famlje,72,67,51.9,1.2,01.06.2026 10:00:00,Normalen promet
R2-406,AnkaranAnkaran - Križ. Moretini3006111.44.001.06.2026 10:00:00Normalen promet,Ankaran - Križ. Moretini,300,61,11.4,4.0,01.06.2026 10:00:00,Normalen promet
,Križ. Moretini - Ankaran3125711.14.701.06.2026 10:00:00Normalen promet,Križ. Moretini - Ankaran,312,57,11.1,4.7,01.06.2026 10:00:00,Normalen promet
R2-406,LazaretAnkaran - MP Lazaret484776.80.801.06.2026 10:00:00Normalen promet,Ankaran - MP Lazaret,48,47,76.8,0.8,01.06.2026 10:00:00,Normalen promet
,MP Lazaret - Ankaran484071.11.001.06.2026 10:00:00Normalen promet,MP Lazaret - Ankaran,48,40,71.1,1.0,01.06.2026 10:00:00,Normalen promet
R2-407,HorjulHorjul - Vrhnika604726.81.201.06.2026 10:00:00Normalen promet,Horjul - Vrhnika,60,47,26.8,1.2,01.06.2026 10:00:00,Normalen promet
,Vrhnika - Horjul605953.30.901.06.2026 10:00:00Normalen promet,Vrhnika - Horjul,60,59,53.3,0.9,01.06.2026 10:00:00,Normalen promet
R2-408,ZavratecLogatec - Žiri2461127.20.201.06.2026 10:00:00Normalen promet,Logatec - Žiri,24,61,127.2,0.2,01.06.2026 10:00:00,Normalen promet
,Žiri - Logatec2464205.80.301.06.2026 10:00:00Normalen promet,Žiri - Logatec,24,64,205.8,0.3,01.06.2026 10:00:00,Normalen promet
R2-408,LogatecLogatec - Žiri845539.31.701.06.2026 10:00:00Normalen promet,Logatec - Žiri,84,55,39.3,1.7,01.06.2026 10:00:00,Normalen promet
,Žiri - Logatec724847.21.601.06.2026 10:00:00Normalen promet,Žiri - Logatec,72,48,47.2,1.6,01.06.2026 10:00:00,Normalen promet
R2-408,ŽiriTrebija - Žiri963833.02.301.06.2026 09:50:00Normalen promet,Trebija - Žiri,96,38,33.0,2.3,01.06.2026 09:50:00,Normalen promet
,Žiri - Trebija1083934.22.401.06.2026 09:50:00Normalen promet,Žiri - Trebija,108,39,34.2,2.4,01.06.2026 09:50:00,Normalen promet
R2-409,ZapoljeLogatec - Vrhnika1926218.43.101.06.2026 10:00:00Normalen promet,Logatec - Vrhnika,192,62,18.4,3.1,01.06.2026 10:00:00,Normalen promet
,Vrhnika - Logatec3005512.55.001.06.2026 10:00:00Normalen promet,Vrhnika - Logatec,300,55,12.5,5.0,01.06.2026 10:00:00,Normalen promet
R2-409,GorjancAC Brezovica - LJ (Vič)468486.98.101.06.2026 09:55:00Povečan promet,AC Brezovica - LJ (Vič),468,48,6.9,8.1,01.06.2026 09:55:00,Povečan promet
,LJ (Vič) - AC Brezovica432468.58.001.06.2026 09:55:00Normalen promet,LJ (Vič) - AC Brezovica,432,46,8.5,8.0,01.06.2026 09:55:00,Normalen promet
R2-409,SenožečeRazdrto - Senožeče1205936.71.901.06.2026 10:00:00Normalen promet,Razdrto - Senožeče,120,59,36.7,1.9,01.06.2026 10:00:00,Normalen promet
,Senožeče - Razdrto1325826.92.201.06.2026 10:00:00Normalen promet,Senožeče - Razdrto,132,58,26.9,2.2,01.06.2026 10:00:00,Normalen promet
R2-409,BrezovicaAC Brezovica - Brezovica000.00.011.04.2026 18:45:00Ni podatka,AC Brezovica - Brezovica,0,0,0.0,0.0,11.04.2026 18:45:00,Ni podatka
,Brezovica - AC Brezovica000.00.011.04.2026 18:45:00Ni podatka,Brezovica - AC Brezovica,0,0,0.0,0.0,11.04.2026 18:45:00,Ni podatka
R2-409,Drenov GričBrezovica - Vrhnika312539.75.401.06.2026 09:55:00Normalen promet,Brezovica - Vrhnika,312,53,9.7,5.4,01.06.2026 09:55:00,Normalen promet
,Vrhnika - Brezovica432516.77.701.06.2026 09:55:00Povečan promet,Vrhnika - Brezovica,432,51,6.7,7.7,01.06.2026 09:55:00,Povečan promet
R2-409,RavbarkomandaPlanina - Ravbarkomanda486384.30.601.06.2026 10:00:00Normalen promet,Planina - Ravbarkomanda,48,63,84.3,0.6,01.06.2026 10:00:00,Normalen promet
,Ravbarkomanda - Planina846944.61.001.06.2026 10:00:00Normalen promet,Ravbarkomanda - Planina,84,69,44.6,1.0,01.06.2026 10:00:00,Normalen promet
R2-409,PetrinjeKastelec - Kozina487671.90.501.06.2026 10:00:00Normalen promet,Kastelec - Kozina,48,76,71.9,0.5,01.06.2026 10:00:00,Normalen promet
,Kozina - Kastelec607354.70.601.06.2026 10:00:00Normalen promet,Kozina - Kastelec,60,73,54.7,0.6,01.06.2026 10:00:00,Normalen promet
R2-409,ŠkocjanDivača - Matavun847445.50.901.06.2026 10:00:00Normalen promet,Divača - Matavun,84,74,45.5,0.9,01.06.2026 10:00:00,Normalen promet
,Matavun - Divača726553.50.801.06.2026 10:00:00Normalen promet,Matavun - Divača,72,65,53.5,0.8,01.06.2026 10:00:00,Normalen promet
R2-409,GrčarevecKalce - Planina1446419.22.401.06.2026 10:00:00Normalen promet,Kalce - Planina,144,64,19.2,2.4,01.06.2026 10:00:00,Normalen promet
,Planina - Kalce844628.22.001.06.2026 10:00:00Normalen promet,Planina - Kalce,84,46,28.2,2.0,01.06.2026 10:00:00,Normalen promet
R2-409,PostojnaPostojna - Razdrto2765212.24.401.06.2026 10:00:00Normalen promet,Postojna - Razdrto,276,52,12.2,4.4,01.06.2026 10:00:00,Normalen promet
,Razdrto - Postojna2284815.13.901.06.2026 10:00:00Normalen promet,Razdrto - Postojna,228,48,15.1,3.9,01.06.2026 10:00:00,Normalen promet
R2-409,DivačaDivača - Senožeče3667104.10.601.06.2026 09:55:00Normalen promet,Divača - Senožeče,36,67,104.1,0.6,01.06.2026 09:55:00,Normalen promet
,Senožeče - Divača726954.40.901.06.2026 09:55:00Normalen promet,Senožeče - Divača,72,69,54.4,0.9,01.06.2026 09:55:00,Normalen promet
R2-409,KačiceKozina - Matavun4889104.60.401.06.2026 09:55:00Normalen promet,Kozina - Matavun,48,89,104.6,0.4,01.06.2026 09:55:00,Normalen promet
,Matavun - Kozina608967.30.501.06.2026 09:55:00Normalen promet,Matavun - Kozina,60,89,67.3,0.5,01.06.2026 09:55:00,Normalen promet
R2-409,DekaniKoper - Rižana1445424.92.201.06.2026 10:00:00Normalen promet,Koper - Rižana,144,54,24.9,2.2,01.06.2026 10:00:00,Normalen promet
,Rižana - Koper725347.61.101.06.2026 10:00:00Normalen promet,Rižana - Koper,72,53,47.6,1.1,01.06.2026 10:00:00,Normalen promet
R2-410,TenetišeGolnik - Kokrica2645212.94.201.06.2026 09:55:00Normalen promet,Golnik - Kokrica,264,52,12.9,4.2,01.06.2026 09:55:00,Normalen promet
,Kokrica - Golnik1685519.72.501.06.2026 09:55:00Normalen promet,Kokrica - Golnik,168,55,19.7,2.5,01.06.2026 09:55:00,Normalen promet
R2-410,TržičBistrica - Tržič396388.68.501.06.2026 10:00:00Povečan promet,Bistrica - Tržič,396,38,8.6,8.5,01.06.2026 10:00:00,Povečan promet
,Tržič - Bistrica480376.610.601.06.2026 10:00:00Povečan promet,Tržič - Bistrica,480,37,6.6,10.6,01.06.2026 10:00:00,Povečan promet
R2-410,SeničnoTržič - Golnik000.00.004.10.2024 15:20:00Ni podatka,Tržič - Golnik,0,0,0.0,0.0,04.10.2024 15:20:00,Ni podatka
R2-410,KokricaKokrica - Kranj420498.36.601.06.2026 10:00:00Povečan promet,Kokrica - Kranj,420,49,8.3,6.6,01.06.2026 10:00:00,Povečan promet
,Kranj - Kokrica2884711.64.601.06.2026 10:00:00Normalen promet,Kranj - Kokrica,288,47,11.6,4.6,01.06.2026 10:00:00,Normalen promet
R2-411,NakloNaklo - Polica468507.38.301.06.2026 10:00:00Povečan promet,Naklo - Polica,468,50,7.3,8.3,01.06.2026 10:00:00,Povečan promet
,Polica - Naklo408477.37.501.06.2026 10:00:00Normalen promet,Polica - Naklo,408,47,7.3,7.5,01.06.2026 10:00:00,Normalen promet
R2-411,Dobro PoljeČrnivec- Gobovce485343.00.901.06.2026 09:50:00Normalen promet,Črnivec- Gobovce,48,53,43.0,0.9,01.06.2026 09:50:00,Normalen promet
,Gobovce - Črnivec485343.00.901.06.2026 09:50:00Normalen promet,Gobovce - Črnivec,48,53,43.0,0.9,01.06.2026 09:50:00,Normalen promet
R2-411,PodbrezjeRadovljica - Kranj1444621.22.801.06.2026 10:00:00Normalen promet,Radovljica - Kranj,144,46,21.2,2.8,01.06.2026 10:00:00,Normalen promet
R2-412,Kranj (Labore)Iskra - Labore000.00.014.12.2023 05:50:00Ni podatka,Iskra - Labore,0,0,0.0,0.0,14.12.2023 05:50:00,Ni podatka
,Labore - Iskra000.00.014.12.2023 05:50:00Ni podatka,Labore - Iskra,0,0,0.0,0.0,14.12.2023 05:50:00,Ni podatka
R2-412,Kranj (sejem)Iskra - Kidričeva660534.911.501.06.2026 10:00:00Zgoščen promet,Iskra - Kidričeva,660,53,4.9,11.5,01.06.2026 10:00:00,Zgoščen promet
,Kidričeva - Iskra612505.210.901.06.2026 10:00:00Zgoščen promet,Kidričeva - Iskra,612,50,5.2,10.9,01.06.2026 10:00:00,Zgoščen promet
R2-412,Kranj (Zlato polje)Kidričeva c. - Polica504546.48.601.06.2026 10:00:00Povečan promet,Kidričeva c. - Polica,504,54,6.4,8.6,01.06.2026 10:00:00,Povečan promet
,Polica - Kidričeva c.600425.313.301.06.2026 10:00:00Povečan promet,Polica - Kidričeva c.,600,42,5.3,13.3,01.06.2026 10:00:00,Povečan promet
R2-413,ValburgaVodice - Zbilje2284513.53.701.06.2026 10:00:00Normalen promet,Vodice - Zbilje,228,45,13.5,3.7,01.06.2026 10:00:00,Normalen promet
,Zbilje - Vodice1804618.63.201.06.2026 10:00:00Normalen promet,Zbilje - Vodice,180,46,18.6,3.2,01.06.2026 10:00:00,Normalen promet
R2-413,ŽejeMoste - Vodice348469.47.601.06.2026 10:00:00Normalen promet,Moste - Vodice,348,46,9.4,7.6,01.06.2026 10:00:00,Normalen promet
,Vodice - Moste360568.46.401.06.2026 10:00:00Normalen promet,Vodice - Moste,360,56,8.4,6.4,01.06.2026 10:00:00,Normalen promet
R2-413,KrižKamnik - Moste3125012.05.301.06.2026 10:00:00Normalen promet,Kamnik - Moste,312,50,12.0,5.3,01.06.2026 10:00:00,Normalen promet
,Moste - Kamnik348458.66.401.06.2026 10:00:00Normalen promet,Moste - Kamnik,348,45,8.6,6.4,01.06.2026 10:00:00,Normalen promet
R2-414,LazeKamnik - Tuhinj844950.71.501.06.2026 10:00:00Normalen promet,Kamnik - Tuhinj,84,49,50.7,1.5,01.06.2026 10:00:00,Normalen promet
,Tuhinj - Kamnik1205927.51.801.06.2026 10:00:00Normalen promet,Tuhinj - Kamnik,120,59,27.5,1.8,01.06.2026 10:00:00,Normalen promet
R2-414,LočicaKamnik - Ločica724444.51.801.06.2026 09:50:00Normalen promet,Kamnik - Ločica,72,44,44.5,1.8,01.06.2026 09:50:00,Normalen promet
,Ločica - Kamnik604480.21.201.06.2026 09:50:00Normalen promet,Ločica - Kamnik,60,44,80.2,1.2,01.06.2026 09:50:00,Normalen promet
R2-415,KrtinaAC - Moravče1327725.31.301.06.2026 10:00:00Normalen promet,AC - Moravče,132,77,25.3,1.3,01.06.2026 10:00:00,Normalen promet
,Moravče - AC1926614.02.401.06.2026 10:00:00Normalen promet,Moravče - AC,192,66,14.0,2.4,01.06.2026 10:00:00,Normalen promet
R2-415,KandršeIzlake - Moravče965031.61.501.06.2026 10:00:00Normalen promet,Izlake - Moravče,96,50,31.6,1.5,01.06.2026 10:00:00,Normalen promet
,Moravče - Izlake3646119.20.601.06.2026 10:00:00Normalen promet,Moravče - Izlake,36,46,119.2,0.6,01.06.2026 10:00:00,Normalen promet
R2-416,Črni PotokIvančna Gorica - Litija365799.50.401.06.2026 10:00:00Normalen promet,Ivančna Gorica - Litija,36,57,99.5,0.4,01.06.2026 10:00:00,Normalen promet
,Litija - Ivančna Gorica3655144.40.701.06.2026 10:00:00Normalen promet,Litija - Ivančna Gorica,36,55,144.4,0.7,01.06.2026 10:00:00,Normalen promet
R2-416,LitijaLitija - Šmartno2644713.04.701.06.2026 10:00:00Normalen promet,Litija - Šmartno,264,47,13.0,4.7,01.06.2026 10:00:00,Normalen promet
,Šmartno - Litija1445021.72.701.06.2026 10:00:00Normalen promet,Šmartno - Litija,144,50,21.7,2.7,01.06.2026 10:00:00,Normalen promet
R2-417,MoravčeGabrovka - Mala Koštrevnica12496.70.101.06.2026 09:55:00Povečan promet,Gabrovka - Mala Koštrevnica,12,49,6.7,0.1,01.06.2026 09:55:00,Povečan promet
,Mala Koštrevnica - Gabrovka365571.20.501.06.2026 09:55:00Normalen promet,Mala Koštrevnica - Gabrovka,36,55,71.2,0.5,01.06.2026 09:55:00,Normalen promet
R2-418,ŠkocjanŠkocjan - Zbure2454159.30.301.06.2026 10:00:00Normalen promet,Škocjan - Zbure,24,54,159.3,0.3,01.06.2026 10:00:00,Normalen promet
,Zbure - Škocjan844640.624.001.06.2026 10:00:00Povečan promet,Zbure - Škocjan,84,46,40.6,24.0,01.06.2026 10:00:00,Povečan promet
R2-418,DramaAC - Šentjernej1325326.52.301.06.2026 10:00:00Normalen promet,AC - Šentjernej,132,53,26.5,2.3,01.06.2026 10:00:00,Normalen promet
,Šentjernej - AC1085629.21.601.06.2026 10:00:00Normalen promet,Šentjernej - AC,108,56,29.2,1.6,01.06.2026 10:00:00,Normalen promet
R2-418,ZbureMokronog - Zbure365872.90.501.06.2026 09:55:00Normalen promet,Mokronog - Zbure,36,58,72.9,0.5,01.06.2026 09:55:00,Normalen promet
,Zbure - Mokronog4858114.10.601.06.2026 09:55:00Normalen promet,Zbure - Mokronog,48,58,114.1,0.6,01.06.2026 09:55:00,Normalen promet
R2-418,Dobruška vasDobruška vas - Škocjan1206333.31.501.06.2026 09:55:00Normalen promet,Dobruška vas - Škocjan,120,63,33.3,1.5,01.06.2026 09:55:00,Normalen promet
,Škocjan - Dobruška vas1086036.61.501.06.2026 09:55:00Normalen promet,Škocjan - Dobruška vas,108,60,36.6,1.5,01.06.2026 09:55:00,Normalen promet
R2-419,PotokNM Drska - Straža1445421.72.101.06.2026 10:00:00Normalen promet,NM Drska - Straža,144,54,21.7,2.1,01.06.2026 10:00:00,Normalen promet
,Straža - NM Drska2285014.94.101.06.2026 10:00:00Normalen promet,Straža - NM Drska,228,50,14.9,4.1,01.06.2026 10:00:00,Normalen promet
R2-419,Mokro PoljeRatež - Šentjernej964942.41.401.06.2026 10:00:00Normalen promet,Ratež - Šentjernej,96,49,42.4,1.4,01.06.2026 10:00:00,Normalen promet
,Šentjernej - Ratež484969.80.701.06.2026 10:00:00Normalen promet,Šentjernej - Ratež,48,49,69.8,0.7,01.06.2026 10:00:00,Normalen promet
R2-419,Malo Mraševo 2Kostanjevica - Križaj966238.31.301.06.2026 09:55:00Normalen promet,Kostanjevica - Križaj,96,62,38.3,1.3,01.06.2026 09:55:00,Normalen promet
,Križaj - Kostanjevica965531.91.501.06.2026 09:55:00Normalen promet,Križaj - Kostanjevica,96,55,31.9,1.5,01.06.2026 09:55:00,Normalen promet
R2-419,Župeča vasČatež ob Savi - Križaj725761.41.001.06.2026 09:55:00Normalen promet,Čatež ob Savi - Križaj,72,57,61.4,1.0,01.06.2026 09:55:00,Normalen promet
,Križaj - Čatež ob Savi846948.00.901.06.2026 09:55:00Normalen promet,Križaj - Čatež ob Savi,84,69,48.0,0.9,01.06.2026 09:55:00,Normalen promet
R2-419,RatežNovo mesto - Ratež1205929.81.601.06.2026 10:05:00Normalen promet,Novo mesto - Ratež,120,59,29.8,1.6,01.06.2026 10:05:00,Normalen promet
,Ratež - Novo mesto1447124.41.801.06.2026 10:05:00Normalen promet,Ratež - Novo mesto,144,71,24.4,1.8,01.06.2026 10:05:00,Normalen promet
R2-419,ŠentjernejKostanjevica - Šentjernej1444628.62.501.06.2026 09:55:00Normalen promet,Kostanjevica - Šentjernej,144,46,28.6,2.5,01.06.2026 09:55:00,Normalen promet
,Šentjernej - Kostanjevica845430.91.201.06.2026 09:55:00Normalen promet,Šentjernej - Kostanjevica,84,54,30.9,1.2,01.06.2026 09:55:00,Normalen promet
R2-419,Dolenje PoljeSoteska - Straža485660.50.701.06.2026 10:00:00Normalen promet,Soteska - Straža,48,56,60.5,0.7,01.06.2026 10:00:00,Normalen promet
,Straža - Soteska725052.11.101.06.2026 10:00:00Normalen promet,Straža - Soteska,72,50,52.1,1.1,01.06.2026 10:00:00,Normalen promet
R2-420,MostecBrežice - Dobova1324721.02.701.06.2026 09:55:00Normalen promet,Brežice - Dobova,132,47,21.0,2.7,01.06.2026 09:55:00,Normalen promet
,Dobova - Brežice2285215.53.501.06.2026 09:55:00Normalen promet,Dobova - Brežice,228,52,15.5,3.5,01.06.2026 09:55:00,Normalen promet
R2-420,MP RigonceDobova - MP844441.71.601.06.2026 10:00:00Normalen promet,Dobova - MP,84,44,41.7,1.6,01.06.2026 10:00:00,Normalen promet
,Dobova - MP844441.71.601.06.2026 10:00:00Normalen promet,Dobova - MP,84,44,41.7,1.6,01.06.2026 10:00:00,Normalen promet
R2-421,SemičRučetna vas - Štrekljevec1086225.41.701.06.2026 09:55:00Normalen promet,Ručetna vas - Štrekljevec,108,62,25.4,1.7,01.06.2026 09:55:00,Normalen promet
,Štrekljevec - Ručetna vas607154.70.601.06.2026 09:55:00Normalen promet,Štrekljevec - Ručetna vas,60,71,54.7,0.6,01.06.2026 09:55:00,Normalen promet
R2-421,OsojnikJugorje - Semič00999.90.001.06.2026 09:55:00Ni prometa,Jugorje - Semič,0,0,999.9,0.0,01.06.2026 09:55:00,Ni prometa
,Semič - Jugorje487568.40.701.06.2026 09:55:00Normalen promet,Semič - Jugorje,48,75,68.4,0.7,01.06.2026 09:55:00,Normalen promet
R2-422,SenovoBrestanica - Senovo2045017.53.101.06.2026 10:00:00Normalen promet,Brestanica - Senovo,204,50,17.5,3.1,01.06.2026 10:00:00,Normalen promet
,Senovo - Brestanica2404913.43.801.06.2026 10:00:00Normalen promet,Senovo - Brestanica,240,49,13.4,3.8,01.06.2026 10:00:00,Normalen promet
R2-422,Veliki KamenPodsreda - Senovo3631140.10.901.06.2026 09:55:00Normalen promet,Podsreda - Senovo,36,31,140.1,0.9,01.06.2026 09:55:00,Normalen promet
,Senovo - Podsreda965059.91.701.06.2026 09:55:00Normalen promet,Senovo - Podsreda,96,50,59.9,1.7,01.06.2026 09:55:00,Normalen promet
R2-423,JelcaKozje - Šentjur1261362.30.101.06.2026 10:00:00Normalen promet,Kozje - Šentjur,12,61,362.3,0.1,01.06.2026 10:00:00,Normalen promet
,Šentjur - Kozje00999.90.001.06.2026 10:00:00Ni prometa,Šentjur - Kozje,0,0,999.9,0.0,01.06.2026 10:00:00,Ni prometa
R2-423,KozjeKozje-Podsreda727237.61.001.06.2026 09:55:00Normalen promet,Kozje-Podsreda,72,72,37.6,1.0,01.06.2026 09:55:00,Normalen promet
,Podsreda-Kozje606652.60.701.06.2026 09:55:00Normalen promet,Podsreda-Kozje,60,66,52.6,0.7,01.06.2026 09:55:00,Normalen promet
R2-423,MP Bistrica ob SotliBistrica ob Sotli - Polje3627252.32.301.06.2026 10:00:00Normalen promet,Bistrica ob Sotli - Polje,36,27,252.3,2.3,01.06.2026 10:00:00,Normalen promet
,Polje - Bistrica ob Sotli3630171.91.401.06.2026 10:00:00Normalen promet,Polje - Bistrica ob Sotli,36,30,171.9,1.4,01.06.2026 10:00:00,Normalen promet
R2-423,ČrnolicaČrnolica - Šentjur1204617.82.201.06.2026 10:00:00Normalen promet,Črnolica - Šentjur,120,46,17.8,2.2,01.06.2026 10:00:00,Normalen promet
,Šentjur - Črnolica396478.77.001.06.2026 10:00:00Normalen promet,Šentjur - Črnolica,396,47,8.7,7.0,01.06.2026 10:00:00,Normalen promet
R2-424,PodgorjePlanina - Sevnica2482224.00.201.06.2026 09:55:00Normalen promet,Planina - Sevnica,24,82,224.0,0.2,01.06.2026 09:55:00,Normalen promet
,Sevnica - Planina727238.30.901.06.2026 09:55:00Normalen promet,Sevnica - Planina,72,72,38.3,0.9,01.06.2026 09:55:00,Normalen promet
R2-424,DobjeČrnolica - Dežno3649127.90.501.06.2026 10:00:00Normalen promet,Črnolica - Dežno,36,49,127.9,0.5,01.06.2026 10:00:00,Normalen promet
,Dežno - Črnolica964835.11.601.06.2026 10:00:00Normalen promet,Dežno - Črnolica,96,48,35.1,1.6,01.06.2026 10:00:00,Normalen promet
R2-425,PesjePesje - Velenje492476.98.601.06.2026 10:00:00Povečan promet,Pesje - Velenje,492,47,6.9,8.6,01.06.2026 10:00:00,Povečan promet
,Velenje - Pesje552505.99.501.06.2026 10:00:00Povečan promet,Velenje - Pesje,552,50,5.9,9.5,01.06.2026 10:00:00,Povečan promet
R2-425,ŠoštanjŠoštanj - Velenje2645813.83.701.06.2026 10:00:00Normalen promet,Šoštanj - Velenje,264,58,13.8,3.7,01.06.2026 10:00:00,Normalen promet
,Velenje - Šoštanj468537.17.201.06.2026 10:00:00Normalen promet,Velenje - Šoštanj,468,53,7.1,7.2,01.06.2026 10:00:00,Normalen promet
R2-425,PoljanaMežica - Poljana000.00.031.05.2026 01:00:00Ni podatka,Mežica - Poljana,0,0,0.0,0.0,31.05.2026 01:00:00,Ni podatka
,Poljana - Mežica000.00.031.05.2026 01:00:00Ni podatka,Poljana - Mežica,0,0,0.0,0.0,31.05.2026 01:00:00,Ni podatka
R2-425,TopolščicaŠentvid - Šoštanj606377.20.701.06.2026 10:00:00Normalen promet,Šentvid - Šoštanj,60,63,77.2,0.7,01.06.2026 10:00:00,Normalen promet
,Šoštanj - Šentvid725544.41.101.06.2026 10:00:00Normalen promet,Šoštanj - Šentvid,72,55,44.4,1.1,01.06.2026 10:00:00,Normalen promet
R2-425,JavorjeČrna na Koroškem - Šoštanj245176.90.301.06.2026 09:55:00Normalen promet,Črna na Koroškem - Šoštanj,24,51,76.9,0.3,01.06.2026 09:55:00,Normalen promet
,Šoštanj - Črna na Koroškem00999.90.001.06.2026 09:55:00Ni prometa,Šoštanj - Črna na Koroškem,0,0,999.9,0.0,01.06.2026 09:55:00,Ni prometa
R2-425,MežicaČrna - Mežica2164516.14.801.06.2026 10:00:00Normalen promet,Črna - Mežica,216,45,16.1,4.8,01.06.2026 10:00:00,Normalen promet
,Mežica - Črna365179.40.501.06.2026 10:00:00Normalen promet,Mežica - Črna,36,51,79.4,0.5,01.06.2026 10:00:00,Normalen promet
R2-426,LokovicaGorenje - Pesje2405711.03.401.06.2026 09:55:00Normalen promet,Gorenje - Pesje,240,57,11.0,3.4,01.06.2026 09:55:00,Normalen promet
,Pesje - Gorenje2045819.72.901.06.2026 09:55:00Normalen promet,Pesje - Gorenje,204,58,19.7,2.9,01.06.2026 09:55:00,Normalen promet
R2-426,Rečica ob PakiLetuš - Rečica1806925.12.601.06.2026 10:00:00Normalen promet,Letuš - Rečica,180,69,25.1,2.6,01.06.2026 10:00:00,Normalen promet
,Rečica - Letuš1806619.02.201.06.2026 10:00:00Normalen promet,Rečica - Letuš,180,66,19.0,2.2,01.06.2026 10:00:00,Normalen promet
R2-426,Paska vasGorenje -Rečica1686520.32.001.06.2026 09:55:00Normalen promet,Gorenje -Rečica,168,65,20.3,2.0,01.06.2026 09:55:00,Normalen promet
,Rečica - Gorenje1446623.81.901.06.2026 09:55:00Normalen promet,Rečica - Gorenje,144,66,23.8,1.9,01.06.2026 09:55:00,Normalen promet
R2-427,PodmejaPrebold - Trbovlje120342.80.301.06.2026 10:00:00Normalen promet,Prebold - Trbovlje,12,0,342.8,0.3,01.06.2026 10:00:00,Normalen promet
,Trbovlje - Prebold00999.90.001.06.2026 10:00:00Ni prometa,Trbovlje - Prebold,0,0,999.9,0.0,01.06.2026 10:00:00,Ni prometa
R2-427,Latkova vasLatkova vas - Prebold1205627.11.601.06.2026 10:00:00Normalen promet,Latkova vas - Prebold,120,56,27.1,1.6,01.06.2026 10:00:00,Normalen promet
,Prebold - Latkova vas1684820.72.901.06.2026 10:00:00Normalen promet,Prebold - Latkova vas,168,48,20.7,2.9,01.06.2026 10:00:00,Normalen promet
R2-428,SolčavaLjubno->Solcava364666.80.601.06.2026 10:00:00Normalen promet,Ljubno->Solcava,36,46,66.8,0.6,01.06.2026 10:00:00,Normalen promet
,Solcava->Ljubno364778.30.801.06.2026 10:00:00Normalen promet,Solcava->Ljubno,36,47,78.3,0.8,01.06.2026 10:00:00,Normalen promet
R2-428,LjubnoLuče - Radmirje966455.71.501.06.2026 10:00:00Normalen promet,Luče - Radmirje,96,64,55.7,1.5,01.06.2026 10:00:00,Normalen promet
,Radmirje - Luče1445423.52.501.06.2026 10:00:00Normalen promet,Radmirje - Luče,144,54,23.5,2.5,01.06.2026 10:00:00,Normalen promet
R2-429,Črnova 2Črnova - Dobrna964345.71.901.06.2026 10:00:00Normalen promet,Črnova - Dobrna,96,43,45.7,1.9,01.06.2026 10:00:00,Normalen promet
,Dobrna - Črnova964039.11.901.06.2026 10:00:00Normalen promet,Dobrna - Črnova,96,40,39.1,1.9,01.06.2026 10:00:00,Normalen promet
R2-429,Višnja vasStrmec - Višnja vas1805019.82.801.06.2026 10:00:00Normalen promet,Strmec - Višnja vas,180,50,19.8,2.8,01.06.2026 10:00:00,Normalen promet
,Višnja vas - Strmec1804718.03.201.06.2026 10:00:00Normalen promet,Višnja vas - Strmec,180,47,18.0,3.2,01.06.2026 10:00:00,Normalen promet
R2-430,BukovecFram - Sl. Bistrica2285914.43.301.06.2026 09:55:00Normalen promet,Fram - Sl. Bistrica,228,59,14.4,3.3,01.06.2026 09:55:00,Normalen promet
,Sl. Bistrica - Fram3246312.44.101.06.2026 09:55:00Normalen promet,Sl. Bistrica - Fram,324,63,12.4,4.1,01.06.2026 09:55:00,Normalen promet
R2-430,DobrnežSlov. Konjice - Tepanje348639.95.201.06.2026 10:00:00Normalen promet,Slov. Konjice - Tepanje,348,63,9.9,5.2,01.06.2026 10:00:00,Normalen promet
,Tepanje - Slov. Konjice396618.35.501.06.2026 10:00:00Normalen promet,Tepanje - Slov. Konjice,396,61,8.3,5.5,01.06.2026 10:00:00,Normalen promet
R2-430,Zece 2Sl.Konjice - Zeče2765311.84.501.06.2026 09:55:00Normalen promet,Sl.Konjice - Zeče,276,53,11.8,4.5,01.06.2026 09:55:00,Normalen promet
,Zeče - Sl.Konjice396548.46.401.06.2026 09:55:00Normalen promet,Zeče - Sl.Konjice,396,54,8.4,6.4,01.06.2026 09:55:00,Normalen promet
R2-430,Slovenska BistricaLožnica - Slov. Bistrica3365310.95.601.06.2026 09:55:00Povečan promet,Ložnica - Slov. Bistrica,336,53,10.9,5.6,01.06.2026 09:55:00,Povečan promet
,Slov. Bistrica - Ložnica3245210.05.201.06.2026 09:55:00Povečan promet,Slov. Bistrica - Ložnica,324,52,10.0,5.2,01.06.2026 09:55:00,Povečan promet
R2-430,ZečeDobrava - Stranice2524713.54.801.06.2026 09:55:00Normalen promet,Dobrava - Stranice,252,47,13.5,4.8,01.06.2026 09:55:00,Normalen promet
,Stranice - Dobrava336389.511.801.06.2026 09:55:00Povečan promet,Stranice - Dobrava,336,38,9.5,11.8,01.06.2026 09:55:00,Povečan promet
R2-430,VrholeLožnica - Tepanje605959.10.801.06.2026 09:55:00Normalen promet,Ložnica - Tepanje,60,59,59.1,0.8,01.06.2026 09:55:00,Normalen promet
,Tepanje - Ložnica1204928.52.101.06.2026 09:55:00Normalen promet,Tepanje - Ložnica,120,49,28.5,2.1,01.06.2026 09:55:00,Normalen promet
R2-430,StraniceStranice - Višnja vas1925617.62.901.06.2026 09:55:00Normalen promet,Stranice - Višnja vas,192,56,17.6,2.9,01.06.2026 09:55:00,Normalen promet
,Višnja vas - Stranice2044319.54.901.06.2026 09:55:00Normalen promet,Višnja vas - Stranice,204,43,19.5,4.9,01.06.2026 09:55:00,Normalen promet
R2-430,VojnikCelje AC - Višnja vas444517.57.001.06.2026 10:00:00Normalen promet,Celje AC - Višnja vas,444,51,7.5,7.0,01.06.2026 10:00:00,Normalen promet
,Višnja vas - Celje AC636485.010.901.06.2026 10:00:00Povečan promet,Višnja vas - Celje AC,636,48,5.0,10.9,01.06.2026 10:00:00,Povečan promet
R2-430,Celje (Hudinja)Celje - Celje AC (v)516344.413.701.06.2026 10:00:00Povečan promet,Celje - Celje AC (v),516,34,4.4,13.7,01.06.2026 10:00:00,Povečan promet
,Celje - Celje AC (p)516396.210.601.06.2026 10:00:00Povečan promet,Celje - Celje AC (p),516,39,6.2,10.6,01.06.2026 10:00:00,Povečan promet
,Celje AC - Celje (v)432446.69.401.06.2026 10:00:00Povečan promet,Celje AC - Celje (v),432,44,6.6,9.4,01.06.2026 10:00:00,Povečan promet
,Celje AC - Celje (p)528476.610.001.06.2026 10:00:00Povečan promet,Celje AC - Celje (p),528,47,6.6,10.0,01.06.2026 10:00:00,Povečan promet
R2-430,RadizelFram - Slivnica2165015.83.501.06.2026 10:00:00Normalen promet,Fram - Slivnica,216,50,15.8,3.5,01.06.2026 10:00:00,Normalen promet
,Slivnica - Fram1325126.02.301.06.2026 10:00:00Normalen promet,Slivnica - Fram,132,51,26.0,2.3,01.06.2026 10:00:00,Normalen promet
R2-431,VitanjeGor. Dolič - Stranice484681.40.901.06.2026 10:00:00Normalen promet,Gor. Dolič - Stranice,48,46,81.4,0.9,01.06.2026 10:00:00,Normalen promet
,Stranice - Gor. Dolič723740.21.801.06.2026 10:00:00Normalen promet,Stranice - Gor. Dolič,72,37,40.2,1.8,01.06.2026 10:00:00,Normalen promet
R2-432,LovrencApaški križ - Majšperk1804818.83.001.06.2026 10:00:00Normalen promet,Apaški križ - Majšperk,180,48,18.8,3.0,01.06.2026 10:00:00,Normalen promet
,Majšperk - Apaški križ1804419.03.401.06.2026 10:00:00Normalen promet,Majšperk - Apaški križ,180,44,19.0,3.4,01.06.2026 10:00:00,Normalen promet
R2-432,Kidričevo obvozniaKidricevo-Lovrenc na Drav. polju485580.90.801.06.2026 09:55:00Normalen promet,Kidricevo-Lovrenc na Drav. polju,48,55,80.9,0.8,01.06.2026 09:55:00,Normalen promet
,Lovrenc na Drav. polju-Kidričevo846029.81.701.06.2026 09:55:00Normalen promet,Lovrenc na Drav. polju-Kidričevo,84,60,29.8,1.7,01.06.2026 09:55:00,Normalen promet
R2-433,MT TrateAvstrija - Slovenija367106.15.301.06.2026 10:00:00Normalen promet,Avstrija - Slovenija,36,7,106.1,5.3,01.06.2026 10:00:00,Normalen promet
,Slovenija - Avstrija841748.43.601.06.2026 10:00:00Normalen promet,Slovenija - Avstrija,84,17,48.4,3.6,01.06.2026 10:00:00,Normalen promet
R2-433,Žerjavcikrižišče Sv. Ana - Lenart1208023.81.401.06.2026 10:00:00Normalen promet,križišče Sv. Ana - Lenart,120,80,23.8,1.4,01.06.2026 10:00:00,Normalen promet
,Lenart - križišče Sv. Ana1446818.61.701.06.2026 10:00:00Normalen promet,Lenart - križišče Sv. Ana,144,68,18.6,1.7,01.06.2026 10:00:00,Normalen promet
R2-433,Zg SenarskaLenart - Ptuj000.00.026.02.2026 12:40:00Ni podatka,Lenart - Ptuj,0,0,0.0,0.0,26.02.2026 12:40:00,Ni podatka
,Ptuj - Lenart000.00.026.02.2026 12:40:00Ni podatka,Ptuj - Lenart,0,0,0.0,0.0,26.02.2026 12:40:00,Ni podatka
R2-434,MP RadeljMP Radelj - Radlje000.00.031.05.2026 19:45:00Ni podatka,MP Radelj - Radlje,0,0,0.0,0.0,31.05.2026 19:45:00,Ni podatka
,Radlje - MP Radelj000.00.031.05.2026 19:45:00Ni podatka,Radlje - MP Radelj,0,0,0.0,0.0,31.05.2026 19:45:00,Ni podatka
R2-435,LaznicaMaribor - Ruše000.00.022.04.2026 14:30:00Ni podatka,Maribor - Ruše,0,0,0.0,0.0,22.04.2026 14:30:00,Ni podatka
,Ruše - Maribor000.00.022.04.2026 14:30:00Ni podatka,Ruše - Maribor,0,0,0.0,0.0,22.04.2026 14:30:00,Ni podatka
R2-435,SelnicaRuše - Selnica000.00.030.11.2023 00:40:00Ni podatka,Ruše - Selnica,0,0,0.0,0.0,30.11.2023 00:40:00,Ni podatka
,Selnica - Ruše000.00.030.11.2023 00:40:00Ni podatka,Selnica - Ruše,0,0,0.0,0.0,30.11.2023 00:40:00,Ni podatka
R2-436,Zgornja KungotaKungota - Maribor00999.90.001.06.2026 10:00:00Ni prometa,Kungota - Maribor,0,0,999.9,0.0,01.06.2026 10:00:00,Ni prometa
,Maribor - Kungota132023.32.801.06.2026 10:00:00Normalen promet,Maribor - Kungota,132,0,23.3,2.8,01.06.2026 10:00:00,Normalen promet
R2-436,MT JurijJurij - Zg. Kungota1254244.40.101.06.2026 10:00:00Normalen promet,Jurij - Zg. Kungota,12,54,244.4,0.1,01.06.2026 10:00:00,Normalen promet
,Zg. Kungota - Jurij1251434.70.101.06.2026 10:00:00Normalen promet,Zg. Kungota - Jurij,12,51,434.7,0.1,01.06.2026 10:00:00,Normalen promet
R2-437,RancaPesnica - Šentilj966930.11.101.06.2026 09:55:00Normalen promet,Pesnica - Šentilj,96,69,30.1,1.1,01.06.2026 09:55:00,Normalen promet
,Šentilj-Pesnica1447022.61.601.06.2026 09:55:00Normalen promet,Šentilj-Pesnica,144,70,22.6,1.6,01.06.2026 09:55:00,Normalen promet
R2-437,MT Šentilj SCMT Šentilj - Šentilj (v)1445920.91.901.06.2026 10:00:00Normalen promet,MT Šentilj - Šentilj (v),144,59,20.9,1.9,01.06.2026 10:00:00,Normalen promet
,MT Šentilj - Šentilj (p)2458114.80.301.06.2026 10:00:00Normalen promet,MT Šentilj - Šentilj (p),24,58,114.8,0.3,01.06.2026 10:00:00,Normalen promet
,Šentilj - MT Šentilj (v)00999.90.001.06.2026 10:00:00Ni prometa,Šentilj - MT Šentilj (v),0,0,999.9,0.0,01.06.2026 10:00:00,Ni prometa
,Šentilj - MT Šentilj (p)2646114.93.901.06.2026 10:00:00Normalen promet,Šentilj - MT Šentilj (p),264,61,14.9,3.9,01.06.2026 10:00:00,Normalen promet
R2-438,Selnica ob MuriŠentilj - Trate725555.21.301.06.2026 10:00:00Normalen promet,Šentilj - Trate,72,55,55.2,1.3,01.06.2026 10:00:00,Normalen promet
,Trate - Šentilj3651100.91.001.06.2026 10:00:00Normalen promet,Trate - Šentilj,36,51,100.9,1.0,01.06.2026 10:00:00,Normalen promet
R2-438,ApačeGornja Radgona - Trate965436.01.301.06.2026 10:00:00Normalen promet,Gornja Radgona - Trate,96,54,36.0,1.3,01.06.2026 10:00:00,Normalen promet
,Trate - Gornja Radgona1085432.71.601.06.2026 10:00:00Normalen promet,Trate - Gornja Radgona,108,54,32.7,1.6,01.06.2026 10:00:00,Normalen promet
R2-439,RenkovciBeltinci - Dobrovnik1687822.91.901.06.2026 10:00:00Normalen promet,Beltinci - Dobrovnik,168,78,22.9,1.9,01.06.2026 10:00:00,Normalen promet
,Dobrovnik - Beltinci487771.50.501.06.2026 10:00:00Normalen promet,Dobrovnik - Beltinci,48,77,71.5,0.5,01.06.2026 10:00:00,Normalen promet
R2-439,DokležovjeDokležovje - Križevci2285115.83.701.06.2026 10:00:00Normalen promet,Dokležovje - Križevci,228,51,15.8,3.7,01.06.2026 10:00:00,Normalen promet
,Križevci - Dokležovje1804719.33.301.06.2026 10:00:00Normalen promet,Križevci - Dokležovje,180,47,19.3,3.3,01.06.2026 10:00:00,Normalen promet
R2-439,KraljevciLenart - Sv. Jurij2481216.20.301.06.2026 09:55:00Normalen promet,Lenart - Sv. Jurij,24,81,216.2,0.3,01.06.2026 09:55:00,Normalen promet
,Sv. Jurij - Lenart3671233.90.401.06.2026 09:55:00Normalen promet,Sv. Jurij - Lenart,36,71,233.9,0.4,01.06.2026 09:55:00,Normalen promet
R2-439,DobrovnikDobrovnik - Renkovci366073.90.401.06.2026 10:00:00Normalen promet,Dobrovnik - Renkovci,36,60,73.9,0.4,01.06.2026 10:00:00,Normalen promet
,Renkovci - Dobrovnik1263366.40.101.06.2026 10:00:00Normalen promet,Renkovci - Dobrovnik,12,63,366.4,0.1,01.06.2026 10:00:00,Normalen promet
R2-439,JamnaVidem - Žihlava2475144.60.301.06.2026 09:55:00Normalen promet,Videm - Žihlava,24,75,144.6,0.3,01.06.2026 09:55:00,Normalen promet
,Žihlava - Videm1205533.12.001.06.2026 09:55:00Normalen promet,Žihlava - Videm,120,55,33.1,2.0,01.06.2026 09:55:00,Normalen promet
R2-440,CankovaCankova - Večeslavci1205728.21.601.06.2026 10:00:00Normalen promet,Cankova - Večeslavci,120,57,28.2,1.6,01.06.2026 10:00:00,Normalen promet
,Večeslavci - Cankova1204224.12.501.06.2026 10:00:00Normalen promet,Večeslavci - Cankova,120,42,24.1,2.5,01.06.2026 10:00:00,Normalen promet
R2-440,SodišinciGederovci - Petanjci843732.82.401.06.2026 10:00:00Normalen promet,Gederovci - Petanjci,84,37,32.8,2.4,01.06.2026 10:00:00,Normalen promet
,Petanjci - Gederovci723243.12.001.06.2026 10:00:00Normalen promet,Petanjci - Gederovci,72,32,43.1,2.0,01.06.2026 10:00:00,Normalen promet
R2-440,MP KuzmaCankova - MP Kuzma605142.60.901.06.2026 09:50:00Normalen promet,Cankova - MP Kuzma,60,51,42.6,0.9,01.06.2026 09:50:00,Normalen promet
,MP Kuzma - Cankova605021.10.901.06.2026 09:50:00Normalen promet,MP Kuzma - Cankova,60,50,21.1,0.9,01.06.2026 09:50:00,Normalen promet
R2-440,Sveti JurijCankova - Kuzma000.00.013.04.2026 22:10:00Ni podatka,Cankova - Kuzma,0,0,0.0,0.0,13.04.2026 22:10:00,Ni podatka
,Kuzma - Cankova000.00.013.04.2026 22:10:00Ni podatka,Kuzma - Cankova,0,0,0.0,0.0,13.04.2026 22:10:00,Ni podatka
R2-440,SkakovciCankova - Gederovci724755.61.201.06.2026 09:45:00Normalen promet,Cankova - Gederovci,72,47,55.6,1.2,01.06.2026 09:45:00,Normalen promet
,Gederovci - Cankova1325331.62.001.06.2026 09:45:00Normalen promet,Gederovci - Cankova,132,53,31.6,2.0,01.06.2026 09:45:00,Normalen promet
R2-441,MP GederovciGederovci - MP Gederovci1324626.02.801.06.2026 10:00:00Normalen promet,Gederovci - MP Gederovci,132,46,26.0,2.8,01.06.2026 10:00:00,Normalen promet
,MP Gederovci - Gederovci1205028.01.801.06.2026 10:00:00Normalen promet,MP Gederovci - Gederovci,120,50,28.0,1.8,01.06.2026 10:00:00,Normalen promet
R2-441,GederovciGederovci - Veščica1804818.52.901.06.2026 09:55:00Normalen promet,Gederovci - Veščica,180,48,18.5,2.9,01.06.2026 09:55:00,Normalen promet
,Veščica - Gederovci1924217.34.201.06.2026 09:55:00Normalen promet,Veščica - Gederovci,192,42,17.3,4.2,01.06.2026 09:55:00,Normalen promet
R2-441,ČernelavciMurska Sobota - Veščica3004911.75.001.06.2026 10:00:00Normalen promet,Murska Sobota - Veščica,300,49,11.7,5.0,01.06.2026 10:00:00,Normalen promet
,Veščica - Murska Sobota3245110.15.001.06.2026 10:00:00Normalen promet,Veščica - Murska Sobota,324,51,10.1,5.0,01.06.2026 10:00:00,Normalen promet
R2-442,MostjeDobrovnik - rondo Dolga vas604159.41.401.06.2026 09:55:00Normalen promet,Dobrovnik - rondo Dolga vas,60,41,59.4,1.4,01.06.2026 09:55:00,Normalen promet
,rondo Dolga vas - Dobrovnik484971.50.801.06.2026 09:55:00Normalen promet,rondo Dolga vas - Dobrovnik,48,49,71.5,0.8,01.06.2026 09:55:00,Normalen promet
R2-442,MartjanciM.Sobota - Moravske Toplice1446123.61.901.06.2026 10:00:00Normalen promet,M.Sobota - Moravske Toplice,144,61,23.6,1.9,01.06.2026 10:00:00,Normalen promet
,Moravske Toplice - M.Sobota2645214.14.001.06.2026 10:00:00Normalen promet,Moravske Toplice - M.Sobota,264,52,14.1,4.0,01.06.2026 10:00:00,Normalen promet
R2-442,FilovciDobrovnik - Martjanci366980.20.501.06.2026 10:00:00Normalen promet,Dobrovnik - Martjanci,36,69,80.2,0.5,01.06.2026 10:00:00,Normalen promet
,Martjanci - Dobrovnik726558.30.801.06.2026 10:00:00Normalen promet,Martjanci - Dobrovnik,72,65,58.3,0.8,01.06.2026 10:00:00,Normalen promet
R2-443,LipovciBratonci - Lipovci468596.66.701.06.2026 10:00:00Povečan promet,Bratonci - Lipovci,468,59,6.6,6.7,01.06.2026 10:00:00,Povečan promet
,Lipovci - Bratonci576615.68.501.06.2026 10:00:00Povečan promet,Lipovci - Bratonci,576,61,5.6,8.5,01.06.2026 10:00:00,Povečan promet
R2-443,MP PinceLendava - Madžarska1269333.50.101.06.2026 09:55:00Normalen promet,Lendava - Madžarska,12,69,333.5,0.1,01.06.2026 09:55:00,Normalen promet
,Madžarska - Lendava244374.20.401.06.2026 09:55:00Normalen promet,Madžarska - Lendava,24,43,74.2,0.4,01.06.2026 09:55:00,Normalen promet
R2-443,OdranciBeltinci - Črenšovci1565120.92.701.06.2026 10:00:00Normalen promet,Beltinci - Črenšovci,156,51,20.9,2.7,01.06.2026 10:00:00,Normalen promet
,Črenšovci - Beltinci2165215.73.501.06.2026 10:00:00Normalen promet,Črenšovci - Beltinci,216,52,15.7,3.5,01.06.2026 10:00:00,Normalen promet
R2-443,HotizaČrenšovci - Dolnji Lakoš606681.70.701.06.2026 09:55:00Normalen promet,Črenšovci - Dolnji Lakoš,60,66,81.7,0.7,01.06.2026 09:55:00,Normalen promet
,Dolnji Lakoš - Črenšovci2405713.43.501.06.2026 09:55:00Normalen promet,Dolnji Lakoš - Črenšovci,240,57,13.4,3.5,01.06.2026 09:55:00,Normalen promet
R2-443,LendavaDol. Lakoš - Lendava967135.91.201.06.2026 09:55:00Normalen promet,Dol. Lakoš - Lendava,96,71,35.9,1.2,01.06.2026 09:55:00,Normalen promet
,Lendava - Dol. Lakoš1446229.41.801.06.2026 09:55:00Normalen promet,Lendava - Dol. Lakoš,144,62,29.4,1.8,01.06.2026 09:55:00,Normalen promet
R2-444,Rožna dolinaNova Gorica - Selo1205430.21.801.06.2026 10:00:00Normalen promet,Nova Gorica - Selo,120,54,30.2,1.8,01.06.2026 10:00:00,Normalen promet
,Selo - Nova Gorica1445323.92.101.06.2026 10:00:00Normalen promet,Selo - Nova Gorica,144,53,23.9,2.1,01.06.2026 10:00:00,Normalen promet
R2-444,Log pri VipaviAjdovščina - Vipava2765313.04.101.06.2026 10:00:00Normalen promet,Ajdovščina - Vipava,276,53,13.0,4.1,01.06.2026 10:00:00,Normalen promet
,Vipava - Ajdovščina2285915.63.201.06.2026 10:00:00Normalen promet,Vipava - Ajdovščina,228,59,15.6,3.2,01.06.2026 10:00:00,Normalen promet
R2-444,PodgričPodnanos - Razdrto604363.91.301.06.2026 10:05:00Normalen promet,Podnanos - Razdrto,60,43,63.9,1.3,01.06.2026 10:05:00,Normalen promet
,Razdrto - Podnanos3646100.50.601.06.2026 10:05:00Normalen promet,Razdrto - Podnanos,36,46,100.5,0.6,01.06.2026 10:05:00,Normalen promet
R2-444,MT Rožna dolinaNova Gorica - Rožna dolina2163214.05.401.06.2026 09:55:00Normalen promet,Nova Gorica - Rožna dolina,216,32,14.0,5.4,01.06.2026 09:55:00,Normalen promet
,Rožna dolina -Nova Gorica2523613.85.201.06.2026 09:55:00Normalen promet,Rožna dolina -Nova Gorica,252,36,13.8,5.2,01.06.2026 09:55:00,Normalen promet
R2-444,Ajdovščina 2Ajdovščina - Selo1926117.42.601.06.2026 10:00:00Normalen promet,Ajdovščina - Selo,192,61,17.4,2.6,01.06.2026 10:00:00,Normalen promet
,Ajdovščina - Selo2166315.92.601.06.2026 10:00:00Normalen promet,Ajdovščina - Selo,216,63,15.9,2.6,01.06.2026 10:00:00,Normalen promet
R2-444,Tri hišeAjševica - Ozeljan3366510.14.501.06.2026 10:00:00Normalen promet,Ajševica - Ozeljan,336,65,10.1,4.5,01.06.2026 10:00:00,Normalen promet
,Ozeljan - Ajševica3366610.34.201.06.2026 10:00:00Normalen promet,Ozeljan - Ajševica,336,66,10.3,4.2,01.06.2026 10:00:00,Normalen promet
R2-444,Gradišče pri VipaviManče - Vipava1566318.72.201.06.2026 09:55:00Normalen promet,Manče - Vipava,156,63,18.7,2.2,01.06.2026 09:55:00,Normalen promet
,Vipava - Manče1085427.72.001.06.2026 09:55:00Normalen promet,Vipava - Manče,108,54,27.7,2.0,01.06.2026 09:55:00,Normalen promet
R2-444,OzeljanSelo - Tri hiše1685220.82.801.06.2026 09:50:00Normalen promet,Selo - Tri hiše,168,52,20.8,2.8,01.06.2026 09:50:00,Normalen promet
,Tri hiše - Selo1565223.12.401.06.2026 09:50:00Normalen promet,Tri hiše - Selo,156,52,23.1,2.4,01.06.2026 09:50:00,Normalen promet
R2-445,SenadoličeSenožeče - Sežana727238.51.001.06.2026 09:55:00Normalen promet,Senožeče - Sežana,72,72,38.5,1.0,01.06.2026 09:55:00,Normalen promet
,Sežana - Senožeče486467.81.001.06.2026 09:55:00Normalen promet,Sežana - Senožeče,48,64,67.8,1.0,01.06.2026 09:55:00,Normalen promet
R2-445,ŠtorjeSenožeče - Sežana967636.71.101.06.2026 09:50:00Normalen promet,Senožeče - Sežana,96,76,36.7,1.1,01.06.2026 09:50:00,Normalen promet
,Sežana - Senožeče489264.20.401.06.2026 09:50:00Normalen promet,Sežana - Senožeče,48,92,64.2,0.4,01.06.2026 09:50:00,Normalen promet
R2-445,Sežana 3Fernetiči - Sežana612335.014.801.06.2026 09:55:00Povečan promet,Fernetiči - Sežana,612,33,5.0,14.8,01.06.2026 09:55:00,Povečan promet
,Sežana - Fernetiči504395.810.501.06.2026 09:55:00Povečan promet,Sežana - Fernetiči,504,39,5.8,10.5,01.06.2026 09:55:00,Povečan promet
R2-446,SežanaDivača - Sežana724854.81.501.06.2026 09:55:00Normalen promet,Divača - Sežana,72,48,54.8,1.5,01.06.2026 09:55:00,Normalen promet
,Sežana - Divača1325128.82.001.06.2026 09:55:00Normalen promet,Sežana - Divača,132,51,28.8,2.0,01.06.2026 09:55:00,Normalen promet
R2-447,ŠentvidLukovica - Želodnik1924917.93.301.06.2026 10:00:00Normalen promet,Lukovica - Želodnik,192,49,17.9,3.3,01.06.2026 10:00:00,Normalen promet
,Želodnik - Lukovica1684620.83.401.06.2026 10:00:00Normalen promet,Želodnik - Lukovica,168,46,20.8,3.4,01.06.2026 10:00:00,Normalen promet
R2-447,Depala vasDomžale - Trzin600675.48.201.06.2026 10:00:00Povečan promet,Domžale - Trzin,600,67,5.4,8.2,01.06.2026 10:00:00,Povečan promet
,Trzin - Domžale456697.56.101.06.2026 10:00:00Normalen promet,Trzin - Domžale,456,69,7.5,6.1,01.06.2026 10:00:00,Normalen promet
R2-447,ŠempeterŠempeter - Vrbensko polje588545.49.301.06.2026 10:00:00Povečan promet,Šempeter - Vrbensko polje,588,54,5.4,9.3,01.06.2026 10:00:00,Povečan promet
,Vrbensko polje - Šempeter516476.28.801.06.2026 10:00:00Povečan promet,Vrbensko polje - Šempeter,516,47,6.2,8.8,01.06.2026 10:00:00,Povečan promet
R2-447,ŽelodnikDomžale - Želodnik2765412.94.301.06.2026 09:55:00Normalen promet,Domžale - Želodnik,276,54,12.9,4.3,01.06.2026 09:55:00,Normalen promet
,Želodnik - Domžale3005411.35.201.06.2026 09:55:00Normalen promet,Želodnik - Domžale,300,54,11.3,5.2,01.06.2026 09:55:00,Normalen promet
R2-447,TaborŠentrupert - Vransko1446222.32.201.06.2026 10:00:00Normalen promet,Šentrupert - Vransko,144,62,22.3,2.2,01.06.2026 10:00:00,Normalen promet
,Vransko - Šentrupert1686617.52.201.06.2026 10:00:00Normalen promet,Vransko - Šentrupert,168,66,17.5,2.2,01.06.2026 10:00:00,Normalen promet
R2-447,Trojane 2Ločica - Trojane724721.01.201.06.2026 09:55:00Normalen promet,Ločica - Trojane,72,47,21.0,1.2,01.06.2026 09:55:00,Normalen promet
,Trojane - Ločica725961.30.901.06.2026 09:55:00Normalen promet,Trojane - Ločica,72,59,61.3,0.9,01.06.2026 09:55:00,Normalen promet
R2-447,TrojaneLukovica - Trojane2459173.90.301.06.2026 10:00:00Normalen promet,Lukovica - Trojane,24,59,173.9,0.3,01.06.2026 10:00:00,Normalen promet
,Trojane - Lukovica846245.91.001.06.2026 10:00:00Normalen promet,Trojane - Lukovica,84,62,45.9,1.0,01.06.2026 10:00:00,Normalen promet
R2-447,Žalec (Tuš)Šempeter - Žalec372559.25.601.06.2026 10:00:00Normalen promet,Šempeter - Žalec,372,55,9.2,5.6,01.06.2026 10:00:00,Normalen promet
,Zalec - Šempeter456607.06.401.06.2026 10:00:00Normalen promet,Zalec - Šempeter,456,60,7.0,6.4,01.06.2026 10:00:00,Normalen promet
R2-447,VranskoLočica - Vransko1326530.52.001.06.2026 10:00:00Normalen promet,Ločica - Vransko,132,65,30.5,2.0,01.06.2026 10:00:00,Normalen promet
,Vransko - Ločica1926718.62.401.06.2026 10:00:00Normalen promet,Vransko - Ločica,192,67,18.6,2.4,01.06.2026 10:00:00,Normalen promet
R2-447,DomžaleDomžale - Trzin576484.510.601.06.2026 10:00:00Povečan promet,Domžale - Trzin,576,48,4.5,10.6,01.06.2026 10:00:00,Povečan promet
,Trzin - Domžale2165616.03.501.06.2026 10:00:00Normalen promet,Trzin - Domžale,216,56,16.0,3.5,01.06.2026 10:00:00,Normalen promet
R2-448,KarteljevoPriklj. NM zahod - Sentjurij846944.31.001.06.2026 10:00:00Normalen promet,Priklj. NM zahod - Sentjurij,84,69,44.3,1.0,01.06.2026 10:00:00,Normalen promet
,Šentjurij - priklj. NM Zahod1566821.82.001.06.2026 10:00:00Normalen promet,Šentjurij - priklj. NM Zahod,156,68,21.8,2.0,01.06.2026 10:00:00,Normalen promet
R2-448,OtočecLešnica - Otočec2167819.22.401.06.2026 09:55:00Normalen promet,Lešnica - Otočec,216,78,19.2,2.4,01.06.2026 09:55:00,Normalen promet
,Otočec - Lešnica3367610.23.501.06.2026 09:55:00Normalen promet,Otočec - Lešnica,336,76,10.2,3.5,01.06.2026 09:55:00,Normalen promet
R2-448,Trebnje 2Priklj. Trebnje zahod - Trebnje2047218.52.701.06.2026 10:00:00Normalen promet,Priklj. Trebnje zahod - Trebnje,204,72,18.5,2.7,01.06.2026 10:00:00,Normalen promet
,Trebnje - Priklj. Trebnje zahod1926517.12.701.06.2026 10:00:00Normalen promet,Trebnje - Priklj. Trebnje zahod,192,65,17.1,2.7,01.06.2026 10:00:00,Normalen promet
R2-448,Mačkovec 2Mačkovec - NM Ločna3125210.14.801.06.2026 10:00:00Normalen promet,Mačkovec - NM Ločna,312,52,10.1,4.8,01.06.2026 10:00:00,Normalen promet
,NM Ločna - Mačkovec2525513.13.801.06.2026 10:00:00Normalen promet,NM Ločna - Mačkovec,252,55,13.1,3.8,01.06.2026 10:00:00,Normalen promet
R2-448,TrebnjeNovo Mesto - Trebnje487968.50.601.06.2026 09:55:00Normalen promet,Novo Mesto - Trebnje,48,79,68.5,0.6,01.06.2026 09:55:00,Normalen promet
,Trebnje - Novo Mesto608347.60.601.06.2026 09:55:00Normalen promet,Trebnje - Novo Mesto,60,83,47.6,0.6,01.06.2026 09:55:00,Normalen promet
R2-448,DragaDolenje Kronovo - Gor. Gomila964137.11.801.06.2026 10:00:00Normalen promet,Dolenje Kronovo - Gor. Gomila,96,41,37.1,1.8,01.06.2026 10:00:00,Normalen promet
,Gor. Gomila - Dolenje Kronovo724344.01.901.06.2026 10:00:00Normalen promet,Gor. Gomila - Dolenje Kronovo,72,43,44.0,1.9,01.06.2026 10:00:00,Normalen promet
R2-448,Gorenje KronovoKronovo - Otočec2165917.53.301.06.2026 09:55:00Normalen promet,Kronovo - Otočec,216,59,17.5,3.3,01.06.2026 09:55:00,Normalen promet
,Otočec - Kronovo2165817.73.101.06.2026 09:55:00Normalen promet,Otočec - Kronovo,216,58,17.7,3.1,01.06.2026 09:55:00,Normalen promet
R2-448,MačkovecLešnica - Mačkovec3247210.23.601.06.2026 10:00:00Normalen promet,Lešnica - Mačkovec,324,72,10.2,3.6,01.06.2026 10:00:00,Normalen promet
,Mačkovec - Lešnica2527913.32.601.06.2026 10:00:00Normalen promet,Mačkovec - Lešnica,252,79,13.3,2.6,01.06.2026 10:00:00,Normalen promet
R2-449,LenartLenart - Priključek Lenart492476.68.401.06.2026 10:00:00Povečan promet,Lenart - Priključek Lenart,492,47,6.6,8.4,01.06.2026 10:00:00,Povečan promet
,Priključek Lenart - Lenart396458.17.801.06.2026 10:00:00Normalen promet,Priključek Lenart - Lenart,396,45,8.1,7.8,01.06.2026 10:00:00,Normalen promet
R2-449,Podgrad pri G. RadgoniG. Radgona - Podgrad1565422.52.601.06.2026 10:00:00Normalen promet,G. Radgona - Podgrad,156,54,22.5,2.6,01.06.2026 10:00:00,Normalen promet
,Podgrad - G. Radgona2645113.34.301.06.2026 10:00:00Normalen promet,Podgrad - G. Radgona,264,51,13.3,4.3,01.06.2026 10:00:00,Normalen promet
R2-449,MočnaLenart - Pesnica1566123.72.001.06.2026 10:00:00Normalen promet,Lenart - Pesnica,156,61,23.7,2.0,01.06.2026 10:00:00,Normalen promet
,Pesnica - Lenart606935.70.701.06.2026 10:00:00Normalen promet,Pesnica - Lenart,60,69,35.7,0.7,01.06.2026 10:00:00,Normalen promet
R2-449,IhovaGornja Radgona - Lenart1446727.22.101.06.2026 10:00:00Normalen promet,Gornja Radgona - Lenart,144,67,27.2,2.1,01.06.2026 10:00:00,Normalen promet
,Lenart - Gornja Radgona847038.80.901.06.2026 10:00:00Normalen promet,Lenart - Gornja Radgona,84,70,38.8,0.9,01.06.2026 10:00:00,Normalen promet
R2-450,RogozaAC priklj. Rogoza - Hoče2645913.43.901.06.2026 10:00:00Normalen promet,AC priklj. Rogoza - Hoče,264,59,13.4,3.9,01.06.2026 10:00:00,Normalen promet
,Hoče - AC priklj. Rogoza468608.07.201.06.2026 10:00:00Normalen promet,Hoče - AC priklj. Rogoza,468,60,8.0,7.2,01.06.2026 10:00:00,Normalen promet
R2-451,ŽalecArja vas - Žalec3007211.73.601.06.2026 10:00:00Normalen promet,Arja vas - Žalec,300,72,11.7,3.6,01.06.2026 10:00:00,Normalen promet
,Žalec - Arja vas2287215.32.601.06.2026 10:00:00Normalen promet,Žalec - Arja vas,228,72,15.3,2.6,01.06.2026 10:00:00,Normalen promet
R2-452,Jesenice zahodHrušica - Plavž384708.74.601.06.2026 10:00:00Normalen promet,Hrušica - Plavž,384,70,8.7,4.6,01.06.2026 10:00:00,Normalen promet
,Plavž - Hrušica2886512.13.801.06.2026 10:00:00Normalen promet,Plavž - Hrušica,288,65,12.1,3.8,01.06.2026 10:00:00,Normalen promet
R2-452,Slovenski JavornikJesenice - Sl. Javornik612415.114.201.06.2026 10:00:00Povečan promet,Jesenice - Sl. Javornik,612,41,5.1,14.2,01.06.2026 10:00:00,Povečan promet
,Sl. Javornik - Jesenice756483.813.401.06.2026 10:00:00Zgoščen promet,Sl. Javornik - Jesenice,756,48,3.8,13.4,01.06.2026 10:00:00,Zgoščen promet
R2-452,VrbaLesce - Žirovnica3368310.73.401.06.2026 09:55:00Normalen promet,Lesce - Žirovnica,336,83,10.7,3.4,01.06.2026 09:55:00,Normalen promet
,Žirovnica - Lesce1807519.82.101.06.2026 09:55:00Normalen promet,Žirovnica - Lesce,180,75,19.8,2.1,01.06.2026 09:55:00,Normalen promet
R2-452,Moste pri ŽirovniciJavornik - Žirovnica2286316.73.101.06.2026 09:55:00Normalen promet,Javornik - Žirovnica,228,63,16.7,3.1,01.06.2026 09:55:00,Normalen promet
,Žirovnica - Javornik2166916.22.701.06.2026 09:55:00Normalen promet,Žirovnica - Javornik,216,69,16.2,2.7,01.06.2026 09:55:00,Normalen promet
R2-452,RadovljicaKranj - Lesce2526314.53.001.06.2026 10:00:00Normalen promet,Kranj - Lesce,252,63,14.5,3.0,01.06.2026 10:00:00,Normalen promet
,Lesce - Kranj372609.25.001.06.2026 10:00:00Normalen promet,Lesce - Kranj,372,60,9.2,5.0,01.06.2026 10:00:00,Normalen promet
R2-452,Radovljica 2Kranj - Lesce1687420.91.801.06.2026 09:55:00Normalen promet,Kranj - Lesce,168,74,20.9,1.8,01.06.2026 09:55:00,Normalen promet
,Lesce - Kranj1806718.92.001.06.2026 09:55:00Normalen promet,Lesce - Kranj,180,67,18.9,2.0,01.06.2026 09:55:00,Normalen promet
R2-454,Miklavž severMaribor - Miklavž2885311.84.401.06.2026 10:00:00Normalen promet,Maribor - Miklavž,288,53,11.8,4.4,01.06.2026 10:00:00,Normalen promet
,Miklavž - Maribor3005811.54.201.06.2026 10:00:00Normalen promet,Miklavž - Maribor,300,58,11.5,4.2,01.06.2026 10:00:00,Normalen promet
R2-454,StaršeHajdina - Miklavž1206128.11.601.06.2026 10:00:00Normalen promet,Hajdina - Miklavž,120,61,28.1,1.6,01.06.2026 10:00:00,Normalen promet
,Miklavž - Hajdnina1085339.11.701.06.2026 10:00:00Normalen promet,Miklavž - Hajdnina,108,53,39.1,1.7,01.06.2026 10:00:00,Normalen promet
R2-454,Zgornja HajdinaHajdina - priključek Hajdina432568.07.101.06.2026 09:55:00Normalen promet,Hajdina - priključek Hajdina,432,56,8.0,7.1,01.06.2026 09:55:00,Normalen promet
,priključek Hajdina - Hajdina372558.96.301.06.2026 09:55:00Normalen promet,priključek Hajdina - Hajdina,372,55,8.9,6.3,01.06.2026 09:55:00,Normalen promet
R2-454,PobrežjeLancova vas - Turnišče245990.00.301.06.2026 10:00:00Normalen promet,Lancova vas - Turnišče,24,59,90.0,0.3,01.06.2026 10:00:00,Normalen promet
,Turnišče - Lancova vas2455171.00.301.06.2026 10:00:00Normalen promet,Turnišče - Lancova vas,24,55,171.0,0.3,01.06.2026 10:00:00,Normalen promet
R3-608,Solkan 2Grgar - Solkan843334.82.001.06.2026 10:00:00Normalen promet,Grgar - Solkan,84,33,34.8,2.0,01.06.2026 10:00:00,Normalen promet
,Solkan - Grgar843953.21.601.06.2026 10:00:00Normalen promet,Solkan - Grgar,84,39,53.2,1.6,01.06.2026 10:00:00,Normalen promet
R3-611,BatujeDornberk - Selo484148.91.101.06.2026 09:55:00Normalen promet,Dornberk - Selo,48,41,48.9,1.1,01.06.2026 09:55:00,Normalen promet
,Selo - Dornberk2447168.70.401.06.2026 09:55:00Normalen promet,Selo - Dornberk,24,47,168.7,0.4,01.06.2026 09:55:00,Normalen promet
R3-613,KromberkAjševica - Kromberk468647.26.101.06.2026 10:00:00Normalen promet,Ajševica - Kromberk,468,64,7.2,6.1,01.06.2026 10:00:00,Normalen promet
,Kromberk - Ajševica492616.56.901.06.2026 10:00:00Povečan promet,Kromberk - Ajševica,492,61,6.5,6.9,01.06.2026 10:00:00,Povečan promet
R3-614,KostanjevicaKomen - Miren00999.90.001.06.2026 10:00:00Ni prometa,Komen - Miren,0,0,999.9,0.0,01.06.2026 10:00:00,Ni prometa
,Miren - Komen1260459.50.101.06.2026 10:00:00Normalen promet,Miren - Komen,12,60,459.5,0.1,01.06.2026 10:00:00,Normalen promet
R3-614,TomačevicaKomen - Štanjel2456164.30.301.06.2026 10:00:00Normalen promet,Komen - Štanjel,24,56,164.3,0.3,01.06.2026 10:00:00,Normalen promet
,Štanjel - Komen2441171.50.401.06.2026 10:00:00Normalen promet,Štanjel - Komen,24,41,171.5,0.4,01.06.2026 10:00:00,Normalen promet
R3-614,MančeManče - Štanjel2441232.30.401.06.2026 10:00:00Normalen promet,Manče - Štanjel,24,41,232.3,0.4,01.06.2026 10:00:00,Normalen promet
,Štanjel - Manče1244376.30.201.06.2026 10:00:00Normalen promet,Štanjel - Manče,12,44,376.3,0.2,01.06.2026 10:00:00,Normalen promet
R3-614,MirenGornji Miren - Miren2525012.74.501.06.2026 10:00:00Normalen promet,Gornji Miren - Miren,252,50,12.7,4.5,01.06.2026 10:00:00,Normalen promet
,Miren - Gornji Miren2165215.63.801.06.2026 10:00:00Normalen promet,Miren - Gornji Miren,216,52,15.6,3.8,01.06.2026 10:00:00,Normalen promet
R3-614,VrtojbaD. Vrtojba - Gornji Miren2766913.63.401.06.2026 09:55:00Normalen promet,D. Vrtojba - Gornji Miren,276,69,13.6,3.4,01.06.2026 09:55:00,Normalen promet
,Gornji Miren - D. Vrtojba2646213.53.601.06.2026 09:55:00Normalen promet,Gornji Miren - D. Vrtojba,264,62,13.5,3.6,01.06.2026 09:55:00,Normalen promet
R3-615,VogrskoPriključek Vogrsko - Tri Hiše2405613.23.801.06.2026 10:00:00Normalen promet,Priključek Vogrsko - Tri Hiše,240,56,13.2,3.8,01.06.2026 10:00:00,Normalen promet
,Tri Hiše - Priključek Vogrsko2166217.03.101.06.2026 10:00:00Normalen promet,Tri Hiše - Priključek Vogrsko,216,62,17.0,3.1,01.06.2026 10:00:00,Normalen promet
R3-615,Vogrsko 2Tri hiše - Volčja Draga1206829.91.401.06.2026 10:00:00Normalen promet,Tri hiše - Volčja Draga,120,68,29.9,1.4,01.06.2026 10:00:00,Normalen promet
,Volčja Draga - Tri hiše846427.61.001.06.2026 10:00:00Normalen promet,Volčja Draga - Tri hiše,84,64,27.6,1.0,01.06.2026 10:00:00,Normalen promet
R3-617,KomenGorjansko - Komen1324232.72.401.06.2026 10:00:00Normalen promet,Gorjansko - Komen,132,42,32.7,2.4,01.06.2026 10:00:00,Normalen promet
,Komen - Gorjansko363882.20.701.06.2026 10:00:00Normalen promet,Komen - Gorjansko,36,38,82.2,0.7,01.06.2026 10:00:00,Normalen promet
R3-619,Dol pri VogljahDutovlje - Repentabor1325238.12.001.06.2026 10:00:00Normalen promet,Dutovlje - Repentabor,132,52,38.1,2.0,01.06.2026 10:00:00,Normalen promet
,Repentabor - Dutovlje605348.11.201.06.2026 10:00:00Normalen promet,Repentabor - Dutovlje,60,53,48.1,1.2,01.06.2026 10:00:00,Normalen promet
R3-620,KazljeŠtanjel - Štorje2445144.10.401.06.2026 10:00:00Normalen promet,Štanjel - Štorje,24,45,144.1,0.4,01.06.2026 10:00:00,Normalen promet
,Štorje - Štanjel2452270.40.401.06.2026 10:00:00Normalen promet,Štorje - Štanjel,24,52,270.4,0.4,01.06.2026 10:00:00,Normalen promet
R3-621,HrušicaCol - Kalce2465138.90.201.06.2026 10:00:00Normalen promet,Col - Kalce,24,65,138.9,0.2,01.06.2026 10:00:00,Normalen promet
,Kalce - Col3658112.80.401.06.2026 10:00:00Normalen promet,Kalce - Col,36,58,112.8,0.4,01.06.2026 10:00:00,Normalen promet
R3-625,VrtineBertoki - Sv. Anton1924417.64.201.06.2026 09:55:00Normalen promet,Bertoki - Sv. Anton,192,44,17.6,4.2,01.06.2026 09:55:00,Normalen promet
,Sv. Anton - Bertoki1804416.13.401.06.2026 09:55:00Normalen promet,Sv. Anton - Bertoki,180,44,16.1,3.4,01.06.2026 09:55:00,Normalen promet
R3-627,GabrovicaČrni Kal - Osp1254211.50.101.06.2026 09:55:00Normalen promet,Črni Kal - Osp,12,54,211.5,0.1,01.06.2026 09:55:00,Normalen promet
,Osp - Črni Kal00999.90.001.06.2026 09:55:00Ni prometa,Osp - Črni Kal,0,0,999.9,0.0,01.06.2026 09:55:00,Ni prometa
R3-628,DragonjaDragonja - Sečovlje1448925.81.201.06.2026 10:00:00Normalen promet,Dragonja - Sečovlje,144,89,25.8,1.2,01.06.2026 10:00:00,Normalen promet
,Sečovlje - Dragonja727434.50.901.06.2026 10:00:00Normalen promet,Sečovlje - Dragonja,72,74,34.5,0.9,01.06.2026 10:00:00,Normalen promet
R3-629,Beli KrižPiran - Beli Križ - Valeta324369.86.901.06.2026 09:55:00Normalen promet,Piran - Beli Križ - Valeta,324,36,9.8,6.9,01.06.2026 09:55:00,Normalen promet
,Valeta - Beli Križ - Piran2403710.65.501.06.2026 09:55:00Normalen promet,Valeta - Beli Križ - Piran,240,37,10.6,5.5,01.06.2026 09:55:00,Normalen promet
R3-632,VrbovoIlirska Bistrica - Zabiče486573.90.501.06.2026 10:00:00Normalen promet,Ilirska Bistrica - Zabiče,48,65,73.9,0.5,01.06.2026 10:00:00,Normalen promet
,Zabiče - Ilirska Bistrica365065.80.501.06.2026 10:00:00Normalen promet,Zabiče - Ilirska Bistrica,36,50,65.8,0.5,01.06.2026 10:00:00,Normalen promet
R3-633,Srednja vasJereka - Jezero602967.51.601.06.2026 09:55:00Normalen promet,Jereka - Jezero,60,29,67.5,1.6,01.06.2026 09:55:00,Normalen promet
,Jezero - Jereka603693.11.301.06.2026 09:55:00Normalen promet,Jezero - Jereka,60,36,93.1,1.3,01.06.2026 09:55:00,Normalen promet
R3-634,Spodnje GorjeBled - Gorje240296.66.101.06.2026 10:00:00Povečan promet,Bled - Gorje,240,29,6.6,6.1,01.06.2026 10:00:00,Povečan promet
,Gorje - Bled1323311.93.201.06.2026 10:00:00Normalen promet,Gorje - Bled,132,33,11.9,3.2,01.06.2026 10:00:00,Normalen promet
R3-634,KočnaBled - Jesenice245970.20.301.06.2026 09:55:00Normalen promet,Bled - Jesenice,24,59,70.2,0.3,01.06.2026 09:55:00,Normalen promet
,Jesenice - Bled485580.60.801.06.2026 09:55:00Normalen promet,Jesenice - Bled,48,55,80.6,0.8,01.06.2026 09:55:00,Normalen promet
R3-635,Kamna GoricaLesce - Naklo1260287.10.101.06.2026 10:00:00Normalen promet,Lesce - Naklo,12,60,287.1,0.1,01.06.2026 10:00:00,Normalen promet
,Naklo-Lesce487677.50.501.06.2026 10:00:00Normalen promet,Naklo-Lesce,48,76,77.5,0.5,01.06.2026 10:00:00,Normalen promet
R3-636,PodtaborPodtabor - Zvirče1084145.32.601.06.2026 09:55:00Normalen promet,Podtabor - Zvirče,108,41,45.3,2.6,01.06.2026 09:55:00,Normalen promet
,Zvirče - Podtabor1204830.62.101.06.2026 09:55:00Normalen promet,Zvirče - Podtabor,120,48,30.6,2.1,01.06.2026 09:55:00,Normalen promet
R3-638,ZabreznicaBegunje - Žirovnica3638108.40.801.06.2026 09:50:00Normalen promet,Begunje - Žirovnica,36,38,108.4,0.8,01.06.2026 09:50:00,Normalen promet
,Žirovnica - Begunje2436186.30.501.06.2026 09:50:00Normalen promet,Žirovnica - Begunje,24,36,186.3,0.5,01.06.2026 09:50:00,Normalen promet
R3-639,PovodjeŠmartno - Vodice486287.40.601.06.2026 10:00:00Normalen promet,Šmartno - Vodice,48,62,87.4,0.6,01.06.2026 10:00:00,Normalen promet
,Vodice - Šmartno607069.60.701.06.2026 10:00:00Normalen promet,Vodice - Šmartno,60,70,69.6,0.7,01.06.2026 10:00:00,Normalen promet
R3-639,LJ TacenLJ Šentvid - LJ Šmartno348419.07.001.06.2026 10:00:00Normalen promet,LJ Šentvid - LJ Šmartno,348,41,9.0,7.0,01.06.2026 10:00:00,Normalen promet
,LJ Šmartno - LJ Šentvid564395.911.701.06.2026 10:00:00Povečan promet,LJ Šmartno - LJ Šentvid,564,39,5.9,11.7,01.06.2026 10:00:00,Povečan promet
R3-639,VodiceSp. Brnik - Vodice2643814.36.301.06.2026 10:00:00Normalen promet,Sp. Brnik - Vodice,264,38,14.3,6.3,01.06.2026 10:00:00,Normalen promet
,Vodice - Sp. Brnik483653.01.001.06.2026 10:00:00Normalen promet,Vodice - Sp. Brnik,48,36,53.0,1.0,01.06.2026 10:00:00,Normalen promet
R3-639,Zgornji BrnikCerklje - Sp. Brnik1325239.02.401.06.2026 10:00:00Normalen promet,Cerklje - Sp. Brnik,132,52,39.0,2.4,01.06.2026 10:00:00,Normalen promet
,Sp. Brnik - Cerklje2045117.04.001.06.2026 10:00:00Normalen promet,Sp. Brnik - Cerklje,204,51,17.0,4.0,01.06.2026 10:00:00,Normalen promet
R3-640,Laze pri LogatcuLogatec - Rakek1255361.00.101.06.2026 10:00:00Normalen promet,Logatec - Rakek,12,55,361.0,0.1,01.06.2026 10:00:00,Normalen promet
,Rakek - Logatec2441415.70.401.06.2026 10:00:00Normalen promet,Rakek - Logatec,24,41,415.7,0.4,01.06.2026 10:00:00,Normalen promet
R3-641,Log pri Polhovem GradcuDobrova - Polhov Gradec3662134.70.401.06.2026 10:00:00Normalen promet,Dobrova - Polhov Gradec,36,62,134.7,0.4,01.06.2026 10:00:00,Normalen promet
,Polhov Gradec - Dobrova606668.60.601.06.2026 10:00:00Normalen promet,Polhov Gradec - Dobrova,60,66,68.6,0.6,01.06.2026 10:00:00,Normalen promet
R3-641,DobrovaDobrova - Ljubljana3004911.75.201.06.2026 10:00:00Normalen promet,Dobrova - Ljubljana,300,49,11.7,5.2,01.06.2026 10:00:00,Normalen promet
,Ljubljana - Dobrova1685120.02.601.06.2026 10:00:00Normalen promet,Ljubljana - Dobrova,168,51,20.0,2.6,01.06.2026 10:00:00,Normalen promet
R3-642,BorovnicaPodpeč - Vrhnika364394.60.501.06.2026 10:00:00Normalen promet,Podpeč - Vrhnika,36,43,94.6,0.5,01.06.2026 10:00:00,Normalen promet
,Vrhnika - Podpeč1084531.91.901.06.2026 10:00:00Normalen promet,Vrhnika - Podpeč,108,45,31.9,1.9,01.06.2026 10:00:00,Normalen promet
R3-642,PodkrajIg - Podpeč1250209.00.101.06.2026 09:55:00Normalen promet,Ig - Podpeč,12,50,209.0,0.1,01.06.2026 09:55:00,Normalen promet
,Podpeč - Ig2456159.40.301.06.2026 09:55:00Normalen promet,Podpeč - Ig,24,56,159.4,0.3,01.06.2026 09:55:00,Normalen promet
R3-642,Ig 2Ig - LJ (Peruzzijeva)1085620.01.501.06.2026 10:00:00Normalen promet,Ig - LJ (Peruzzijeva),108,56,20.0,1.5,01.06.2026 10:00:00,Normalen promet
,LJ (Peruzzijeva) - Ig2045717.83.001.06.2026 10:00:00Normalen promet,LJ (Peruzzijeva) - Ig,204,57,17.8,3.0,01.06.2026 10:00:00,Normalen promet
R3-643,PreserjePodpeč - Rakitna2447150.40.401.06.2026 09:55:00Normalen promet,Podpeč - Rakitna,24,47,150.4,0.4,01.06.2026 09:55:00,Normalen promet
,Rakitna - Podpeč724146.81.501.06.2026 09:55:00Normalen promet,Rakitna - Podpeč,72,41,46.8,1.5,01.06.2026 09:55:00,Normalen promet
R3-644,SneberjeLJ Sneberje - Šentjakob2404412.34.201.06.2026 10:00:00Normalen promet,LJ Sneberje - Šentjakob,240,44,12.3,4.2,01.06.2026 10:00:00,Normalen promet
,Šentjakob - LJ Sneberje360479.26.101.06.2026 10:00:00Povečan promet,Šentjakob - LJ Sneberje,360,47,9.2,6.1,01.06.2026 10:00:00,Povečan promet
R3-644,PodgoricaDomžale - Šentjakob444487.37.901.06.2026 09:55:00Normalen promet,Domžale - Šentjakob,444,48,7.3,7.9,01.06.2026 09:55:00,Normalen promet
,Šentjakob - Domžale3005010.25.401.06.2026 09:55:00Normalen promet,Šentjakob - Domžale,300,50,10.2,5.4,01.06.2026 09:55:00,Normalen promet
R3-644,LJ ŠmartnoObvoznica - Sneberje384359.59.201.06.2026 10:00:00Povečan promet,Obvoznica - Sneberje,384,35,9.5,9.2,01.06.2026 10:00:00,Povečan promet
,Sneberje - Obvoznica456487.38.201.06.2026 10:00:00Povečan promet,Sneberje - Obvoznica,456,48,7.3,8.2,01.06.2026 10:00:00,Povečan promet
R3-645,BesnicaLitija - Zadvor2459140.70.301.06.2026 10:00:00Normalen promet,Litija - Zadvor,24,59,140.7,0.3,01.06.2026 10:00:00,Normalen promet
,Zadvor - Litija00999.90.001.06.2026 10:00:00Ni prometa,Zadvor - Litija,0,0,999.9,0.0,01.06.2026 10:00:00,Ni prometa
R3-645,ZadvorLjubljana - Zadvor1684725.93.001.06.2026 10:00:00Normalen promet,Ljubljana - Zadvor,168,47,25.9,3.0,01.06.2026 10:00:00,Normalen promet
,Zadvor - Ljubljana360479.36.101.06.2026 10:00:00Normalen promet,Zadvor - Ljubljana,360,47,9.3,6.1,01.06.2026 10:00:00,Normalen promet
R3-646,CikavaCikava - Grosuplje456487.59.401.06.2026 10:00:00Povečan promet,Cikava - Grosuplje,456,48,7.5,9.4,01.06.2026 10:00:00,Povečan promet
,Grosuplje - Cikava492556.77.801.06.2026 10:00:00Povečan promet,Grosuplje - Cikava,492,55,6.7,7.8,01.06.2026 10:00:00,Povečan promet
R3-646,Šmarje SapCikava - Sap - Šmarje965544.21.401.06.2026 09:55:00Normalen promet,Cikava - Sap - Šmarje,96,55,44.2,1.4,01.06.2026 09:55:00,Normalen promet
,Šmarje - Sap - Cikava1685222.72.501.06.2026 09:55:00Normalen promet,Šmarje - Sap - Cikava,168,52,22.7,2.5,01.06.2026 09:55:00,Normalen promet
R3-646,Ivančna GoricaGrm - Ivančna Gorica1926318.22.601.06.2026 10:00:00Normalen promet,Grm - Ivančna Gorica,192,63,18.2,2.6,01.06.2026 10:00:00,Normalen promet
,Ivančna Gorica - Grm2165616.83.601.06.2026 10:00:00Normalen promet,Ivančna Gorica - Grm,216,56,16.8,3.6,01.06.2026 10:00:00,Normalen promet
R3-646,Zgornja DragaIvančna Gorica - Višnja Gora3659105.70.401.06.2026 10:00:00Normalen promet,Ivančna Gorica - Višnja Gora,36,59,105.7,0.4,01.06.2026 10:00:00,Normalen promet
,Višnja Gora - Ivančna Gorica845842.61.201.06.2026 10:00:00Normalen promet,Višnja Gora - Ivančna Gorica,84,58,42.6,1.2,01.06.2026 10:00:00,Normalen promet
R3-647,Veliko MlačevoGrosuplje - Mlačevo1685521.02.401.06.2026 09:55:00Normalen promet,Grosuplje - Mlačevo,168,55,21.0,2.4,01.06.2026 09:55:00,Normalen promet
,Mlačevo - Grosuplje2766811.93.601.06.2026 09:55:00Normalen promet,Mlačevo - Grosuplje,276,68,11.9,3.6,01.06.2026 09:55:00,Normalen promet
R3-647,Malo MlačevoMlačevo - Rašica1084939.61.801.06.2026 10:00:00Normalen promet,Mlačevo - Rašica,108,49,39.6,1.8,01.06.2026 10:00:00,Normalen promet
,Rašica - Mlačevo1684715.63.101.06.2026 10:00:00Normalen promet,Rašica - Mlačevo,168,47,15.6,3.1,01.06.2026 10:00:00,Normalen promet
R3-647,GrosupljeAC - Grosuplje2284115.04.801.06.2026 10:00:00Normalen promet,AC - Grosuplje,228,41,15.0,4.8,01.06.2026 10:00:00,Normalen promet
,Grosuplje - AC2524113.35.301.06.2026 10:00:00Normalen promet,Grosuplje - AC,252,41,13.3,5.3,01.06.2026 10:00:00,Normalen promet
R3-650,DobravaTrebnje - Žužemberk1278209.40.101.06.2026 09:50:00Normalen promet,Trebnje - Žužemberk,12,78,209.4,0.1,01.06.2026 09:50:00,Normalen promet
,Žužemberk - Trebnje4860175.70.701.06.2026 09:50:00Normalen promet,Žužemberk - Trebnje,48,60,175.7,0.7,01.06.2026 09:50:00,Normalen promet
R3-651,NM KarteljevoPrik. NM zahod-Velika Bučna vas348589.85.901.06.2026 10:00:00Normalen promet,Prik. NM zahod-Velika Bučna vas,348,58,9.8,5.9,01.06.2026 10:00:00,Normalen promet
,Velika Bučna vas-Prik. NM zahod3005411.06.501.06.2026 10:00:00Normalen promet,Velika Bučna vas-Prik. NM zahod,300,54,11.0,6.5,01.06.2026 10:00:00,Normalen promet
R3-651,Mirna Peč 2AC - Mirna Peč966752.21.101.06.2026 10:00:00Normalen promet,AC - Mirna Peč,96,67,52.2,1.1,01.06.2026 10:00:00,Normalen promet
,Mirna Peč - AC4857108.50.601.06.2026 10:00:00Normalen promet,Mirna Peč - AC,48,57,108.5,0.6,01.06.2026 10:00:00,Normalen promet
R3-652,Velika LokaČatež - Trebnje1085432.71.601.06.2026 09:55:00Normalen promet,Čatež - Trebnje,108,54,32.7,1.6,01.06.2026 09:55:00,Normalen promet
,Trebnje - Čatež1085526.91.701.06.2026 09:55:00Normalen promet,Trebnje - Čatež,108,55,26.9,1.7,01.06.2026 09:55:00,Normalen promet
R3-654,Kočevska RekaKočevska Reka - Štalcerji2446163.70.301.06.2026 10:00:00Normalen promet,Kočevska Reka - Štalcerji,24,46,163.7,0.3,01.06.2026 10:00:00,Normalen promet
,Štalcerji - Kočevska Reka3649102.80.601.06.2026 10:00:00Normalen promet,Štalcerji - Kočevska Reka,36,49,102.8,0.6,01.06.2026 10:00:00,Normalen promet
R3-657,Petrina 2Grivac-Mirtoviči - Petrina000.00.001.06.2026 11:00:41Ni podatka,Grivac-Mirtoviči - Petrina,0,0,0.0,0.0,01.06.2026 11:00:41,Ni podatka
,Petrina - Grivac-Mirtoviči000.00.001.06.2026 11:00:41Ni podatka,Petrina - Grivac-Mirtoviči,0,0,0.0,0.0,01.06.2026 11:00:41,Ni podatka
R3-658,PredgradBrezovica - Stari trg2443126.70.401.06.2026 10:00:00Normalen promet,Brezovica - Stari trg,24,43,126.7,0.4,01.06.2026 10:00:00,Normalen promet
,Stari trg - Brezovica00999.90.001.06.2026 10:00:00Ni prometa,Stari trg - Brezovica,0,0,999.9,0.0,01.06.2026 10:00:00,Ni prometa
R3-660,ČrnomeljČrnomelj - Dolenjci1444328.62.601.06.2026 10:00:00Normalen promet,Črnomelj - Dolenjci,144,43,28.6,2.6,01.06.2026 10:00:00,Normalen promet
,Dolenjci - Črnomelj604559.61.101.06.2026 10:00:00Normalen promet,Dolenjci - Črnomelj,60,45,59.6,1.1,01.06.2026 10:00:00,Normalen promet
R3-661,DrašičiDrašiči - Metlika1253999.90.101.06.2026 10:00:00Normalen promet,Drašiči - Metlika,12,53,999.9,0.1,01.06.2026 10:00:00,Normalen promet
,Metlika - Drašiči3658127.00.401.06.2026 10:00:00Normalen promet,Metlika - Drašiči,36,58,127.0,0.4,01.06.2026 10:00:00,Normalen promet
R3-664,LjubenČrnomelj - Novo Mesto725942.01.001.06.2026 09:55:00Normalen promet,Črnomelj - Novo Mesto,72,59,42.0,1.0,01.06.2026 09:55:00,Normalen promet
,Novo Mesto - Črnomelj606141.80.701.06.2026 09:55:00Normalen promet,Novo Mesto - Črnomelj,60,61,41.8,0.7,01.06.2026 09:55:00,Normalen promet
R3-664,NožiceDomžale - Duplica2884511.36.201.06.2026 10:00:00Normalen promet,Domžale - Duplica,288,45,11.3,6.2,01.06.2026 10:00:00,Normalen promet
,Duplica - Domžale3365010.25.701.06.2026 10:00:00Normalen promet,Duplica - Domžale,336,50,10.2,5.7,01.06.2026 10:00:00,Normalen promet
R3-665,JagnjenicaJagnjenica - Radeče485469.90.701.06.2026 10:00:00Normalen promet,Jagnjenica - Radeče,48,54,69.9,0.7,01.06.2026 10:00:00,Normalen promet
R3-667,Šmarješke TopliceDolenje Kronovo - Šmarješke Topl1924917.93.001.06.2026 10:00:00Normalen promet,Dolenje Kronovo - Šmarješke Topl,192,49,17.9,3.0,01.06.2026 10:00:00,Normalen promet
,Šmarješke Topl - Dolenje Kronovo1565522.62.301.06.2026 10:00:00Normalen promet,Šmarješke Topl - Dolenje Kronovo,156,55,22.6,2.3,01.06.2026 10:00:00,Normalen promet
R3-667,Zbure 2Šmarjeta - Zbure2474152.80.201.06.2026 10:00:00Normalen promet,Šmarjeta - Zbure,24,74,152.8,0.2,01.06.2026 10:00:00,Normalen promet
,Zbure - Šmarjeta485674.70.601.06.2026 10:00:00Normalen promet,Zbure - Šmarjeta,48,56,74.7,0.6,01.06.2026 10:00:00,Normalen promet
R3-672,PodlipaSmednik - Zavratec605155.10.801.06.2026 10:00:00Normalen promet,Smednik - Zavratec,60,51,55.1,0.8,01.06.2026 10:00:00,Normalen promet
,Zavratec - Smednik1205550.81.701.06.2026 10:00:00Normalen promet,Zavratec - Smednik,120,55,50.8,1.7,01.06.2026 10:00:00,Normalen promet
R3-673,Malo MraševoDrnovo - Križaj605549.20.801.06.2026 09:55:00Normalen promet,Drnovo - Križaj,60,55,49.2,0.8,01.06.2026 09:55:00,Normalen promet
,Križaj - Drnovo605467.00.901.06.2026 09:55:00Normalen promet,Križaj - Drnovo,60,54,67.0,0.9,01.06.2026 09:55:00,Normalen promet
R3-676,ArtičeKapele - Sp. Pohanca485072.30.801.06.2026 10:00:00Normalen promet,Kapele - Sp. Pohanca,48,50,72.3,0.8,01.06.2026 10:00:00,Normalen promet
,Sp. Pohanca - Kapele366689.20.401.06.2026 10:00:00Normalen promet,Sp. Pohanca - Kapele,36,66,89.2,0.4,01.06.2026 10:00:00,Normalen promet
R3-679,Gornje BrezovoKrško - Sevnica365686.60.501.06.2026 09:55:00Normalen promet,Krško - Sevnica,36,56,86.6,0.5,01.06.2026 09:55:00,Normalen promet
,Sevnica - Krško725247.71.201.06.2026 09:55:00Normalen promet,Sevnica - Krško,72,52,47.7,1.2,01.06.2026 09:55:00,Normalen promet
R3-685,TekačevoRogaška Slatina - Tekačevo2045618.53.101.06.2026 10:00:00Normalen promet,Rogaška Slatina - Tekačevo,204,56,18.5,3.1,01.06.2026 10:00:00,Normalen promet
,Tekačevo - Rogaška Slatina1205527.21.801.06.2026 10:00:00Normalen promet,Tekačevo - Rogaška Slatina,120,55,27.2,1.8,01.06.2026 10:00:00,Normalen promet
R3-686,Žiče 2Tepanje - Žiče724447.81.201.06.2026 10:00:00Normalen promet,Tepanje - Žiče,72,44,47.8,1.2,01.06.2026 10:00:00,Normalen promet
,Žiče - Tepanje605557.60.901.06.2026 10:00:00Normalen promet,Žiče - Tepanje,60,55,57.6,0.9,01.06.2026 10:00:00,Normalen promet
R3-687,HotunjeDole - Ponikva3646130.10.501.06.2026 10:00:00Normalen promet,Dole - Ponikva,36,46,130.1,0.5,01.06.2026 10:00:00,Normalen promet
,Ponikva - Dole725451.31.001.06.2026 10:00:00Normalen promet,Ponikva - Dole,72,54,51.3,1.0,01.06.2026 10:00:00,Normalen promet
R3-688,ŽičeMlače - Žiče1205326.21.801.06.2026 10:00:00Normalen promet,Mlače - Žiče,120,53,26.2,1.8,01.06.2026 10:00:00,Normalen promet
,Žiče - Mlače1445223.62.101.06.2026 10:00:00Normalen promet,Žiče - Mlače,144,52,23.6,2.1,01.06.2026 10:00:00,Normalen promet
R3-688,Slovenske KonjiceSlov. Konjice - Žiče1686418.82.301.06.2026 10:00:00Normalen promet,Slov. Konjice - Žiče,168,64,18.8,2.3,01.06.2026 10:00:00,Normalen promet
,Žiče - Slov. Konjice2165615.53.601.06.2026 10:00:00Normalen promet,Žiče - Slov. Konjice,216,56,15.5,3.6,01.06.2026 10:00:00,Normalen promet
R3-688,Čadramska vasMlače - Poljčane1204524.32.201.06.2026 10:00:00Normalen promet,Mlače - Poljčane,120,45,24.3,2.2,01.06.2026 10:00:00,Normalen promet
,Poljčane - Mlače1084823.01.901.06.2026 10:00:00Normalen promet,Poljčane - Mlače,108,48,23.0,1.9,01.06.2026 10:00:00,Normalen promet
R3-689,ČermožišePtuj - Rogatec1244378.80.201.06.2026 10:00:00Normalen promet,Ptuj - Rogatec,12,44,378.8,0.2,01.06.2026 10:00:00,Normalen promet
,Rogatec - Ptuj484594.00.801.06.2026 10:00:00Normalen promet,Rogatec - Ptuj,48,45,94.0,0.8,01.06.2026 10:00:00,Normalen promet
R3-690,VarejaTržec - Zgornji Leskovec604690.61.201.06.2026 09:55:00Normalen promet,Tržec - Zgornji Leskovec,60,46,90.6,1.2,01.06.2026 09:55:00,Normalen promet
,Zgornji Leskovec - Tržec364678.80.501.06.2026 09:55:00Normalen promet,Zgornji Leskovec - Tržec,36,46,78.8,0.5,01.06.2026 09:55:00,Normalen promet
R3-694,ArnačePolzela - Velenje1445321.32.301.06.2026 10:00:00Normalen promet,Polzela - Velenje,144,53,21.3,2.3,01.06.2026 10:00:00,Normalen promet
,Velenje - Polzela1085638.81.701.06.2026 10:00:00Normalen promet,Velenje - Polzela,108,56,38.8,1.7,01.06.2026 10:00:00,Normalen promet
R3-694,Breg pri PolzeliDobrteša vas - Polzela2885412.24.501.06.2026 10:00:00Normalen promet,Dobrteša vas - Polzela,288,54,12.2,4.5,01.06.2026 10:00:00,Normalen promet
,Polzela - Dobrteša vas468497.17.901.06.2026 10:00:00Normalen promet,Polzela - Dobrteša vas,468,49,7.1,7.9,01.06.2026 10:00:00,Normalen promet
R3-695,GorenjeGorenje  - Mozirje1443820.83.901.06.2026 10:00:00Normalen promet,Gorenje  - Mozirje,144,38,20.8,3.9,01.06.2026 10:00:00,Normalen promet
,Mozirje - Gorenje1084232.02.601.06.2026 10:00:00Normalen promet,Mozirje - Gorenje,108,42,32.0,2.6,01.06.2026 10:00:00,Normalen promet
R3-696,VelenjeŠkale - Velenje1685017.72.601.06.2026 10:00:00Normalen promet,Škale - Velenje,168,50,17.7,2.6,01.06.2026 10:00:00,Normalen promet
,Velenje - Škale1324922.92.301.06.2026 10:00:00Normalen promet,Velenje - Škale,132,49,22.9,2.3,01.06.2026 10:00:00,Normalen promet
R3-700,OplotnicaOplotnica - Slovenske Konjice2450135.40.401.06.2026 10:00:00Normalen promet,Oplotnica - Slovenske Konjice,24,50,135.4,0.4,01.06.2026 10:00:00,Normalen promet
,Slovenske Konjice - Oplotnica244994.60.301.06.2026 10:00:00Normalen promet,Slovenske Konjice - Oplotnica,24,49,94.6,0.3,01.06.2026 10:00:00,Normalen promet
R3-700,LožnicaLožnica - Oplotnica2046218.32.701.06.2026 09:55:00Normalen promet,Ložnica - Oplotnica,204,62,18.3,2.7,01.06.2026 09:55:00,Normalen promet
,Oplotnica - Ložnica967128.71.001.06.2026 09:55:00Normalen promet,Oplotnica - Ložnica,96,71,28.7,1.0,01.06.2026 09:55:00,Normalen promet
R3-701,Lovrenc na PohorjuLovrenc na Pohorju - Ruta486733.10.501.06.2026 10:00:00Normalen promet,Lovrenc na Pohorju - Ruta,48,67,33.1,0.5,01.06.2026 10:00:00,Normalen promet
,Ruta - Lovrenc na Pohorju367280.90.401.06.2026 10:00:00Normalen promet,Ruta - Lovrenc na Pohorju,36,72,80.9,0.4,01.06.2026 10:00:00,Normalen promet
R3-701,ZrečeZeče - Zreče2645213.15.101.06.2026 10:00:00Normalen promet,Zeče - Zreče,264,52,13.1,5.1,01.06.2026 10:00:00,Normalen promet
,Zreče - Zeče396648.24.901.06.2026 10:00:00Normalen promet,Zreče - Zeče,396,64,8.2,4.9,01.06.2026 10:00:00,Normalen promet
R3-701,BoharinaRogla - Zreče2441456.00.901.06.2026 10:00:00Normalen promet,Rogla - Zreče,24,41,456.0,0.9,01.06.2026 10:00:00,Normalen promet
,Zreče - Rogla00999.90.001.06.2026 10:00:00Ni prometa,Zreče - Rogla,0,0,999.9,0.0,01.06.2026 10:00:00,Ni prometa
R3-704,VuhredRibnica na Pohorju - Vuhred1254223.90.101.06.2026 10:00:00Normalen promet,Ribnica na Pohorju - Vuhred,12,54,223.9,0.1,01.06.2026 10:00:00,Normalen promet
,Vuhred - Ribnica na Pohorju246473.80.301.06.2026 10:00:00Normalen promet,Vuhred - Ribnica na Pohorju,24,64,73.8,0.3,01.06.2026 10:00:00,Normalen promet
R3-704,Janževski vrhBrezno - Ribnica1249342.30.101.06.2026 09:50:00Normalen promet,Brezno - Ribnica,12,49,342.3,0.1,01.06.2026 09:50:00,Normalen promet
,Ribnica - Brezno3646104.30.601.06.2026 09:50:00Normalen promet,Ribnica - Brezno,36,46,104.3,0.6,01.06.2026 09:50:00,Normalen promet
R3-709,CelestrinaMB (Malečnik) - Pernica724777.31.301.06.2026 10:00:00Normalen promet,MB (Malečnik) - Pernica,72,47,77.3,1.3,01.06.2026 10:00:00,Normalen promet
,Pernica - MB (Malečnik)845539.81.201.06.2026 10:00:00Normalen promet,Pernica - MB (Malečnik),84,55,39.8,1.2,01.06.2026 10:00:00,Normalen promet
R3-709,MalečnikMalečnik - MB (Malečnik-most)1804717.32.901.06.2026 09:40:00Normalen promet,Malečnik - MB (Malečnik-most),180,47,17.3,2.9,01.06.2026 09:40:00,Normalen promet
,MB (Malečnik-most) - Malečnik1805918.32.501.06.2026 09:40:00Normalen promet,MB (Malečnik-most) - Malečnik,180,59,18.3,2.5,01.06.2026 09:40:00,Normalen promet
R3-710,DogošeDvorjane - Maribor2165217.83.301.06.2026 10:00:00Normalen promet,Dvorjane - Maribor,216,52,17.8,3.3,01.06.2026 10:00:00,Normalen promet
,Maribor - Dvorjane2524914.84.701.06.2026 10:00:00Normalen promet,Maribor - Dvorjane,252,49,14.8,4.7,01.06.2026 10:00:00,Normalen promet
R3-710,VurberkDvorjane - Ptuj366197.70.401.06.2026 10:00:00Normalen promet,Dvorjane - Ptuj,36,61,97.7,0.4,01.06.2026 10:00:00,Normalen promet
,Ptuj - Dvorjane964744.61.701.06.2026 10:00:00Normalen promet,Ptuj - Dvorjane,96,47,44.6,1.7,01.06.2026 10:00:00,Normalen promet
R3-710,Ptuj zahodHajdina - Ptuj540486.19.601.06.2026 10:00:00Povečan promet,Hajdina - Ptuj,540,48,6.1,9.6,01.06.2026 10:00:00,Povečan promet
,Ptuj - Hajdina372468.17.601.06.2026 10:00:00Normalen promet,Ptuj - Hajdina,372,46,8.1,7.6,01.06.2026 10:00:00,Normalen promet
R3-710,Turnišče 2Hajdina - Turnišče485176.11.001.06.2026 09:55:00Normalen promet,Hajdina - Turnišče,48,51,76.1,1.0,01.06.2026 09:55:00,Normalen promet
,Turnišče - Hajdina245525.80.301.06.2026 09:55:00Normalen promet,Turnišče - Hajdina,24,55,25.8,0.3,01.06.2026 09:55:00,Normalen promet
R3-711,RačeFram - Rače1924818.13.101.06.2026 10:00:00Normalen promet,Fram - Rače,192,48,18.1,3.1,01.06.2026 10:00:00,Normalen promet
,Rače - Fram2884214.35.701.06.2026 10:00:00Normalen promet,Rače - Fram,288,42,14.3,5.7,01.06.2026 10:00:00,Normalen promet
R3-712,PacinjeGabernik - Rogoznica606355.30.701.06.2026 10:00:00Normalen promet,Gabernik - Rogoznica,60,63,55.3,0.7,01.06.2026 10:00:00,Normalen promet
,Rogoznica - Gabernik3669121.30.401.06.2026 10:00:00Normalen promet,Rogoznica - Gabernik,36,69,121.3,0.4,01.06.2026 10:00:00,Normalen promet
R3-713,Rogoznicakrižišče Spuhlja - Ptuj2884311.85.501.06.2026 10:00:00Normalen promet,križišče Spuhlja - Ptuj,288,43,11.8,5.5,01.06.2026 10:00:00,Normalen promet
,Ptuj - križišče Spuhlja456447.88.701.06.2026 10:00:00Povečan promet,Ptuj - križišče Spuhlja,456,44,7.8,8.7,01.06.2026 10:00:00,Povečan promet
R3-713,DornavaDornava - Ptuj1088331.01.001.06.2026 09:50:00Normalen promet,Dornava - Ptuj,108,83,31.0,1.0,01.06.2026 09:50:00,Normalen promet
,Ptuj - Dornava1567919.21.601.06.2026 09:50:00Normalen promet,Ptuj - Dornava,156,79,19.2,1.6,01.06.2026 09:50:00,Normalen promet
R3-714,Spodnji Ivanjci 2G.Radgona - Sp.Ivanjci725150.91.201.06.2026 10:00:00Normalen promet,G.Radgona - Sp.Ivanjci,72,51,50.9,1.2,01.06.2026 10:00:00,Normalen promet
,Sp.Ivanjci - G.Radgona1261358.30.101.06.2026 10:00:00Normalen promet,Sp.Ivanjci - G.Radgona,12,61,358.3,0.1,01.06.2026 10:00:00,Normalen promet
R3-715,MarkišavciGorica - MS1203831.82.401.06.2026 10:00:00Normalen promet,Gorica - MS,120,38,31.8,2.4,01.06.2026 10:00:00,Normalen promet
,MS - Gorica964438.11.901.06.2026 10:00:00Normalen promet,MS - Gorica,96,44,38.1,1.9,01.06.2026 10:00:00,Normalen promet
R3-716,BodonciGrad - Lemerje00999.90.001.06.2026 10:00:00Ni prometa,Grad - Lemerje,0,0,999.9,0.0,01.06.2026 10:00:00,Ni prometa
,Lemerje - Grad2454192.40.301.06.2026 10:00:00Normalen promet,Lemerje - Grad,24,54,192.4,0.3,01.06.2026 10:00:00,Normalen promet
R3-725,Ljubečna 2AC - Ljubečna1324127.12.901.06.2026 10:00:00Normalen promet,AC - Ljubečna,132,41,27.1,2.9,01.06.2026 10:00:00,Normalen promet
,Ljubečna - AC2284614.94.201.06.2026 10:00:00Normalen promet,Ljubečna - AC,228,46,14.9,4.2,01.06.2026 10:00:00,Normalen promet
R3-726,Miklavž pri OrmožuPavlovci - Stročja vas1260218.70.101.06.2026 10:00:00Normalen promet,Pavlovci - Stročja vas,12,60,218.7,0.1,01.06.2026 10:00:00,Normalen promet
,Stročja vas - Pavlovci2448189.20.301.06.2026 10:00:00Normalen promet,Stročja vas - Pavlovci,24,48,189.2,0.3,01.06.2026 10:00:00,Normalen promet
R3-726,TurniščeČrenšovci - Renkovci1564024.93.701.06.2026 10:00:00Normalen promet,Črenšovci - Renkovci,156,40,24.9,3.7,01.06.2026 10:00:00,Normalen promet
,Renkovci - Črenšovci604867.71.001.06.2026 10:00:00Normalen promet,Renkovci - Črenšovci,60,48,67.7,1.0,01.06.2026 10:00:00,Normalen promet
R3-726,Srednja BistricaČrenšovci - Razkrižje724047.81.901.06.2026 10:00:00Normalen promet,Črenšovci - Razkrižje,72,40,47.8,1.9,01.06.2026 10:00:00,Normalen promet
,Razkrižje - Črenšovci1444625.53.001.06.2026 10:00:00Normalen promet,Razkrižje - Črenšovci,144,46,25.5,3.0,01.06.2026 10:00:00,Normalen promet
R3-728,IgIg - Škofljica1924020.94.201.06.2026 10:00:00Normalen promet,Ig - Škofljica,192,40,20.9,4.2,01.06.2026 10:00:00,Normalen promet
,Škofljica - Ig724244.01.501.06.2026 10:00:00Normalen promet,Škofljica - Ig,72,42,44.0,1.5,01.06.2026 10:00:00,Normalen promet
R3-729,BeltinciBeltinci - Lipa604650.81.101.06.2026 09:55:00Normalen promet,Beltinci - Lipa,60,46,50.8,1.1,01.06.2026 09:55:00,Normalen promet
,Lipa - Beltinci604775.80.901.06.2026 09:55:00Normalen promet,Lipa - Beltinci,60,47,75.8,0.9,01.06.2026 09:55:00,Normalen promet
R3-733,Dolenjske TopliceDolenjske Toplice - Vavta vas724931.91.301.06.2026 09:55:00Normalen promet,Dolenjske Toplice - Vavta vas,72,49,31.9,1.3,01.06.2026 09:55:00,Normalen promet
,Vavta vas - Dolenjske Toplice1444525.02.801.06.2026 09:55:00Normalen promet,Vavta vas - Dolenjske Toplice,144,45,25.0,2.8,01.06.2026 09:55:00,Normalen promet
R3-737,PodovaRače - Šikole487077.50.701.06.2026 09:55:00Normalen promet,Rače - Šikole,48,70,77.5,0.7,01.06.2026 09:55:00,Normalen promet
,Šikole - Rače847140.10.901.06.2026 09:55:00Normalen promet,Šikole - Rače,84,71,40.1,0.9,01.06.2026 09:55:00,Normalen promet
R3-741,Spodnje Škofijerondo - Škofije2404214.94.901.06.2026 10:00:00Normalen promet,rondo - Škofije,240,42,14.9,4.9,01.06.2026 10:00:00,Normalen promet
,Škofije - rondo408508.26.101.06.2026 10:00:00Povečan promet,Škofije - rondo,408,50,8.2,6.1,01.06.2026 10:00:00,Povečan promet
R3-741,Priključek ŠkofijeIzvoz iz Italije962043.23.401.06.2026 09:55:00Normalen promet,Izvoz iz Italije,96,20,43.2,3.4,01.06.2026 09:55:00,Normalen promet
,Uvoz proti KP362691.71.101.06.2026 09:55:00Normalen promet,Uvoz proti KP,36,26,91.7,1.1,01.06.2026 09:55:00,Normalen promet
R3-741,BertokiBertoki - Koper2165514.53.001.06.2026 10:00:00Normalen promet,Bertoki - Koper,216,55,14.5,3.0,01.06.2026 10:00:00,Normalen promet
,Koper - Bertoki2525314.23.801.06.2026 10:00:00Normalen promet,Koper - Bertoki,252,53,14.2,3.8,01.06.2026 10:00:00,Normalen promet
R3-742,Brezovica 2Brezovica - Podpeč1564728.72.701.06.2026 10:00:00Normalen promet,Brezovica - Podpeč,156,47,28.7,2.7,01.06.2026 10:00:00,Normalen promet
,Podpeč - Brezovica1084531.91.801.06.2026 10:00:00Normalen promet,Podpeč - Brezovica,108,45,31.9,1.8,01.06.2026 10:00:00,Normalen promet
R3-742,Notranje GoriceBrezovica - Podpeč1204927.92.201.06.2026 10:00:00Normalen promet,Brezovica - Podpeč,120,49,27.9,2.2,01.06.2026 10:00:00,Normalen promet
,Podpeč - Brezovica2524716.35.001.06.2026 10:00:00Normalen promet,Podpeč - Brezovica,252,47,16.3,5.0,01.06.2026 10:00:00,Normalen promet
R3-752,LjubečnaAC - Celje2885812.44.701.06.2026 10:00:00Normalen promet,AC - Celje,288,58,12.4,4.7,01.06.2026 10:00:00,Normalen promet
,Celje - AC2165615.23.701.06.2026 10:00:00Normalen promet,Celje - AC,216,56,15.2,3.7,01.06.2026 10:00:00,Normalen promet
RT-292,Hočko PohorjeHoče - Pohorje1242605.80.301.06.2026 10:00:00Normalen promet,Hoče - Pohorje,12,42,605.8,0.3,01.06.2026 10:00:00,Normalen promet
,Pohorje - Hoče244997.10.301.06.2026 10:00:00Normalen promet,Pohorje - Hoče,24,49,97.1,0.3,01.06.2026 10:00:00,Normalen promet
RT-905,KrnicaKrnica - Zatrnik484164.60.901.06.2026 10:00:00Normalen promet,Krnica - Zatrnik,48,41,64.6,0.9,01.06.2026 10:00:00,Normalen promet
,Zatrnik - Krnica363989.90.801.06.2026 10:00:00Normalen promet,Zatrnik - Krnica,36,39,89.9,0.8,01.06.2026 10:00:00,Normalen promet
RT-928,MozirjeGolte - Mozirje485992.20.601.06.2026 10:00:00Normalen promet,Golte - Mozirje,48,59,92.2,0.6,01.06.2026 10:00:00,Normalen promet
,Mozirje - Golte366064.20.501.06.2026 10:00:00Normalen promet,Mozirje - Golte,36,60,64.2,0.5,01.06.2026 10:00:00,Normalen promet
RT-929,Spodnje HočeSp. Hoče - Zg. Hoče1084841.21.601.06.2026 10:00:00Normalen promet,Sp. Hoče - Zg. Hoče,108,48,41.2,1.6,01.06.2026 10:00:00,Normalen promet
,Zg. Hoče - Sp. Hoče1445120.02.101.06.2026 10:00:00Normalen promet,Zg. Hoče - Sp. Hoče,144,51,20.0,2.1,01.06.2026 10:00:00,Normalen promet
RT-934,Sežana 2Lipica - Sežana725749.01.001.06.2026 10:00:00Normalen promet,Lipica - Sežana,72,57,49.0,1.0,01.06.2026 10:00:00,Normalen promet
,Sežana - Lipica726373.80.801.06.2026 10:00:00Normalen promet,Sežana - Lipica,72,63,73.8,0.8,01.06.2026 10:00:00,Normalen promet
RT-941,Kapelski vrhRadenci - Videm604936.70.901.06.2026 10:00:00Normalen promet,Radenci - Videm,60,49,36.7,0.9,01.06.2026 10:00:00,Normalen promet
,Videm - Radenci364679.00.801.06.2026 10:00:00Normalen promet,Videm - Radenci,36,46,79.0,0.8,01.06.2026 10:00:00,Normalen promet
AC-A1,R Zadobrova(MB-LJsev)MB-LJsev (v)552926.35.501.06.2026 10:10:00Povečan promet,MB-LJsev (v),552,92,6.3,5.5,01.06.2026 10:10:00,Povečan promet
,MB-LJsev (p)540886.76.401.06.2026 10:10:00Povečan promet,MB-LJsev (p),540,88,6.7,6.4,01.06.2026 10:10:00,Povečan promet
AC-A1,R Zadobrova(LJsev-MB)LJsev-MB (v)588855.97.301.06.2026 10:10:00Povečan promet,LJsev-MB (v),588,85,5.9,7.3,01.06.2026 10:10:00,Povečan promet
,LJsev-MB (p)2769712.12.401.06.2026 10:10:00Normalen promet,LJsev-MB (p),276,97,12.1,2.4,01.06.2026 10:10:00,Normalen promet
AC-A1,R Zadobrova(LJsev-LJvzh)LJsev-LJvzh (v)684814.97.901.06.2026 10:10:00Povečan promet,LJsev-LJvzh (v),684,81,4.9,7.9,01.06.2026 10:10:00,Povečan promet
,LJsev-LJvzh (p)468907.44.201.06.2026 10:10:00Normalen promet,LJsev-LJvzh (p),468,90,7.4,4.2,01.06.2026 10:10:00,Normalen promet
AC-A1,R Zadobrova(LJvzh-LJsev)LJvzh - LJsev (v)612875.96.601.06.2026 10:10:00Povečan promet,LJvzh - LJsev (v),612,87,5.9,6.6,01.06.2026 10:10:00,Povečan promet
,LJvzh - LJsev (p)4321058.43.401.06.2026 10:10:00Normalen promet,LJvzh - LJsev (p),432,105,8.4,3.4,01.06.2026 10:10:00,Normalen promet
AC-A1,Zadobrova ACsmer LJvzh (v)000.00.001.06.2026 10:10:00Ni podatka,smer LJvzh (v),0,0,0.0,0.0,01.06.2026 10:10:00,Ni podatka
,smer LJvzh (p)000.00.001.06.2026 10:10:00Ni podatka,smer LJvzh (p),0,0,0.0,0.0,01.06.2026 10:10:00,Ni podatka
,smer MB (v)780684.211.801.06.2026 10:10:00Zgoščen promet,smer MB (v),780,68,4.2,11.8,01.06.2026 10:10:00,Zgoščen promet
,smer MB (p)3608511.53.501.06.2026 10:10:00Normalen promet,smer MB (p),360,85,11.5,3.5,01.06.2026 10:10:00,Normalen promet
AC-A1,Gotovljesmer LJ (v)8761044.39.001.06.2026 10:10:00Povečan promet,smer LJ (v),876,104,4.3,9.0,01.06.2026 10:10:00,Povečan promet
,smer LJ (p)6121275.94.001.06.2026 10:10:00Povečan promet,smer LJ (p),612,127,5.9,4.0,01.06.2026 10:10:00,Povečan promet
,smer MB (v)876944.111.901.06.2026 10:10:00Zgoščen promet,smer MB (v),876,94,4.1,11.9,01.06.2026 10:10:00,Zgoščen promet
,smer MB (p)6361186.54.601.06.2026 10:10:00Povečan promet,smer MB (p),636,118,6.5,4.6,01.06.2026 10:10:00,Povečan promet
AC-A1,Podmiljsmer LJ (v)840934.511.001.06.2026 10:10:00Zgoščen promet,smer LJ (v),840,93,4.5,11.0,01.06.2026 10:10:00,Zgoščen promet
,smer LJ (p)4081138.43.101.06.2026 10:10:00Normalen promet,smer LJ (p),408,113,8.4,3.1,01.06.2026 10:10:00,Normalen promet
,smer MB (po)1808016.44.101.06.2026 10:10:00Normalen promet,smer MB (po),180,80,16.4,4.1,01.06.2026 10:10:00,Normalen promet
,smer MB (v)7201045.06.901.06.2026 10:10:00Povečan promet,smer MB (v),720,104,5.0,6.9,01.06.2026 10:10:00,Povečan promet
,smer MB (p)5761187.54.001.06.2026 10:10:00Normalen promet,smer MB (p),576,118,7.5,4.0,01.06.2026 10:10:00,Normalen promet
AC-A1,Verd ACsmer KP (v)900953.59.801.06.2026 10:10:00Povečan promet,smer KP (v),900,95,3.5,9.8,01.06.2026 10:10:00,Povečan promet
,smer KP (p)15361052.511.501.06.2026 10:10:00Povečan promet,smer KP (p),1536,105,2.5,11.5,01.06.2026 10:10:00,Povečan promet
,smer KP (po)360747.99.801.06.2026 10:10:00Povečan promet,smer KP (po),360,74,7.9,9.8,01.06.2026 10:10:00,Povečan promet
,smer LJ (v)7681064.98.401.06.2026 10:10:00Povečan promet,smer LJ (v),768,106,4.9,8.4,01.06.2026 10:10:00,Povečan promet
,smer LJ (p)9001294.35.701.06.2026 10:10:00Povečan promet,smer LJ (p),900,129,4.3,5.7,01.06.2026 10:10:00,Povečan promet
AC-A1,R KozarjeKP-LJjug (v)1284812.414.701.06.2026 10:10:00Zgoščen promet,KP-LJjug (v),1284,81,2.4,14.7,01.06.2026 10:10:00,Zgoščen promet
,KP-LJjug (p)1689836.11.001.06.2026 10:10:00Normalen promet,KP-LJjug (p),168,98,36.1,1.0,01.06.2026 10:10:00,Normalen promet
,LJjug-KP (v)648875.89.301.06.2026 10:10:00Povečan promet,LJjug-KP (v),648,87,5.8,9.3,01.06.2026 10:10:00,Povečan promet
,LJjug-KP (p)6121055.64.801.06.2026 10:10:00Povečan promet,LJjug-KP (p),612,105,5.6,4.8,01.06.2026 10:10:00,Povečan promet
AC-A1,R MalenceLJjug-LJvzh (v)444758.26.501.06.2026 10:10:00Normalen promet,LJjug-LJvzh (v),444,75,8.2,6.5,01.06.2026 10:10:00,Normalen promet
,LJjug-LJvzh (p)588886.35.801.06.2026 10:10:00Povečan promet,LJjug-LJvzh (p),588,88,6.3,5.8,01.06.2026 10:10:00,Povečan promet
,LJvzh-LJjug (v)660835.77.601.06.2026 10:10:00Povečan promet,LJvzh-LJjug (v),660,83,5.7,7.6,01.06.2026 10:10:00,Povečan promet
,LJvzh-LJjug (p)564906.95.801.06.2026 10:10:00Povečan promet,LJvzh-LJjug (p),564,90,6.9,5.8,01.06.2026 10:10:00,Povečan promet
,LJvzh-NM (v)3728511.63.801.06.2026 10:10:00Normalen promet,LJvzh-NM (v),372,85,11.6,3.8,01.06.2026 10:10:00,Normalen promet
,LJvzh-NM (p)3248913.72.701.06.2026 10:10:00Normalen promet,LJvzh-NM (p),324,89,13.7,2.7,01.06.2026 10:10:00,Normalen promet
,NM-LJvzh (v)780934.87.201.06.2026 10:10:00Povečan promet,NM-LJvzh (v),780,93,4.8,7.2,01.06.2026 10:10:00,Povečan promet
,NM-LJvzh (p)3611057.60.301.06.2026 10:10:00Normalen promet,NM-LJvzh (p),36,110,57.6,0.3,01.06.2026 10:10:00,Normalen promet
AC-A1,Goli vrh ACsmer KP (po)3008012.25.801.06.2026 10:10:00Normalen promet,smer KP (po),300,80,12.2,5.8,01.06.2026 10:10:00,Normalen promet
,smer KP (v)7561024.66.601.06.2026 10:10:00Povečan promet,smer KP (v),756,102,4.6,6.6,01.06.2026 10:10:00,Povečan promet
,smer KP (p)4801257.43.201.06.2026 10:10:00Normalen promet,smer KP (p),480,125,7.4,3.2,01.06.2026 10:10:00,Normalen promet
,smer LJ (v)9481064.310.001.06.2026 10:10:00Povečan promet,smer LJ (v),948,106,4.3,10.0,01.06.2026 10:10:00,Povečan promet
,smer LJ (p)4441217.73.001.06.2026 10:10:00Normalen promet,smer LJ (p),444,121,7.7,3.0,01.06.2026 10:10:00,Normalen promet
AC-A1,Počivališče Ravneizvoz iz KP604569.91.401.06.2026 10:10:00Normalen promet,izvoz iz KP,60,45,69.9,1.4,01.06.2026 10:10:00,Normalen promet
,izvoz iz LJ000.00.001.06.2026 10:10:00Ni podatka,izvoz iz LJ,0,0,0.0,0.0,01.06.2026 10:10:00,Ni podatka
,uvoz proti KP000.00.001.06.2026 10:10:00Ni podatka,uvoz proti KP,0,0,0.0,0.0,01.06.2026 10:10:00,Ni podatka
AC-A1,Priključek Kastelecizvoz iz KP1083340.22.501.06.2026 10:10:00Normalen promet,izvoz iz KP,108,33,40.2,2.5,01.06.2026 10:10:00,Normalen promet
AC-A1,Razcep Srminizvoz iz LJ604570.11.101.06.2026 10:10:00Normalen promet,izvoz iz LJ,60,45,70.1,1.1,01.06.2026 10:10:00,Normalen promet
,uvoz proti Škofijam000.00.001.06.2026 10:10:00Ni prometa,uvoz proti Škofijam,0,0,0.0,0.0,01.06.2026 10:10:00,Ni prometa
AC-A1,Priključek Črni Kalizvoz iz KP486128.80.601.06.2026 10:10:00Normalen promet,izvoz iz KP,48,61,28.8,0.6,01.06.2026 10:10:00,Normalen promet
,izvoz iz LJ605960.10.801.06.2026 10:10:00Normalen promet,izvoz iz LJ,60,59,60.1,0.8,01.06.2026 10:10:00,Normalen promet
AC-A1,Zima ACsmer LJ (v)6601005.38.801.06.2026 10:10:00Povečan promet,smer LJ (v),660,100,5.3,8.8,01.06.2026 10:10:00,Povečan promet
,smer LJ (p)4801237.93.301.06.2026 10:10:00Normalen promet,smer LJ (p),480,123,7.9,3.3,01.06.2026 10:10:00,Normalen promet
,smer MB (v)600985.49.001.06.2026 10:10:00Povečan promet,smer MB (v),600,98,5.4,9.0,01.06.2026 10:10:00,Povečan promet
,smer MB (p)3961268.42.601.06.2026 10:10:00Normalen promet,smer MB (p),396,126,8.4,2.6,01.06.2026 10:10:00,Normalen promet
AC-A1,Celje Center - Vzhodsmer LJ (v)720955.69.501.06.2026 10:10:00Povečan promet,smer LJ (v),720,95,5.6,9.5,01.06.2026 10:10:00,Povečan promet
,smer LJ (p)5281206.43.501.06.2026 10:10:00Povečan promet,smer LJ (p),528,120,6.4,3.5,01.06.2026 10:10:00,Povečan promet
,smer MB (v)852934.211.601.06.2026 10:10:00Zgoščen promet,smer MB (v),852,93,4.2,11.6,01.06.2026 10:10:00,Zgoščen promet
,smer MB (p)4681228.13.201.06.2026 10:10:00Normalen promet,smer MB (p),468,122,8.1,3.2,01.06.2026 10:10:00,Normalen promet
AC-A1,Arja vas ACsmer LJ (v)972963.511.601.06.2026 10:10:00Zgoščen promet,smer LJ (v),972,96,3.5,11.6,01.06.2026 10:10:00,Zgoščen promet
,smer LJ (p)8521234.45.901.06.2026 10:10:00Povečan promet,smer LJ (p),852,123,4.4,5.9,01.06.2026 10:10:00,Povečan promet
,smer MB (v)828984.19.901.06.2026 10:10:00Povečan promet,smer MB (v),828,98,4.1,9.9,01.06.2026 10:10:00,Povečan promet
,smer MB (p)7681224.95.201.06.2026 10:10:00Povečan promet,smer MB (p),768,122,4.9,5.2,01.06.2026 10:10:00,Povečan promet
AC-A1,Krtina-Domžale ACsmer LJ (v)804834.911.801.06.2026 10:10:00Zgoščen promet,smer LJ (v),804,83,4.9,11.8,01.06.2026 10:10:00,Zgoščen promet
,smer LJ (p)4801017.73.901.06.2026 10:10:00Normalen promet,smer LJ (p),480,101,7.7,3.9,01.06.2026 10:10:00,Normalen promet
AC-A1,Priključek LJ Jugizvoz iz R.Kozarje964832.01.701.06.2026 10:10:00Normalen promet,izvoz iz R.Kozarje,96,48,32.0,1.7,01.06.2026 10:10:00,Normalen promet
,izvoz iz R.Malence (v)3246511.64.001.06.2026 10:10:00Normalen promet,izvoz iz R.Malence (v),324,65,11.6,4.0,01.06.2026 10:10:00,Normalen promet
,izvoz iz R.Malence (p)2406515.53.701.06.2026 10:10:00Normalen promet,izvoz iz R.Malence (p),240,65,15.5,3.7,01.06.2026 10:10:00,Normalen promet
,uvoz proti R. Kozarje2405116.44.101.06.2026 10:10:00Normalen promet,uvoz proti R. Kozarje,240,51,16.4,4.1,01.06.2026 10:10:00,Normalen promet
,uvoz proti R.Malence432527.97.801.06.2026 10:10:00Normalen promet,uvoz proti R.Malence,432,52,7.9,7.8,01.06.2026 10:10:00,Normalen promet
AC-A1,LJ (južna obvoznica)LJ (Barjanska - Dolenjska) (v)1152953.112.201.06.2026 10:10:00Zgoščen promet,LJ (Barjanska - Dolenjska) (v),1152,95,3.1,12.2,01.06.2026 10:10:00,Zgoščen promet
,LJ (Barjanska - Dolenjska) (p)7081255.34.601.06.2026 10:10:00Povečan promet,LJ (Barjanska - Dolenjska) (p),708,125,5.3,4.6,01.06.2026 10:10:00,Povečan promet
,LJ (Dolenjska - Barjanska) (v)1116903.713.001.06.2026 10:10:00Zgoščen promet,LJ (Dolenjska - Barjanska) (v),1116,90,3.7,13.0,01.06.2026 10:10:00,Zgoščen promet
,LJ (Dolenjska - Barjanska) (p)15481183.08.401.06.2026 10:10:00Zgoščen promet,LJ (Dolenjska - Barjanska) (p),1548,118,3.0,8.4,01.06.2026 10:10:00,Zgoščen promet
AC-A1,LJ (vzh. obvoznica)smer Malence (po)2647613.25.301.06.2026 10:10:00Normalen promet,smer Malence (po),264,76,13.2,5.3,01.06.2026 10:10:00,Normalen promet
,smer Malence (v)900954.28.201.06.2026 10:10:00Povečan promet,smer Malence (v),900,95,4.2,8.2,01.06.2026 10:10:00,Povečan promet
,smer Malence (p)6601115.04.901.06.2026 10:10:00Povečan promet,smer Malence (p),660,111,5.0,4.9,01.06.2026 10:10:00,Povečan promet
,smer Zadobrova (v)1032933.612.301.06.2026 10:10:00Zgoščen promet,smer Zadobrova (v),1032,93,3.6,12.3,01.06.2026 10:10:00,Zgoščen promet
,smer Zadobrova (p)10321143.47.501.06.2026 10:10:00Povečan promet,smer Zadobrova (p),1032,114,3.4,7.5,01.06.2026 10:10:00,Povečan promet
AC-A1,Lopata ACArja vas - Celje (v)7081024.99.301.06.2026 10:10:00Zgoščen promet,Arja vas - Celje (v),708,102,4.9,9.3,01.06.2026 10:10:00,Zgoščen promet
,Arja vas - Celje (p)6601278.33.101.06.2026 10:10:00Povečan promet,Arja vas - Celje (p),660,127,8.3,3.1,01.06.2026 10:10:00,Povečan promet
,Celje - Arja vas (v)7801014.38.801.06.2026 10:10:00Zgoščen promet,Celje - Arja vas (v),780,101,4.3,8.8,01.06.2026 10:10:00,Zgoščen promet
,Celje - Arja vas (p)8761244.65.901.06.2026 10:10:00Povečan promet,Celje - Arja vas (p),876,124,4.6,5.9,01.06.2026 10:10:00,Povečan promet
AC-A1,Hoče ACFram - Slivnica (v)780944.59.501.06.2026 10:10:00Zgoščen promet,Fram - Slivnica (v),780,94,4.5,9.5,01.06.2026 10:10:00,Zgoščen promet
,Fram - Slivnica (p)4321158.53.101.06.2026 10:10:00Normalen promet,Fram - Slivnica (p),432,115,8.5,3.1,01.06.2026 10:10:00,Normalen promet
,Slivnica - Fram (v)792974.38.801.06.2026 10:10:00Zgoščen promet,Slivnica - Fram (v),792,97,4.3,8.8,01.06.2026 10:10:00,Zgoščen promet
,Slivnica - Fram (p)5401207.13.801.06.2026 10:10:00Povečan promet,Slivnica - Fram (p),540,120,7.1,3.8,01.06.2026 10:10:00,Povečan promet
AC-A1,Dekani ACČrni Kal - Srmin (v)768954.77.701.06.2026 10:10:00Povečan promet,Črni Kal - Srmin (v),768,95,4.7,7.7,01.06.2026 10:10:00,Povečan promet
,Črni Kal - Srmin (p)24011115.01.701.06.2026 10:10:00Normalen promet,Črni Kal - Srmin (p),240,111,15.0,1.7,01.06.2026 10:10:00,Normalen promet
,Srmin - Črni Kal (v)804944.68.401.06.2026 10:10:00Zgoščen promet,Srmin - Črni Kal (v),804,94,4.6,8.4,01.06.2026 10:10:00,Zgoščen promet
,Srmin - Črni Kal (p)32411611.02.301.06.2026 10:10:00Normalen promet,Srmin - Črni Kal (p),324,116,11.0,2.3,01.06.2026 10:10:00,Normalen promet
AC-A1,Priključek Divačaizvoz KP366462.50.601.06.2026 10:10:00Normalen promet,izvoz KP,36,64,62.5,0.6,01.06.2026 10:10:00,Normalen promet
,izvoz LJ2453302.50.401.06.2026 10:10:00Normalen promet,izvoz LJ,24,53,302.5,0.4,01.06.2026 10:10:00,Normalen promet
,uvoz KP606847.81.101.06.2026 10:10:00Normalen promet,uvoz KP,60,68,47.8,1.1,01.06.2026 10:10:00,Normalen promet
,uvoz LJ3667124.70.401.06.2026 10:10:00Normalen promet,uvoz LJ,36,67,124.7,0.4,01.06.2026 10:10:00,Normalen promet
AC-A1,Čebulovica ACGabrk - Senožeče (v)000.00.001.06.2026 10:10:00Ni podatka,Gabrk - Senožeče (v),0,0,0.0,0.0,01.06.2026 10:10:00,Ni podatka
,Gabrk - Senožeče (p)000.00.001.06.2026 10:10:00Ni podatka,Gabrk - Senožeče (p),0,0,0.0,0.0,01.06.2026 10:10:00,Ni podatka
,Senožeče - Gabrk (v)9721063.910.801.06.2026 10:10:00Zgoščen promet,Senožeče - Gabrk (v),972,106,3.9,10.8,01.06.2026 10:10:00,Zgoščen promet
,Senožeče - Gabrk (p)6481306.14.101.06.2026 10:10:00Povečan promet,Senožeče - Gabrk (p),648,130,6.1,4.1,01.06.2026 10:10:00,Povečan promet
AC-A1,Priključek Kozinaizvoz KP1085029.02.301.06.2026 10:10:00Normalen promet,izvoz KP,108,50,29.0,2.3,01.06.2026 10:10:00,Normalen promet
,izvoz LJ965839.91.501.06.2026 10:10:00Normalen promet,izvoz LJ,96,58,39.9,1.5,01.06.2026 10:10:00,Normalen promet
,uvoz KP964734.32.601.06.2026 10:10:00Normalen promet,uvoz KP,96,47,34.3,2.6,01.06.2026 10:10:00,Normalen promet
,uvoz LJ1204426.83.001.06.2026 10:10:00Normalen promet,uvoz LJ,120,44,26.8,3.0,01.06.2026 10:10:00,Normalen promet
AC-A1,Ravbarkomanda ACPostojna - Unec (v)8401044.410.001.06.2026 10:10:00Zgoščen promet,Postojna - Unec (v),840,104,4.4,10.0,01.06.2026 10:10:00,Zgoščen promet
,Postojna - Unec (p)5881266.03.901.06.2026 10:10:00Povečan promet,Postojna - Unec (p),588,126,6.0,3.9,01.06.2026 10:10:00,Povečan promet
,Unec - Postojna (v)000.00.001.06.2026 10:10:00Ni podatka,Unec - Postojna (v),0,0,0.0,0.0,01.06.2026 10:10:00,Ni podatka
,Unec - Postojna (p)000.00.001.06.2026 10:10:00Ni podatka,Unec - Postojna (p),0,0,0.0,0.0,01.06.2026 10:10:00,Ni podatka
AC-A1,Priključek Unecizvoz iz KP604458.31.401.06.2026 10:10:00Normalen promet,izvoz iz KP,60,44,58.3,1.4,01.06.2026 10:10:00,Normalen promet
,izvoz iz LJ3364510.66.001.06.2026 10:10:00Normalen promet,izvoz iz LJ,336,45,10.6,6.0,01.06.2026 10:10:00,Normalen promet
,uvoz proti KP2441106.11.201.06.2026 10:10:00Normalen promet,uvoz proti KP,24,41,106.1,1.2,01.06.2026 10:10:00,Normalen promet
,uvoz proti LJ1805115.13.201.06.2026 10:10:00Normalen promet,uvoz proti LJ,180,51,15.1,3.2,01.06.2026 10:10:00,Normalen promet
AC-A1,Priključek Postojnaizvoz KP1804623.13.301.06.2026 10:10:00Normalen promet,izvoz KP,180,46,23.1,3.3,01.06.2026 10:10:00,Normalen promet
,izvoz LJ (v)3485010.27.401.06.2026 10:10:00Normalen promet,izvoz LJ (v),348,50,10.2,7.4,01.06.2026 10:10:00,Normalen promet
,izvoz LJ (p)000.00.001.06.2026 10:10:00Ni prometa,izvoz LJ (p),0,0,0.0,0.0,01.06.2026 10:10:00,Ni prometa
,uvoz KP000.00.001.06.2026 10:10:00Ni prometa,uvoz KP,0,0,0.0,0.0,01.06.2026 10:10:00,Ni prometa
,uvoz LJ3005811.94.701.06.2026 10:10:00Normalen promet,uvoz LJ,300,58,11.9,4.7,01.06.2026 10:10:00,Normalen promet
AC-A1,Priključek Razdrtoizvoz iz KP484166.00.901.06.2026 10:10:00Normalen promet,izvoz iz KP,48,41,66.0,0.9,01.06.2026 10:10:00,Normalen promet
,izvoz iz LJ244798.20.501.06.2026 10:10:00Normalen promet,izvoz iz LJ,24,47,98.2,0.5,01.06.2026 10:10:00,Normalen promet
,uvoz proti KP1683919.33.601.06.2026 10:10:00Normalen promet,uvoz proti KP,168,39,19.3,3.6,01.06.2026 10:10:00,Normalen promet
,uvoz proti LJ1235281.40.301.06.2026 10:10:00Normalen promet,uvoz proti LJ,12,35,281.4,0.3,01.06.2026 10:10:00,Normalen promet
AC-A1,Pšata ACsmer LJ (v)000.00.001.06.2026 10:10:00Ni podatka,smer LJ (v),0,0,0.0,0.0,01.06.2026 10:10:00,Ni podatka
,smer LJ (p)000.00.001.06.2026 10:10:00Ni podatka,smer LJ (p),0,0,0.0,0.0,01.06.2026 10:10:00,Ni podatka
,smer MB (v)000.00.001.06.2026 10:10:00Ni podatka,smer MB (v),0,0,0.0,0.0,01.06.2026 10:10:00,Ni podatka
,smer MB (p)000.00.001.06.2026 10:10:00Ni podatka,smer MB (p),0,0,0.0,0.0,01.06.2026 10:10:00,Ni podatka
AC-A1,Kompolje ACsmer LJ (v)6241046.16.601.06.2026 10:10:00Povečan promet,smer LJ (v),624,104,6.1,6.6,01.06.2026 10:10:00,Povečan promet
,smer LJ (p)31213212.31.901.06.2026 10:10:00Normalen promet,smer LJ (p),312,132,12.3,1.9,01.06.2026 10:10:00,Normalen promet
AC-A1,Priključek Krtinaizvoz CE603753.01.701.06.2026 10:10:00Normalen promet,izvoz CE,60,37,53.0,1.7,01.06.2026 10:10:00,Normalen promet
,izvoz LJ484282.40.801.06.2026 10:10:00Normalen promet,izvoz LJ,48,42,82.4,0.8,01.06.2026 10:10:00,Normalen promet
,uvoz CE1083730.44.201.06.2026 10:10:00Normalen promet,uvoz CE,108,37,30.4,4.2,01.06.2026 10:10:00,Normalen promet
,uvoz LJ2523514.16.901.06.2026 10:10:00Normalen promet,uvoz LJ,252,35,14.1,6.9,01.06.2026 10:10:00,Normalen promet
AC-A1,Jasovnik ACTrojane - Vransko (v)7081005.18.501.06.2026 10:10:00Zgoščen promet,Trojane - Vransko (v),708,100,5.1,8.5,01.06.2026 10:10:00,Zgoščen promet
,Trojane - Vransko (p)4441178.73.101.06.2026 10:10:00Normalen promet,Trojane - Vransko (p),444,117,8.7,3.1,01.06.2026 10:10:00,Normalen promet
,Vransko - Trojane (v)768894.411.601.06.2026 10:10:00Zgoščen promet,Vransko - Trojane (v),768,89,4.4,11.6,01.06.2026 10:10:00,Zgoščen promet
,Vransko - Trojane (p)6001066.34.801.06.2026 10:10:00Povečan promet,Vransko - Trojane (p),600,106,6.3,4.8,01.06.2026 10:10:00,Povečan promet
AC-A1,Pesnica ACsmer Avstrija (v)624995.79.801.06.2026 10:10:00Povečan promet,smer Avstrija (v),624,99,5.7,9.8,01.06.2026 10:10:00,Povečan promet
,smer Avstrija (p)4321308.12.901.06.2026 10:10:00Normalen promet,smer Avstrija (p),432,130,8.1,2.9,01.06.2026 10:10:00,Normalen promet
,smer MB (v)5641006.28.101.06.2026 10:10:00Povečan promet,smer MB (v),564,100,6.2,8.1,01.06.2026 10:10:00,Povečan promet
,smer MB (p)4201236.92.901.06.2026 10:10:00Normalen promet,smer MB (p),420,123,6.9,2.9,01.06.2026 10:10:00,Normalen promet
AC-A1,Preloge ACSlov. Bistrica - Slov. Konjice (v)768994.79.701.06.2026 10:10:00Zgoščen promet,Slov. Bistrica - Slov. Konjice (v),768,99,4.7,9.7,01.06.2026 10:10:00,Zgoščen promet
,Slov. Bistrica - Slov. Konjice (p)5041207.33.401.06.2026 10:10:00Povečan promet,Slov. Bistrica - Slov. Konjice (p),504,120,7.3,3.4,01.06.2026 10:10:00,Povečan promet
,Slov. Konjice - Slov. Bistrica (v)6841034.98.401.06.2026 10:10:00Zgoščen promet,Slov. Konjice - Slov. Bistrica (v),684,103,4.9,8.4,01.06.2026 10:10:00,Zgoščen promet
,Slov. Konjice - Slov.Bistrica (p)5521296.73.501.06.2026 10:10:00Povečan promet,Slov. Konjice - Slov.Bistrica (p),552,129,6.7,3.5,01.06.2026 10:10:00,Povečan promet
AC-A1,Vransko ACsmer LJ (v)696985.09.201.06.2026 10:10:00Povečan promet,smer LJ (v),696,98,5.0,9.2,01.06.2026 10:10:00,Povečan promet
,smer LJ (p)8041195.34.801.06.2026 10:10:00Povečan promet,smer LJ (p),804,119,5.3,4.8,01.06.2026 10:10:00,Povečan promet
,smer MB (v)6601025.28.601.06.2026 10:10:00Povečan promet,smer MB (v),660,102,5.2,8.6,01.06.2026 10:10:00,Povečan promet
,smer MB (p)6481235.74.101.06.2026 10:10:00Povečan promet,smer MB (p),648,123,5.7,4.1,01.06.2026 10:10:00,Povečan promet
AC-A1,Ptujska ACMaribor - Slivnica (v)828994.210.801.06.2026 10:10:00Zgoščen promet,Maribor - Slivnica (v),828,99,4.2,10.8,01.06.2026 10:10:00,Zgoščen promet
,Maribor - Slivnica (p)7201235.04.901.06.2026 10:10:00Povečan promet,Maribor - Slivnica (p),720,123,5.0,4.9,01.06.2026 10:10:00,Povečan promet
,Slivnica - Maribor (v)696885.211.601.06.2026 10:10:00Zgoščen promet,Slivnica - Maribor (v),696,88,5.2,11.6,01.06.2026 10:10:00,Zgoščen promet
,Slivnica - Maribor (p)3961219.02.501.06.2026 10:10:00Povečan promet,Slivnica - Maribor (p),396,121,9.0,2.5,01.06.2026 10:10:00,Povečan promet
AC-A1,Priključek Dramljeizvoz CE1204529.22.701.06.2026 10:10:00Normalen promet,izvoz CE,120,45,29.2,2.7,01.06.2026 10:10:00,Normalen promet
,izvoz MB605744.11.101.06.2026 10:10:00Normalen promet,izvoz MB,60,57,44.1,1.1,01.06.2026 10:10:00,Normalen promet
,uvoz CE1565122.82.801.06.2026 10:10:00Normalen promet,uvoz CE,156,51,22.8,2.8,01.06.2026 10:10:00,Normalen promet
,uvoz MB1084831.32.401.06.2026 10:10:00Normalen promet,uvoz MB,108,48,31.3,2.4,01.06.2026 10:10:00,Normalen promet
AC-A1,Priključek Framizvoz CE483890.31.301.06.2026 10:10:00Normalen promet,izvoz CE,48,38,90.3,1.3,01.06.2026 10:10:00,Normalen promet
,izvoz MB2043817.65.301.06.2026 10:10:00Normalen promet,izvoz MB,204,38,17.6,5.3,01.06.2026 10:10:00,Normalen promet
,uvoz CE484772.31.101.06.2026 10:10:00Normalen promet,uvoz CE,48,47,72.3,1.1,01.06.2026 10:10:00,Normalen promet
,uvoz MB2284115.36.401.06.2026 10:10:00Normalen promet,uvoz MB,228,41,15.3,6.4,01.06.2026 10:10:00,Normalen promet
AC-A1,Drenov Grič ACBrezovica - Vrhnika (v)1056853.016.601.06.2026 10:10:00Zgoščen promet,Brezovica - Vrhnika (v),1056,85,3.0,16.6,01.06.2026 10:10:00,Zgoščen promet
,Brezovica - Vrhnika (p)2088971.718.801.06.2026 10:10:00Gost promet,Brezovica - Vrhnika (p),2088,97,1.7,18.8,01.06.2026 10:10:00,Gost promet
,Vrhnika - Brezovica (v)864974.09.601.06.2026 10:10:00Zgoščen promet,Vrhnika - Brezovica (v),864,97,4.0,9.6,01.06.2026 10:10:00,Zgoščen promet
,Vrhnika - Brezovica (p)12481203.38.001.06.2026 10:10:00Povečan promet,Vrhnika - Brezovica (p),1248,120,3.3,8.0,01.06.2026 10:10:00,Povečan promet
AC-A1,Priključek Slov. Bistricaizvoz CE1444223.33.401.06.2026 10:10:00Normalen promet,izvoz CE,144,42,23.3,3.4,01.06.2026 10:10:00,Normalen promet
,izvoz MB3123910.97.801.06.2026 10:10:00Normalen promet,izvoz MB,312,39,10.9,7.8,01.06.2026 10:10:00,Normalen promet
,uvoz CE1683820.04.901.06.2026 10:10:00Normalen promet,uvoz CE,168,38,20.0,4.9,01.06.2026 10:10:00,Normalen promet
,uvoz MB2284114.25.201.06.2026 10:10:00Normalen promet,uvoz MB,228,41,14.2,5.2,01.06.2026 10:10:00,Normalen promet
AC-A1,Malečnik ACDragučova - MB (Ptujska) (v)852934.412.001.06.2026 10:10:00Zgoščen promet,Dragučova - MB (Ptujska) (v),852,93,4.4,12.0,01.06.2026 10:10:00,Zgoščen promet
,Dragučova - MB (Ptujska) (p)4201128.43.201.06.2026 10:10:00Normalen promet,Dragučova - MB (Ptujska) (p),420,112,8.4,3.2,01.06.2026 10:10:00,Normalen promet
,MB (Ptujska) - Dragučova (v)624925.39.501.06.2026 10:10:00Povečan promet,MB (Ptujska) - Dragučova (v),624,92,5.3,9.5,01.06.2026 10:10:00,Povečan promet
,MB (Ptujska) - Dragučova (p)4081169.33.001.06.2026 10:10:00Normalen promet,MB (Ptujska) - Dragučova (p),408,116,9.3,3.0,01.06.2026 10:10:00,Normalen promet
AC-A1,Ravne ACČrni Kal - Kozina (v)000.00.001.06.2026 10:10:00Ni podatka,Črni Kal - Kozina (v),0,0,0.0,0.0,01.06.2026 10:10:00,Ni podatka
,Črni Kal - Kozina (p)000.00.001.06.2026 10:10:00Ni podatka,Črni Kal - Kozina (p),0,0,0.0,0.0,01.06.2026 10:10:00,Ni podatka
,Kozina - Črni Kal (v)000.00.001.06.2026 10:10:00Ni podatka,Kozina - Črni Kal (v),0,0,0.0,0.0,01.06.2026 10:10:00,Ni podatka
,Kozina - Črni Kal (p)000.00.001.06.2026 10:10:00Ni podatka,Kozina - Črni Kal (p),0,0,0.0,0.0,01.06.2026 10:10:00,Ni podatka
AC-A1,Razcep NanosIzvoz iz LJ456776.97.301.06.2026 10:10:00Povečan promet,Izvoz iz LJ,456,77,6.9,7.3,01.06.2026 10:10:00,Povečan promet
,Uvoz KP244245.01.001.06.2026 10:10:00Normalen promet,Uvoz KP,24,42,45.0,1.0,01.06.2026 10:10:00,Normalen promet
AC-A1,Pletovarje ACDramlje - Slovenske Konjice (v)672665.011.301.06.2026 10:10:00Zgoščen promet,Dramlje - Slovenske Konjice (v),672,66,5.0,11.3,01.06.2026 10:10:00,Zgoščen promet
,Dramlje - Slovenske Konjice (p)3128210.93.201.06.2026 10:10:00Normalen promet,Dramlje - Slovenske Konjice (p),312,82,10.9,3.2,01.06.2026 10:10:00,Normalen promet
,Slovenske Konjice - Dramlje (v)000.00.001.06.2026 10:10:00Ni podatka,Slovenske Konjice - Dramlje (v),0,0,0.0,0.0,01.06.2026 10:10:00,Ni podatka
,Slovenske Konjice - Dramlje (p)000.00.001.06.2026 10:10:00Ni podatka,Slovenske Konjice - Dramlje (p),0,0,0.0,0.0,01.06.2026 10:10:00,Ni podatka
AC-A1,Laze ACLogatec - Unec (v)1044933.114.901.06.2026 10:10:00Zgoščen promet,Logatec - Unec (v),1044,93,3.1,14.9,01.06.2026 10:10:00,Zgoščen promet
,Logatec - Unec (p)11641213.68.201.06.2026 10:10:00Zgoščen promet,Logatec - Unec (p),1164,121,3.6,8.2,01.06.2026 10:10:00,Zgoščen promet
,Unec - Logatec (v)852994.110.401.06.2026 10:10:00Zgoščen promet,Unec - Logatec (v),852,99,4.1,10.4,01.06.2026 10:10:00,Zgoščen promet
,Unec - Logatec (p)7441215.44.701.06.2026 10:10:00Povečan promet,Unec - Logatec (p),744,121,5.4,4.7,01.06.2026 10:10:00,Povečan promet
AC-A2,R KosezeBrdo-KR (v)828934.39.801.06.2026 10:10:00Povečan promet,Brdo-KR (v),828,93,4.3,9.8,01.06.2026 10:10:00,Povečan promet
,Brdo-KR (p)6961155.65.101.06.2026 10:10:00Povečan promet,Brdo-KR (p),696,115,5.6,5.1,01.06.2026 10:10:00,Povečan promet
,KR-Brdo (v)972883.512.301.06.2026 10:10:00Zgoščen promet,KR-Brdo (v),972,88,3.5,12.3,01.06.2026 10:10:00,Zgoščen promet
,KR-Brdo (p)9841063.97.601.06.2026 10:10:00Povečan promet,KR-Brdo (p),984,106,3.9,7.6,01.06.2026 10:10:00,Povečan promet
,KR-LJsev (v)432758.75.201.06.2026 10:10:00Normalen promet,KR-LJsev (v),432,75,8.7,5.2,01.06.2026 10:10:00,Normalen promet
,KR-LJsev (p)000.00.001.06.2026 10:10:00Normalen promet,KR-LJsev (p),0,0,0.0,0.0,01.06.2026 10:10:00,Normalen promet
,LJsev-KR324539.26.601.06.2026 10:10:00Normalen promet,LJsev-KR,324,53,9.2,6.6,01.06.2026 10:10:00,Normalen promet
AC-A2,Hrastje ACsmer LJ (v)6361025.77.201.06.2026 10:10:00Povečan promet,smer LJ (v),636,102,5.7,7.2,01.06.2026 10:10:00,Povečan promet
,smer LJ (p)3841299.72.401.06.2026 10:10:00Normalen promet,smer LJ (p),384,129,9.7,2.4,01.06.2026 10:10:00,Normalen promet
,smer NM (v)7441035.27.601.06.2026 10:10:00Povečan promet,smer NM (v),744,103,5.2,7.6,01.06.2026 10:10:00,Povečan promet
,smer NM (p)5041246.93.401.06.2026 10:10:00Povečan promet,smer NM (p),504,124,6.9,3.4,01.06.2026 10:10:00,Povečan promet
AC-A2,R KozarjeKP-LJBrdo (v)672895.48.601.06.2026 10:10:00Povečan promet,KP-LJBrdo (v),672,89,5.4,8.6,01.06.2026 10:10:00,Povečan promet
,KP-LJBrdo (p)8281074.75.901.06.2026 10:10:00Povečan promet,KP-LJBrdo (p),828,107,4.7,5.9,01.06.2026 10:10:00,Povečan promet
,LJBrdo-KP (v)1548782.620.301.06.2026 10:10:00Gost promet,LJBrdo-KP (v),1548,78,2.6,20.3,01.06.2026 10:10:00,Gost promet
,LJBrdo-KP (p)6361005.55.501.06.2026 10:10:00Povečan promet,LJBrdo-KP (p),636,100,5.5,5.5,01.06.2026 10:10:00,Povečan promet
,LJBrdo-LJjug (v)672854.98.201.06.2026 10:10:00Povečan promet,LJBrdo-LJjug (v),672,85,4.9,8.2,01.06.2026 10:10:00,Povečan promet
,LJBrdo-LJjug (p)7801006.45.001.06.2026 10:10:00Povečan promet,LJBrdo-LJjug (p),780,100,6.4,5.0,01.06.2026 10:10:00,Povečan promet
,LJjug-LJBrdo (v)1104863.312.001.06.2026 10:10:00Zgoščen promet,LJjug-LJBrdo (v),1104,86,3.3,12.0,01.06.2026 10:10:00,Zgoščen promet
,LJjug-LJBrdo (p)19210611.11.801.06.2026 10:10:00Normalen promet,LJjug-LJBrdo (p),192,106,11.1,1.8,01.06.2026 10:10:00,Normalen promet
AC-A2,R MalenceLJjug-NM (v)000.00.001.06.2026 10:10:00Ni podatka,LJjug-NM (v),0,0,0.0,0.0,01.06.2026 10:10:00,Ni podatka
,LJjug-NM (p)000.00.001.06.2026 10:10:00Ni prometa,LJjug-NM (p),0,0,0.0,0.0,01.06.2026 10:10:00,Ni prometa
,NM-LJjug (v)804905.08.801.06.2026 10:10:00Povečan promet,NM-LJjug (v),804,90,5.0,8.8,01.06.2026 10:10:00,Povečan promet
,NM-LJjug (p)4441098.53.401.06.2026 10:10:00Normalen promet,NM-LJjug (p),444,109,8.5,3.4,01.06.2026 10:10:00,Normalen promet
AC-A2,Novo mesto vzhodsmer HR (Obrežje) (v)4681077.95.001.06.2026 10:10:00Normalen promet,smer HR (Obrežje) (v),468,107,7.9,5.0,01.06.2026 10:10:00,Normalen promet
,smer HR (Obrežje) (p)4081369.72.401.06.2026 10:10:00Normalen promet,smer HR (Obrežje) (p),408,136,9.7,2.4,01.06.2026 10:10:00,Normalen promet
,smer NM (v)6721145.55.901.06.2026 10:10:00Povečan promet,smer NM (v),672,114,5.5,5.9,01.06.2026 10:10:00,Povečan promet
,smer NM (p)21613715.91.201.06.2026 10:10:00Normalen promet,smer NM (p),216,137,15.9,1.2,01.06.2026 10:10:00,Normalen promet
AC-A2,Voklo ACsmer Karavanke (v)984903.410.701.06.2026 10:10:00Zgoščen promet,smer Karavanke (v),984,90,3.4,10.7,01.06.2026 10:10:00,Zgoščen promet
,smer Karavanke (p)7081066.05.601.06.2026 10:10:00Povečan promet,smer Karavanke (p),708,106,6.0,5.6,01.06.2026 10:10:00,Povečan promet
,smer LJ (v)1116873.213.501.06.2026 10:10:00Zgoščen promet,smer LJ (v),1116,87,3.2,13.5,01.06.2026 10:10:00,Zgoščen promet
,smer LJ (p)11281043.49.101.06.2026 10:10:00Povečan promet,smer LJ (p),1128,104,3.4,9.1,01.06.2026 10:10:00,Povečan promet
AC-A2,Kranj Z-Kranj Vsmer Karavanke (v)456888.33.501.06.2026 10:10:00Normalen promet,smer Karavanke (v),456,88,8.3,3.5,01.06.2026 10:10:00,Normalen promet
,smer Karavanke (p)576836.35.201.06.2026 10:10:00Povečan promet,smer Karavanke (p),576,83,6.3,5.2,01.06.2026 10:10:00,Povečan promet
,smer LJ (v)000.00.001.06.2026 10:10:00Ni podatka,smer LJ (v),0,0,0.0,0.0,01.06.2026 10:10:00,Ni podatka
,smer LJ (p)000.00.001.06.2026 10:10:00Ni podatka,smer LJ (p),0,0,0.0,0.0,01.06.2026 10:10:00,Ni podatka
AC-A2,Ljubno ACsmer Karavanke (v)7801095.37.301.06.2026 10:10:00Povečan promet,smer Karavanke (v),780,109,5.3,7.3,01.06.2026 10:10:00,Povečan promet
,smer Karavanke (p)4801257.93.101.06.2026 10:10:00Normalen promet,smer Karavanke (p),480,125,7.9,3.1,01.06.2026 10:10:00,Normalen promet
,smer LJ (v)8161034.49.001.06.2026 10:10:00Povečan promet,smer LJ (v),816,103,4.4,9.0,01.06.2026 10:10:00,Povečan promet
,smer LJ (p)5281287.13.301.06.2026 10:10:00Povečan promet,smer LJ (p),528,128,7.1,3.3,01.06.2026 10:10:00,Povečan promet
AC-A2,Brezje ACsmer Karavanke (v)8761024.08.701.06.2026 10:10:00Povečan promet,smer Karavanke (v),876,102,4.0,8.7,01.06.2026 10:10:00,Povečan promet
,smer Karavanke (p)3841309.22.401.06.2026 10:10:00Normalen promet,smer Karavanke (p),384,130,9.2,2.4,01.06.2026 10:10:00,Normalen promet
,smer LJ (v)8761054.28.201.06.2026 10:10:00Povečan promet,smer LJ (v),876,105,4.2,8.2,01.06.2026 10:10:00,Povečan promet
,smer LJ (p)6121276.44.001.06.2026 10:10:00Povečan promet,smer LJ (p),612,127,6.4,4.0,01.06.2026 10:10:00,Povečan promet
AC-A2,Radovljica ACsmer Karavanke (v)6601046.06.801.06.2026 10:10:00Povečan promet,smer Karavanke (v),660,104,6.0,6.8,01.06.2026 10:10:00,Povečan promet
,smer Karavanke (p)4081319.02.701.06.2026 10:10:00Normalen promet,smer Karavanke (p),408,131,9.0,2.7,01.06.2026 10:10:00,Normalen promet
,smer LJ (v)6601005.86.901.06.2026 10:10:00Povečan promet,smer LJ (v),660,100,5.8,6.9,01.06.2026 10:10:00,Povečan promet
,smer LJ (p)6481245.54.301.06.2026 10:10:00Povečan promet,smer LJ (p),648,124,5.5,4.3,01.06.2026 10:10:00,Povečan promet
AC-A2,Jesenice V ACsmer Karavanke (v)4681007.46.001.06.2026 10:10:00Normalen promet,smer Karavanke (v),468,100,7.4,6.0,01.06.2026 10:10:00,Normalen promet
,smer Karavanke (p)9612132.60.601.06.2026 10:10:00Normalen promet,smer Karavanke (p),96,121,32.6,0.6,01.06.2026 10:10:00,Normalen promet
AC-A2,Podbrezje ACsmer Karavanke (po)1807916.45.201.06.2026 10:10:00Normalen promet,smer Karavanke (po),180,79,16.4,5.2,01.06.2026 10:10:00,Normalen promet
,smer Karavanke (v)7561004.57.601.06.2026 10:10:00Povečan promet,smer Karavanke (v),756,100,4.5,7.6,01.06.2026 10:10:00,Povečan promet
,smer Karavanke (p)6361205.64.401.06.2026 10:10:00Povečan promet,smer Karavanke (p),636,120,5.6,4.4,01.06.2026 10:10:00,Povečan promet
AC-A2,MP Obrežjesmer carina2445300.70.401.06.2026 10:10:00Normalen promet,smer carina,24,45,300.7,0.4,01.06.2026 10:10:00,Normalen promet
,smer HR (Obrežje) (v)3126411.74.601.06.2026 10:10:00Normalen promet,smer HR (Obrežje) (v),312,64,11.7,4.6,01.06.2026 10:10:00,Normalen promet
,smer HR (Obrežje) (p)3686140.80.301.06.2026 10:10:00Normalen promet,smer HR (Obrežje) (p),36,86,140.8,0.3,01.06.2026 10:10:00,Normalen promet
,smer HR (Obrežje) (v)000.00.001.06.2026 10:10:00Normalen promet,smer HR (Obrežje) (v),0,0,0.0,0.0,01.06.2026 10:10:00,Normalen promet
,smer HR (Obrežje) (p)000.00.001.06.2026 10:10:00Normalen promet,smer HR (Obrežje) (p),0,0,0.0,0.0,01.06.2026 10:10:00,Normalen promet
,smer LJ (v)3487811.43.801.06.2026 10:10:00Normalen promet,smer LJ (v),348,78,11.4,3.8,01.06.2026 10:10:00,Normalen promet
,smer LJ (p)729969.40.601.06.2026 10:10:00Normalen promet,smer LJ (p),72,99,69.4,0.6,01.06.2026 10:10:00,Normalen promet
,smer LJ1563322.08.501.06.2026 10:10:00Normalen promet,smer LJ,156,33,22.0,8.5,01.06.2026 10:10:00,Normalen promet
AC-A2,Čatež ACsmer HR (Obrežje) (v)4201118.54.601.06.2026 10:10:00Normalen promet,smer HR (Obrežje) (v),420,111,8.5,4.6,01.06.2026 10:10:00,Normalen promet
,smer HR (Obrežje) (p)7213815.60.501.06.2026 10:10:00Normalen promet,smer HR (Obrežje) (p),72,138,15.6,0.5,01.06.2026 10:10:00,Normalen promet
,smer LJ (v)5281037.35.901.06.2026 10:10:00Povečan promet,smer LJ (v),528,103,7.3,5.9,01.06.2026 10:10:00,Povečan promet
,smer LJ (p)24012910.51.501.06.2026 10:10:00Normalen promet,smer LJ (p),240,129,10.5,1.5,01.06.2026 10:10:00,Normalen promet
AC-A2,Višnja Gora ACIvančna Gorica - Višnja Gora (v)9121074.27.901.06.2026 10:10:00Povečan promet,Ivančna Gorica - Višnja Gora (v),912,107,4.2,7.9,01.06.2026 10:10:00,Povečan promet
,Ivančna Gorica - Višnja Gora (p)9241275.44.301.06.2026 10:10:00Normalen promet,Ivančna Gorica - Višnja Gora (p),924,127,5.4,4.3,01.06.2026 10:10:00,Normalen promet
,Višnja Gora - Ivančna Gorica (v)6601035.17.401.06.2026 10:10:00Povečan promet,Višnja Gora - Ivančna Gorica (v),660,103,5.1,7.4,01.06.2026 10:10:00,Povečan promet
,Višnja Gora - Ivančna Gorica (p)4801247.03.301.06.2026 10:10:00Povečan promet,Višnja Gora - Ivančna Gorica (p),480,124,7.0,3.3,01.06.2026 10:10:00,Povečan promet
AC-A2,Draga ACDobruška vas - Kronovo (v)6841025.77.801.06.2026 10:10:00Povečan promet,Dobruška vas - Kronovo (v),684,102,5.7,7.8,01.06.2026 10:10:00,Povečan promet
,Dobruška vas - Kronovo (p)3961318.72.501.06.2026 10:10:00Normalen promet,Dobruška vas - Kronovo (p),396,131,8.7,2.5,01.06.2026 10:10:00,Normalen promet
AC-A2,Šmarje Sap ACGrosuplje - Ljubljana (v)972913.710.801.06.2026 10:10:00Zgoščen promet,Grosuplje - Ljubljana (v),972,91,3.7,10.8,01.06.2026 10:10:00,Zgoščen promet
,Grosuplje - Ljubljana (p)5761116.44.001.06.2026 10:10:00Povečan promet,Grosuplje - Ljubljana (p),576,111,6.4,4.0,01.06.2026 10:10:00,Povečan promet
,Ljubljana - Grosuplje (v)948893.810.901.06.2026 10:10:00Zgoščen promet,Ljubljana - Grosuplje (v),948,89,3.8,10.9,01.06.2026 10:10:00,Zgoščen promet
,Ljubljana - Grosuplje (p)5761126.44.301.06.2026 10:10:00Povečan promet,Ljubljana - Grosuplje (p),576,112,6.4,4.3,01.06.2026 10:10:00,Povečan promet
AC-A2,Lipce ACLesce - Lipce (v)636935.57.701.06.2026 10:10:00Povečan promet,Lesce - Lipce (v),636,93,5.5,7.7,01.06.2026 10:10:00,Povečan promet
,Lesce - Lipce (p)26411114.11.901.06.2026 10:10:00Normalen promet,Lesce - Lipce (p),264,111,14.1,1.9,01.06.2026 10:10:00,Normalen promet
,Lipce - Lesce (v)732864.98.501.06.2026 10:10:00Zgoščen promet,Lipce - Lesce (v),732,86,4.9,8.5,01.06.2026 10:10:00,Zgoščen promet
,Lipce - Lesce (p)2049916.11.701.06.2026 10:10:00Normalen promet,Lipce - Lesce (p),204,99,16.1,1.7,01.06.2026 10:10:00,Normalen promet
AC-A2,Naklo ACsmer Karavanke (v)780954.510.001.06.2026 10:10:00Povečan promet,smer Karavanke (v),780,95,4.5,10.0,01.06.2026 10:10:00,Povečan promet
,smer Karavanke (p)6361156.34.701.06.2026 10:10:00Povečan promet,smer Karavanke (p),636,115,6.3,4.7,01.06.2026 10:10:00,Povečan promet
,smer LJ (v)924954.39.401.06.2026 10:10:00Zgoščen promet,smer LJ (v),924,95,4.3,9.4,01.06.2026 10:10:00,Zgoščen promet
,smer LJ (p)7201115.25.301.06.2026 10:10:00Povečan promet,smer LJ (p),720,111,5.2,5.3,01.06.2026 10:10:00,Povečan promet
AC-A2,Zagorica ACNovo Mesto - Trebnje (v)6721115.36.601.06.2026 10:10:00Povečan promet,Novo Mesto - Trebnje (v),672,111,5.3,6.6,01.06.2026 10:10:00,Povečan promet
,Novo Mesto - Trebnje (p)3841339.22.301.06.2026 10:10:00Normalen promet,Novo Mesto - Trebnje (p),384,133,9.2,2.3,01.06.2026 10:10:00,Normalen promet
,Trebnje - Novo Mesto (v)6361105.35.601.06.2026 10:10:00Povečan promet,Trebnje - Novo Mesto (v),636,110,5.3,5.6,01.06.2026 10:10:00,Povečan promet
,Trebnje - Novo Mesto (p)32412819.91.201.06.2026 10:10:00Normalen promet,Trebnje - Novo Mesto (p),324,128,19.9,1.2,01.06.2026 10:10:00,Normalen promet
AC-A2,Priključek Lesce-JeseniceIzvoz iz AC - Jesenice1444725.42.501.06.2026 10:10:00Normalen promet,Izvoz iz AC - Jesenice,144,47,25.4,2.5,01.06.2026 10:10:00,Normalen promet
,Izvoz iz AC - Kranj492587.37.401.06.2026 10:10:00Povečan promet,Izvoz iz AC - Kranj,492,58,7.3,7.4,01.06.2026 10:10:00,Povečan promet
,Uvoz na AC - Jesenice3125310.94.501.06.2026 10:10:00Normalen promet,Uvoz na AC - Jesenice,312,53,10.9,4.5,01.06.2026 10:10:00,Normalen promet
,Uvoz na AC - Kranj624526.010.401.06.2026 10:10:00Povečan promet,Uvoz na AC - Kranj,624,52,6.0,10.4,01.06.2026 10:10:00,Povečan promet
AC-A2,Kamna Gorica ACKoseze - Šentvid (v)1032913.712.401.06.2026 10:10:00Zgoščen promet,Koseze - Šentvid (v),1032,91,3.7,12.4,01.06.2026 10:10:00,Zgoščen promet
,Koseze - Šentvid (p)7681084.55.801.06.2026 10:10:00Povečan promet,Koseze - Šentvid (p),768,108,4.5,5.8,01.06.2026 10:10:00,Povečan promet
,Šentvid - Koseze (v)1344892.616.101.06.2026 10:10:00Zgoščen promet,Šentvid - Koseze (v),1344,89,2.6,16.1,01.06.2026 10:10:00,Zgoščen promet
,Šentvid - Koseze (p)11041113.58.101.06.2026 10:10:00Zgoščen promet,Šentvid - Koseze (p),1104,111,3.5,8.1,01.06.2026 10:10:00,Zgoščen promet
AC-A2,Voglje ACBrnik - Vodice (v)000.00.001.06.2026 10:10:00Ni podatka,Brnik - Vodice (v),0,0,0.0,0.0,01.06.2026 10:10:00,Ni podatka
,Brnik - Vodice (p)000.00.001.06.2026 10:10:00Ni podatka,Brnik - Vodice (p),0,0,0.0,0.0,01.06.2026 10:10:00,Ni podatka
,Vodice - Brnik (v)828814.77.601.06.2026 10:10:00Povečan promet,Vodice - Brnik (v),828,81,4.7,7.6,01.06.2026 10:10:00,Povečan promet
,Vodice - Brnik (p)000.00.001.06.2026 10:10:00Ni prometa,Vodice - Brnik (p),0,0,0.0,0.0,01.06.2026 10:10:00,Ni prometa
AC-A2,Povodje ACLJ (Šmartno) - Vodice (v)000.00.001.06.2026 10:10:00Ni podatka,LJ (Šmartno) - Vodice (v),0,0,0.0,0.0,01.06.2026 10:10:00,Ni podatka
,LJ (Šmartno) - Vodice (p)000.00.001.06.2026 10:10:00Ni prometa,LJ (Šmartno) - Vodice (p),0,0,0.0,0.0,01.06.2026 10:10:00,Ni prometa
,Vodice - LJ (Šmartno) (v)9481004.09.401.06.2026 10:10:00Zgoščen promet,Vodice - LJ (Šmartno) (v),948,100,4.0,9.4,01.06.2026 10:10:00,Zgoščen promet
,Vodice - LJ (Šmartno) (p)13321183.39.401.06.2026 10:10:00Zgoščen promet,Vodice - LJ (Šmartno) (p),1332,118,3.3,9.4,01.06.2026 10:10:00,Zgoščen promet
AC-A2,Bokalce ACBrdo - Kozarje (v)1596812.122.001.06.2026 10:10:00Gost promet,Brdo - Kozarje (v),1596,81,2.1,22.0,01.06.2026 10:10:00,Gost promet
,Brdo - Kozarje (p)16921012.114.201.06.2026 10:10:00Gost promet,Brdo - Kozarje (p),1692,101,2.1,14.2,01.06.2026 10:10:00,Gost promet
,Kozarje - Brdo (v)1368842.518.101.06.2026 10:10:00Zgoščen promet,Kozarje - Brdo (v),1368,84,2.5,18.1,01.06.2026 10:10:00,Zgoščen promet
,Kozarje - Brdo (p)15601092.012.101.06.2026 10:10:00Zgoščen promet,Kozarje - Brdo (p),1560,109,2.0,12.1,01.06.2026 10:10:00,Zgoščen promet
AC-A2,Dob ACBič - Ivančna Gorica (v)816594.215.301.06.2026 10:10:00Zgoščen promet,Bič - Ivančna Gorica (v),816,59,4.2,15.3,01.06.2026 10:10:00,Zgoščen promet
,Bič - Ivančna Gorica (p)888634.114.901.06.2026 10:10:00Zgoščen promet,Bič - Ivančna Gorica (p),888,63,4.1,14.9,01.06.2026 10:10:00,Zgoščen promet
,Ivančna Gorica - Bič (v)816674.112.501.06.2026 10:10:00Zgoščen promet,Ivančna Gorica - Bič (v),816,67,4.1,12.5,01.06.2026 10:10:00,Zgoščen promet
,Ivančna Gorica - Bič (p)2528711.02.601.06.2026 10:10:00Normalen promet,Ivančna Gorica - Bič (p),252,87,11.0,2.6,01.06.2026 10:10:00,Normalen promet
AC-A2,Priključek Drnovoizvoz Čatež1084933.82.001.06.2026 10:10:00Normalen promet,izvoz Čatež,108,49,33.8,2.0,01.06.2026 10:10:00,Normalen promet
,izvoz NM2165419.84.101.06.2026 10:10:00Normalen promet,izvoz NM,216,54,19.8,4.1,01.06.2026 10:10:00,Normalen promet
,uvoz Čatež1326227.92.101.06.2026 10:10:00Normalen promet,uvoz Čatež,132,62,27.9,2.1,01.06.2026 10:10:00,Normalen promet
,uvoz NM1685219.52.901.06.2026 10:10:00Normalen promet,uvoz NM,168,52,19.5,2.9,01.06.2026 10:10:00,Normalen promet
AC-A2,Drnovo ACDobruška vas - Drnovo (v)5761077.05.901.06.2026 10:10:00Povečan promet,Dobruška vas - Drnovo (v),576,107,7.0,5.9,01.06.2026 10:10:00,Povečan promet
,Dobruška vas - Drnovo (p)19213221.71.201.06.2026 10:10:00Normalen promet,Dobruška vas - Drnovo (p),192,132,21.7,1.2,01.06.2026 10:10:00,Normalen promet
,Prik. Drnovo - Smednik (v)4441058.05.001.06.2026 10:10:00Normalen promet,Prik. Drnovo - Smednik (v),444,105,8.0,5.0,01.06.2026 10:10:00,Normalen promet
,Prik. Drnovo - Smednik (p)3481369.72.101.06.2026 10:10:00Normalen promet,Prik. Drnovo - Smednik (p),348,136,9.7,2.1,01.06.2026 10:10:00,Normalen promet
AC-A3,Dane ACGabrk - Sežana vzhod (v)37210810.74.001.06.2026 10:10:00Normalen promet,Gabrk - Sežana vzhod (v),372,108,10.7,4.0,01.06.2026 10:10:00,Normalen promet
,Gabrk - Sežana vzhod (p)6014078.80.201.06.2026 10:10:00Normalen promet,Gabrk - Sežana vzhod (p),60,140,78.8,0.2,01.06.2026 10:10:00,Normalen promet
,Sežana vzhod - Gabrk (v)31210612.13.301.06.2026 10:10:00Normalen promet,Sežana vzhod - Gabrk (v),312,106,12.1,3.3,01.06.2026 10:10:00,Normalen promet
,Sežana vzhod - Gabrk (p)8412050.50.501.06.2026 10:10:00Normalen promet,Sežana vzhod - Gabrk (p),84,120,50.5,0.5,01.06.2026 10:10:00,Normalen promet
AC-A4,Podlehniksmer HR (Gruškovje) (v)3841119.43.301.06.2026 10:10:00Normalen promet,smer HR (Gruškovje) (v),384,111,9.4,3.3,01.06.2026 10:10:00,Normalen promet
,smer HR (Gruskovje) (p)16813421.01.101.06.2026 10:10:00Normalen promet,smer HR (Gruskovje) (p),168,134,21.0,1.1,01.06.2026 10:10:00,Normalen promet
,smer MB (v)4081139.33.701.06.2026 10:10:00Normalen promet,smer MB (v),408,113,9.3,3.7,01.06.2026 10:10:00,Normalen promet
,smer MB (p)4814157.20.301.06.2026 10:10:00Normalen promet,smer MB (p),48,141,57.2,0.3,01.06.2026 10:10:00,Normalen promet
AC-A4,Gruškovjesmer HR (MP Gruškovje) (v)528776.96.201.06.2026 10:10:00Povečan promet,smer HR (MP Gruškovje) (v),528,77,6.9,6.2,01.06.2026 10:10:00,Povečan promet
,smer HR (MP Gruškovje) (p)609373.20.501.06.2026 10:10:00Normalen promet,smer HR (MP Gruškovje) (p),60,93,73.2,0.5,01.06.2026 10:10:00,Normalen promet
,smer MB (v)360739.17.001.06.2026 10:10:00Normalen promet,smer MB (v),360,73,9.1,7.0,01.06.2026 10:10:00,Normalen promet
,smer MB (p)728744.30.601.06.2026 10:10:00Normalen promet,smer MB (p),72,87,44.3,0.6,01.06.2026 10:10:00,Normalen promet
AC-A4,Prepolje ACHajdina - Slivnica (v)5401056.46.701.06.2026 10:10:00Povečan promet,Hajdina - Slivnica (v),540,105,6.4,6.7,01.06.2026 10:10:00,Povečan promet
,Hajdina - Slivnica (p)28813112.31.801.06.2026 10:10:00Normalen promet,Hajdina - Slivnica (p),288,131,12.3,1.8,01.06.2026 10:10:00,Normalen promet
,Slivnica - Hajdina (v)6361065.96.101.06.2026 10:10:00Povečan promet,Slivnica - Hajdina (v),636,106,5.9,6.1,01.06.2026 10:10:00,Povečan promet
,Slivnica - Hajdina (p)31213012.92.101.06.2026 10:10:00Normalen promet,Slivnica - Hajdina (p),312,130,12.9,2.1,01.06.2026 10:10:00,Normalen promet
AC-A5,Dolinsko ACsmer HUN (Pince) (v)26410014.43.701.06.2026 10:10:00Normalen promet,smer HUN (Pince) (v),264,100,14.4,3.7,01.06.2026 10:10:00,Normalen promet
,smer HUN (Pince) (p)24112131.90.201.06.2026 10:10:00Normalen promet,smer HUN (Pince) (p),24,112,131.9,0.2,01.06.2026 10:10:00,Normalen promet
,smer MB  (v)22810617.62.101.06.2026 10:10:00Normalen promet,smer MB  (v),228,106,17.6,2.1,01.06.2026 10:10:00,Normalen promet
,smer MB (p)36118102.20.201.06.2026 10:10:00Normalen promet,smer MB (p),36,118,102.2,0.2,01.06.2026 10:10:00,Normalen promet
AC-A5,Mostje ACsmer HUN (Pince) (v)27610413.23.301.06.2026 10:10:00Normalen promet,smer HUN (Pince) (v),276,104,13.2,3.3,01.06.2026 10:10:00,Normalen promet
,smer HUN (Pince) (p)36119102.90.201.06.2026 10:10:00Normalen promet,smer HUN (Pince) (p),36,119,102.9,0.2,01.06.2026 10:10:00,Normalen promet
,smer MB (v)1929717.52.701.06.2026 10:10:00Normalen promet,smer MB (v),192,97,17.5,2.7,01.06.2026 10:10:00,Normalen promet
,smer MB (p)3612997.60.201.06.2026 10:10:00Normalen promet,smer MB (p),36,129,97.6,0.2,01.06.2026 10:10:00,Normalen promet
AC-A5,Zamarkova ACsmer HUN (Pince) (v)624985.66.601.06.2026 10:10:00Povečan promet,smer HUN (Pince) (v),624,98,5.6,6.6,01.06.2026 10:10:00,Povečan promet
,smer HUN (Pince) (p)9612234.70.601.06.2026 10:10:00Normalen promet,smer HUN (Pince) (p),96,122,34.7,0.6,01.06.2026 10:10:00,Normalen promet
AC-A5,Lormanje ACsmer HUN (Pince) (v)4081048.54.601.06.2026 10:10:00Normalen promet,smer HUN (Pince) (v),408,104,8.5,4.6,01.06.2026 10:10:00,Normalen promet
,smer HUN (Pince) (p)9612455.60.601.06.2026 10:10:00Normalen promet,smer HUN (Pince) (p),96,124,55.6,0.6,01.06.2026 10:10:00,Normalen promet
,smer MB (v)3721039.64.601.06.2026 10:10:00Normalen promet,smer MB (v),372,103,9.6,4.6,01.06.2026 10:10:00,Normalen promet
,smer MB (p)20412328.00.901.06.2026 10:10:00Normalen promet,smer MB (p),204,123,28.0,0.9,01.06.2026 10:10:00,Normalen promet
AC-A5,Brengova ACsmer HUN (Pince) (v)37210210.13.801.06.2026 10:10:00Normalen promet,smer HUN (Pince) (v),372,102,10.1,3.8,01.06.2026 10:10:00,Normalen promet
,smer HUN (Pince) (p)7212251.90.401.06.2026 10:10:00Normalen promet,smer HUN (Pince) (p),72,122,51.9,0.4,01.06.2026 10:10:00,Normalen promet
,smer MB (v)4201029.04.301.06.2026 10:10:00Normalen promet,smer MB (v),420,102,9.0,4.3,01.06.2026 10:10:00,Normalen promet
,smer MB (p)12012628.40.701.06.2026 10:10:00Normalen promet,smer MB (p),120,126,28.4,0.7,01.06.2026 10:10:00,Normalen promet
AC-A5,Cenkova ACsmer HUN (Pince) (v)3961098.93.401.06.2026 10:10:00Normalen promet,smer HUN (Pince) (v),396,109,8.9,3.4,01.06.2026 10:10:00,Normalen promet
,smer HUN (Pince) (p)4813070.10.301.06.2026 10:10:00Normalen promet,smer HUN (Pince) (p),48,130,70.1,0.3,01.06.2026 10:10:00,Normalen promet
,smer MB (v)5041037.85.101.06.2026 10:10:00Normalen promet,smer MB (v),504,103,7.8,5.1,01.06.2026 10:10:00,Normalen promet
,smer MB (p)9612546.20.601.06.2026 10:10:00Normalen promet,smer MB (p),96,125,46.2,0.6,01.06.2026 10:10:00,Normalen promet
AC-A5,Dragotinci ACsmer MB (v)444998.05.801.06.2026 10:10:00Normalen promet,smer MB (v),444,99,8.0,5.8,01.06.2026 10:10:00,Normalen promet
,smer MB (p)16812721.31.101.06.2026 10:10:00Normalen promet,smer MB (p),168,127,21.3,1.1,01.06.2026 10:10:00,Normalen promet
AC-A5,Gančani ACsmer HUN (Pince) (v)31210511.23.801.06.2026 10:10:00Normalen promet,smer HUN (Pince) (v),312,105,11.2,3.8,01.06.2026 10:10:00,Normalen promet
,smer HUN (Pince) (p)2412192.20.101.06.2026 10:10:00Normalen promet,smer HUN (Pince) (p),24,121,92.2,0.1,01.06.2026 10:10:00,Normalen promet
AC-A5,Pince ACsmer HUN (Pince) (p)1087829.92.001.06.2026 10:10:00Normalen promet,smer HUN (Pince) (p),108,78,29.9,2.0,01.06.2026 10:10:00,Normalen promet
,smer HUN (Pince) (v)486678.30.601.06.2026 10:10:00Gost promet z zastoji,smer HUN (Pince) (v),48,66,78.3,0.6,01.06.2026 10:10:00,Gost promet z zastoji
AC-A5,Vučja vas ACsmer HUN (Pince) (v)360989.84.601.06.2026 10:10:00Normalen promet,smer HUN (Pince) (v),360,98,9.8,4.6,01.06.2026 10:10:00,Normalen promet
,smer HUN (Pince) (p)14412222.01.001.06.2026 10:10:00Normalen promet,smer HUN (Pince) (p),144,122,22.0,1.0,01.06.2026 10:10:00,Normalen promet
,smer MB (v)3961018.24.601.06.2026 10:10:00Normalen promet,smer MB (v),396,101,8.2,4.6,01.06.2026 10:10:00,Normalen promet
,smer MB (p)13212723.90.801.06.2026 10:10:00Normalen promet,smer MB (p),132,127,23.9,0.8,01.06.2026 10:10:00,Normalen promet
AC-A5,Dragučova ACsmer HUN (Pince) (v)5641056.36.001.06.2026 10:10:00Povečan promet,smer HUN (Pince) (v),564,105,6.3,6.0,01.06.2026 10:10:00,Povečan promet
,smer HUN (Pince) (p)20412120.81.401.06.2026 10:10:00Normalen promet,smer HUN (Pince) (p),204,121,20.8,1.4,01.06.2026 10:10:00,Normalen promet
,smer MB (v)6121066.56.301.06.2026 10:10:00Povečan promet,smer MB (v),612,106,6.5,6.3,01.06.2026 10:10:00,Povečan promet
,smer MB (p)18012222.51.201.06.2026 10:10:00Normalen promet,smer MB (p),180,122,22.5,1.2,01.06.2026 10:10:00,Normalen promet
AC-A5,Priključek Pernicaizvoz MB2445203.10.401.06.2026 10:10:00Normalen promet,izvoz MB,24,45,203.1,0.4,01.06.2026 10:10:00,Normalen promet
,izvoz MS1242166.50.201.06.2026 10:10:00Normalen promet,izvoz MS,12,42,166.5,0.2,01.06.2026 10:10:00,Normalen promet
,uvoz MB2443116.60.501.06.2026 10:10:00Normalen promet,uvoz MB,24,43,116.6,0.5,01.06.2026 10:10:00,Normalen promet
,uvoz MS000.00.001.06.2026 10:10:00Normalen promet,uvoz MS,0,0,0.0,0.0,01.06.2026 10:10:00,Normalen promet
AC-A5,Priključek Vučja vasIzvoz iz MS964932.62.101.06.2026 10:10:00Normalen promet,Izvoz iz MS,96,49,32.6,2.1,01.06.2026 10:10:00,Normalen promet
,Izvoz MB605360.30.901.06.2026 10:10:00Normalen promet,Izvoz MB,60,53,60.3,0.9,01.06.2026 10:10:00,Normalen promet
,Uvoz MS604657.21.801.06.2026 10:10:00Normalen promet,Uvoz MS,60,46,57.2,1.8,01.06.2026 10:10:00,Normalen promet
,Uvoz proti MB485176.50.801.06.2026 10:10:00Normalen promet,Uvoz proti MB,48,51,76.5,0.8,01.06.2026 10:10:00,Normalen promet
AC-A5,Lendava ACDolga vas - Lendava (v)2167816.13.101.06.2026 10:10:00Normalen promet,Dolga vas - Lendava (v),216,78,16.1,3.1,01.06.2026 10:10:00,Normalen promet
,Dolga vas - Lendava (p)3846511.47.001.06.2026 10:10:00Normalen promet,Dolga vas - Lendava (p),384,65,11.4,7.0,01.06.2026 10:10:00,Normalen promet
,Lendava - Dolga vas (v)000.00.001.06.2026 10:10:00Ni podatka,Lendava - Dolga vas (v),0,0,0.0,0.0,01.06.2026 10:10:00,Ni podatka
,Lendava - Dolga vas (p)000.00.001.06.2026 10:10:00Ni podatka,Lendava - Dolga vas (p),0,0,0.0,0.0,01.06.2026 10:10:00,Ni podatka
AC-A5,Priključek Lendavaizvoz MS964435.12.301.06.2026 10:10:00Normalen promet,izvoz MS,96,44,35.1,2.3,01.06.2026 10:10:00,Normalen promet
,izvoz Pince000.00.001.06.2026 10:10:00Ni podatka,izvoz Pince,0,0,0.0,0.0,01.06.2026 10:10:00,Ni podatka
,uvoz MS000.00.001.06.2026 10:10:00Ni podatka,uvoz MS,0,0,0.0,0.0,01.06.2026 10:10:00,Ni podatka
,uvoz Pince363599.91.201.06.2026 10:10:00Normalen promet,uvoz Pince,36,35,99.9,1.2,01.06.2026 10:10:00,Normalen promet
AC-A5,Priključek Murska Sobotaizvoz Lendava3639116.11.101.06.2026 10:10:00Normalen promet,izvoz Lendava,36,39,116.1,1.1,01.06.2026 10:10:00,Normalen promet
,izvoz MB1204520.82.601.06.2026 10:10:00Normalen promet,izvoz MB,120,45,20.8,2.6,01.06.2026 10:10:00,Normalen promet
,uvoz Lendava3656116.30.501.06.2026 10:10:00Normalen promet,uvoz Lendava,36,56,116.3,0.5,01.06.2026 10:10:00,Normalen promet
,uvoz MB1924619.43.601.06.2026 10:10:00Normalen promet,uvoz MB,192,46,19.4,3.6,01.06.2026 10:10:00,Normalen promet
HC-H2,Maribor HCMaribor - Tezno (v)1008794.010.601.06.2026 10:10:00Povečan promet,Maribor - Tezno (v),1008,79,4.0,10.6,01.06.2026 10:10:00,Povečan promet
,Maribor - Tezno (p)33610111.02.701.06.2026 10:10:00Normalen promet,Maribor - Tezno (p),336,101,11.0,2.7,01.06.2026 10:10:00,Normalen promet
,Tezno - Maribor (v)792824.58.601.06.2026 10:10:00Povečan promet,Tezno - Maribor (v),792,82,4.5,8.6,01.06.2026 10:10:00,Povečan promet
,Tezno - Maribor (p)3129811.72.601.06.2026 10:10:00Normalen promet,Tezno - Maribor (p),312,98,11.7,2.6,01.06.2026 10:10:00,Normalen promet
HC-H2,Meljska HCMaribor - Pesnica (v)2407214.62.601.06.2026 10:10:00Normalen promet,Maribor - Pesnica (v),240,72,14.6,2.6,01.06.2026 10:10:00,Normalen promet
,Maribor - Pesnica (p)684797.85.801.06.2026 10:10:00Normalen promet,Maribor - Pesnica (p),684,79,7.8,5.8,01.06.2026 10:10:00,Normalen promet
,Pesnica - Maribor (v)3846810.45.201.06.2026 10:10:00Normalen promet,Pesnica - Maribor (v),384,68,10.4,5.2,01.06.2026 10:10:00,Normalen promet
,Pesnica - Maribor (p)492836.85.201.06.2026 10:10:00Povečan promet,Pesnica - Maribor (p),492,83,6.8,5.2,01.06.2026 10:10:00,Povečan promet
HC-H3,R KosezeBrdo-LJsev (v)996873.410.901.06.2026 10:10:00Povečan promet,Brdo-LJsev (v),996,87,3.4,10.9,01.06.2026 10:10:00,Povečan promet
,Brdo-LJsev (p)8041035.35.601.06.2026 10:10:00Povečan promet,Brdo-LJsev (p),804,103,5.3,5.6,01.06.2026 10:10:00,Povečan promet
,LJsev-Brdo (v)816924.29.501.06.2026 10:10:00Gost promet,LJsev-Brdo (v),816,92,4.2,9.5,01.06.2026 10:10:00,Gost promet
,LJsev-Brdo (p)7321115.25.601.06.2026 10:10:00Povečan promet,LJsev-Brdo (p),732,111,5.2,5.6,01.06.2026 10:10:00,Povečan promet
HC-H3,LJ Podutikizvoz iz KR1566522.01.901.06.2026 10:10:00Normalen promet,izvoz iz KR,156,65,22.0,1.9,01.06.2026 10:10:00,Normalen promet
HC-H3,LJ (S obvoznica)LJ (Celovška - Dunajska) (v)1260913.212.901.06.2026 10:10:00Zgoščen promet,LJ (Celovška - Dunajska) (v),1260,91,3.2,12.9,01.06.2026 10:10:00,Zgoščen promet
,LJ (Celovška - Dunajska) (p)9481163.86.801.06.2026 10:10:00Povečan promet,LJ (Celovška - Dunajska) (p),948,116,3.8,6.8,01.06.2026 10:10:00,Povečan promet
HC-H3,"LJ (Dravlje HC)LJ, Celovška - Koseze (v)1116833.013.901.06.2026 10:10:00Zgoščen promet","LJ, Celovška - Koseze (v)",1116,83,3.0,13.9,01.06.2026 10:10:00,Zgoščen promet
,"LJ, Celovška - Koseze (p)9361064.17.501.06.2026 10:10:00Povečan promet","LJ, Celovška - Koseze (p)",936,106,4.1,7.5,01.06.2026 10:10:00,Povečan promet
HC-H3,S Obvoznica BTC HCsmer Koseze (v)972963.410.601.06.2026 10:10:00Zgoščen promet,smer Koseze (v),972,96,3.4,10.6,01.06.2026 10:10:00,Zgoščen promet
,smer Koseze (p)5281167.13.701.06.2026 10:10:00Povečan promet,smer Koseze (p),528,116,7.1,3.7,01.06.2026 10:10:00,Povečan promet
,smer Zadobrova (v)900944.19.501.06.2026 10:10:00Povečan promet,smer Zadobrova (v),900,94,4.1,9.5,01.06.2026 10:10:00,Povečan promet
,smer Zadobrova (p)5761156.14.101.06.2026 10:10:00Povečan promet,smer Zadobrova (p),576,115,6.1,4.1,01.06.2026 10:10:00,Povečan promet
HC-H3,PR BTC Leskoškova 0198izvoz R.Zadobrova krak A  (d)360779.94.001.06.2026 10:10:00Normalen promet,izvoz R.Zadobrova krak A  (d),360,77,9.9,4.0,01.06.2026 10:10:00,Normalen promet
,izvoz R.Zadobrova krak A (l)2528212.92.501.06.2026 10:10:00Normalen promet,izvoz R.Zadobrova krak A (l),252,82,12.9,2.5,01.06.2026 10:10:00,Normalen promet
,uvoz R.Zadobrova krak D (d)847036.40.901.06.2026 10:10:00Normalen promet,uvoz R.Zadobrova krak D (d),84,70,36.4,0.9,01.06.2026 10:10:00,Normalen promet
,uvoz R.Zadobrova krak D (l)1206926.91.501.06.2026 10:10:00Normalen promet,uvoz R.Zadobrova krak D (l),120,69,26.9,1.5,01.06.2026 10:10:00,Normalen promet
,uvoz R.Zadobrova krak E3005213.85.501.06.2026 10:10:00Normalen promet,uvoz R.Zadobrova krak E,300,52,13.8,5.5,01.06.2026 10:10:00,Normalen promet
HC-H4,Priključek Vipavaizvoz iz NG842939.72.401.06.2026 10:10:00Normalen promet,izvoz iz NG,84,29,39.7,2.4,01.06.2026 10:10:00,Normalen promet
,izvoz iz Razdrto2444171.50.401.06.2026 10:10:00Normalen promet,izvoz iz Razdrto,24,44,171.5,0.4,01.06.2026 10:10:00,Normalen promet
,uvoz proti NG724546.01.301.06.2026 10:10:00Normalen promet,uvoz proti NG,72,45,46.0,1.3,01.06.2026 10:10:00,Normalen promet
,uvoz proti Razdrto843446.42.601.06.2026 10:10:00Normalen promet,uvoz proti Razdrto,84,34,46.4,2.6,01.06.2026 10:10:00,Normalen promet
HC-H4,Počivališče Mlake Severuvoz počivališče723247.64.101.06.2026 10:10:00Normalen promet,uvoz počivališče,72,32,47.6,4.1,01.06.2026 10:10:00,Normalen promet
HC-H4,Ajdovščina ACsmer NG (v)5521016.76.301.06.2026 10:10:00Povečan promet,smer NG (v),552,101,6.7,6.3,01.06.2026 10:10:00,Povečan promet
,smer NG (p)12012027.10.801.06.2026 10:10:00Normalen promet,smer NG (p),120,120,27.1,0.8,01.06.2026 10:10:00,Normalen promet
,smer PO (v)3841009.63.501.06.2026 10:10:00Normalen promet,smer PO (v),384,100,9.6,3.5,01.06.2026 10:10:00,Normalen promet
,smer PO (p)7211757.50.501.06.2026 10:10:00Normalen promet,smer PO (p),72,117,57.5,0.5,01.06.2026 10:10:00,Normalen promet
HC-H4,MT Vrtojbasmer I (v)420326.717.101.06.2026 10:10:00Gost promet z zastoji,smer I (v),420,32,6.7,17.1,01.06.2026 10:10:00,Gost promet z zastoji
,smer I (p)000.00.001.06.2026 10:10:00Ni prometa,smer I (p),0,0,0.0,0.0,01.06.2026 10:10:00,Ni prometa
,smer LJ (v)3126411.65.401.06.2026 10:10:00Normalen promet,smer LJ (v),312,64,11.6,5.4,01.06.2026 10:10:00,Normalen promet
,smer LJ (p)2492135.20.201.06.2026 10:10:00Normalen promet,smer LJ (p),24,92,135.2,0.2,01.06.2026 10:10:00,Normalen promet
HC-H4,Bazara HCŠempeter - Vogrsko (v)27610412.83.101.06.2026 10:10:00Normalen promet,Šempeter - Vogrsko (v),276,104,12.8,3.1,01.06.2026 10:10:00,Normalen promet
,Šempeter - Vogrsko (p)24116239.90.101.06.2026 10:10:00Normalen promet,Šempeter - Vogrsko (p),24,116,239.9,0.1,01.06.2026 10:10:00,Normalen promet
,Vogrsko - Šempeter (v)432998.95.501.06.2026 10:10:00Normalen promet,Vogrsko - Šempeter (v),432,99,8.9,5.5,01.06.2026 10:10:00,Normalen promet
,Vogrsko - Šempeter (p)12012730.50.701.06.2026 10:10:00Normalen promet,Vogrsko - Šempeter (p),120,127,30.5,0.7,01.06.2026 10:10:00,Normalen promet
HC-H4,Dolga Poljanasmer NG (v)12241367.70.401.06.2026 10:10:00Gost promet z zastoji,smer NG (v),12,24,1367.7,0.4,01.06.2026 10:10:00,Gost promet z zastoji
,smer NG (p)000.00.001.06.2026 10:10:00Ni prometa,smer NG (p),0,0,0.0,0.0,01.06.2026 10:10:00,Ni prometa
,smer PO (v)4441047.74.801.06.2026 10:10:00Normalen promet,smer PO (v),444,104,7.7,4.8,01.06.2026 10:10:00,Normalen promet
,smer PO (p)18012219.11.101.06.2026 10:10:00Normalen promet,smer PO (p),180,122,19.1,1.1,01.06.2026 10:10:00,Normalen promet
HC-H4,Priključek Seloizvoz iz NG1233374.50.301.06.2026 10:10:00Normalen promet,izvoz iz NG,12,33,374.5,0.3,01.06.2026 10:10:00,Normalen promet
,izvoz iz PO603782.81.301.06.2026 10:10:00Normalen promet,izvoz iz PO,60,37,82.8,1.3,01.06.2026 10:10:00,Normalen promet
,uvoz proti NG1241275.60.201.06.2026 10:10:00Normalen promet,uvoz proti NG,12,41,275.6,0.2,01.06.2026 10:10:00,Normalen promet
,uvoz proti PO963337.72.801.06.2026 10:10:00Normalen promet,uvoz proti PO,96,33,37.7,2.8,01.06.2026 10:10:00,Normalen promet
HC-H4,Šempeter HCsmer I (v)3488810.04.601.06.2026 10:10:00Normalen promet,smer I (v),348,88,10.0,4.6,01.06.2026 10:10:00,Normalen promet
,smer I (p)48112106.80.301.06.2026 10:10:00Normalen promet,smer I (p),48,112,106.8,0.3,01.06.2026 10:10:00,Normalen promet
,smer LJ (v)2408714.03.601.06.2026 10:10:00Normalen promet,smer LJ (v),240,87,14.0,3.6,01.06.2026 10:10:00,Normalen promet
,smer LJ (p)36111159.10.201.06.2026 10:10:00Normalen promet,smer LJ (p),36,111,159.1,0.2,01.06.2026 10:10:00,Normalen promet
HC-H4,Razcep NanosIzvoz iz KP607172.60.701.06.2026 10:10:00Normalen promet,Izvoz iz KP,60,71,72.6,0.7,01.06.2026 10:10:00,Normalen promet
,Uvoz LJ (v)2647812.93.801.06.2026 10:10:00Normalen promet,Uvoz LJ (v),264,78,12.9,3.8,01.06.2026 10:10:00,Normalen promet
,Uvoz LJ (p)729949.50.701.06.2026 10:10:00Normalen promet,Uvoz LJ (p),72,99,49.5,0.7,01.06.2026 10:10:00,Normalen promet
HC-H5,Bertoki HCBertoki - Koper (v)1188773.012.701.06.2026 10:10:00Povečan promet,Bertoki - Koper (v),1188,77,3.0,12.7,01.06.2026 10:10:00,Povečan promet
,Bertoki - Koper (p)948923.98.701.06.2026 10:10:00Povečan promet,Bertoki - Koper (p),948,92,3.9,8.7,01.06.2026 10:10:00,Povečan promet
HC-H5,Škofije HCŠkofije - Srmin (v)468818.14.601.06.2026 10:10:00Normalen promet,Škofije - Srmin (v),468,81,8.1,4.6,01.06.2026 10:10:00,Normalen promet
,Škofije - Srmin (p)1209931.20.901.06.2026 10:10:00Normalen promet,Škofije - Srmin (p),120,99,31.2,0.9,01.06.2026 10:10:00,Normalen promet
,Srmin - Škofije (v)672785.59.101.06.2026 10:10:00Normalen promet,Srmin - Škofije (v),672,78,5.5,9.1,01.06.2026 10:10:00,Normalen promet
,Srmin - Škofije (p)2049223.11.301.06.2026 10:10:00Normalen promet,Srmin - Škofije (p),204,92,23.1,1.3,01.06.2026 10:10:00,Normalen promet
HC-H5,Priključek Plavjeizvoz iz KP1229104.70.301.06.2026 10:10:00Normalen promet,izvoz iz KP,12,29,104.7,0.3,01.06.2026 10:10:00,Normalen promet
,uvoz proti Italiji603460.01.501.06.2026 10:10:00Normalen promet,uvoz proti Italiji,60,34,60.0,1.5,01.06.2026 10:10:00,Normalen promet
G1-102,Logatec 2CP Logatec - Logatec468426.410.201.06.2026 10:10:00Povečan promet,CP Logatec - Logatec,468,42,6.4,10.2,01.06.2026 10:10:00,Povečan promet
,Logatec - CP Logatec3004611.35.601.06.2026 10:10:00Normalen promet,Logatec - CP Logatec,300,46,11.3,5.6,01.06.2026 10:10:00,Normalen promet
G1-11,KoperKoper - Šmarje732584.311.501.06.2026 10:10:00Povečan promet,Koper - Šmarje,732,58,4.3,11.5,01.06.2026 10:10:00,Povečan promet
,Šmarje - Koper1080462.719.201.06.2026 10:10:00Gost promet,Šmarje - Koper,1080,46,2.7,19.2,01.06.2026 10:10:00,Gost promet
G1-11,PesjanciDragonja - Šmarje960613.213.001.06.2026 10:10:00Povečan promet,Dragonja - Šmarje,960,61,3.2,13.0,01.06.2026 10:10:00,Povečan promet
,Šmarje - Dragonja576645.27.401.06.2026 10:10:00Povečan promet,Šmarje - Dragonja,576,64,5.2,7.4,01.06.2026 10:10:00,Povečan promet
G1-1,Maribor (Koroški most)Gosposvetska c. - Koroški most (v)456517.27.901.06.2026 10:05:00Povečan promet,Gosposvetska c. - Koroški most (v),456,51,7.2,7.9,01.06.2026 10:05:00,Povečan promet
,Gosposvetska c. - Koroški most (p)468537.27.001.06.2026 10:05:00Normalen promet,Gosposvetska c. - Koroški most (p),468,53,7.2,7.0,01.06.2026 10:05:00,Normalen promet
,Koroški most - Gosposvetska c. (v)504506.58.201.06.2026 10:10:00Povečan promet,Koroški most - Gosposvetska c. (v),504,50,6.5,8.2,01.06.2026 10:10:00,Povečan promet
,Koroški most - Gosposvetska c. (p)3126310.44.101.06.2026 10:10:00Normalen promet,Koroški most - Gosposvetska c. (p),312,63,10.4,4.1,01.06.2026 10:10:00,Normalen promet
G1-1,Maribor (Ptujska cesta)Miklavž - Ptujska c. (v)336529.36.501.06.2026 10:10:00Normalen promet,Miklavž - Ptujska c. (v),336,52,9.3,6.5,01.06.2026 10:10:00,Normalen promet
,Miklavž - Ptujska c. (p)324599.74.401.06.2026 10:10:00Normalen promet,Miklavž - Ptujska c. (p),324,59,9.7,4.4,01.06.2026 10:10:00,Normalen promet
,Ptujska c. - Miklavž (v)372638.86.601.06.2026 10:10:00Normalen promet,Ptujska c. - Miklavž (v),372,63,8.8,6.6,01.06.2026 10:10:00,Normalen promet
,Ptujska c. - Miklavž (p)3127110.93.301.06.2026 10:10:00Normalen promet,Ptujska c. - Miklavž (p),312,71,10.9,3.3,01.06.2026 10:10:00,Normalen promet
G1-1,OžbaltBrezno - Ruta1686716.62.001.06.2026 10:05:00Normalen promet,Brezno - Ruta,168,67,16.6,2.0,01.06.2026 10:05:00,Normalen promet
,Ruta - Brezno1686621.62.101.06.2026 10:05:00Normalen promet,Ruta - Brezno,168,66,21.6,2.1,01.06.2026 10:05:00,Normalen promet
G1-1,Zgornji BočRuta - Selnica1327018.11.401.06.2026 10:10:00Normalen promet,Ruta - Selnica,132,70,18.1,1.4,01.06.2026 10:10:00,Normalen promet
,Selnica - Ruta1686618.32.701.06.2026 10:10:00Normalen promet,Selnica - Ruta,168,66,18.3,2.7,01.06.2026 10:10:00,Normalen promet
G1-1,BreznoBrezno - Radlje1686020.52.401.06.2026 10:10:00Normalen promet,Brezno - Radlje,168,60,20.5,2.4,01.06.2026 10:10:00,Normalen promet
,Radlje - Brezno966837.01.101.06.2026 10:10:00Normalen promet,Radlje - Brezno,96,68,37.0,1.1,01.06.2026 10:10:00,Normalen promet
G1-1,GortinaDravograd - Radlje3246610.64.601.06.2026 10:10:00Normalen promet,Dravograd - Radlje,324,66,10.6,4.6,01.06.2026 10:10:00,Normalen promet
,Radlje - Dravograd2166215.73.601.06.2026 10:10:00Normalen promet,Radlje - Dravograd,216,62,15.7,3.6,01.06.2026 10:10:00,Normalen promet
G1-1,BrestrnicaMaribor (otok) - Selnica1925913.13.201.06.2026 10:05:00Normalen promet,Maribor (otok) - Selnica,192,59,13.1,3.2,01.06.2026 10:05:00,Normalen promet
,Selnica - Maribor (otok)408609.06.401.06.2026 10:05:00Normalen promet,Selnica - Maribor (otok),408,60,9.0,6.4,01.06.2026 10:05:00,Normalen promet
G1-1,MT VičDravograd - MT Vič1326131.73.201.06.2026 10:10:00Normalen promet,Dravograd - MT Vič,132,61,31.7,3.2,01.06.2026 10:10:00,Normalen promet
,MT Vič - Dravograd1206736.52.001.06.2026 10:10:00Normalen promet,MT Vič - Dravograd,120,67,36.5,2.0,01.06.2026 10:10:00,Normalen promet
G1-1,MB KamnicaMaribor - Selnica444737.65.301.06.2026 10:10:00Normalen promet,Maribor - Selnica,444,73,7.6,5.3,01.06.2026 10:10:00,Normalen promet
,Selnica - Maribor432777.85.101.06.2026 10:10:00Normalen promet,Selnica - Maribor,432,77,7.8,5.1,01.06.2026 10:10:00,Normalen promet
G1-2,DevinaPragersko - Slovenska Bistrica2646312.13.501.06.2026 10:10:00Normalen promet,Pragersko - Slovenska Bistrica,264,63,12.1,3.5,01.06.2026 10:10:00,Normalen promet
,Slovenska Bistrica - Pragersko2525211.45.101.06.2026 10:10:00Normalen promet,Slovenska Bistrica - Pragersko,252,52,11.4,5.1,01.06.2026 10:10:00,Normalen promet
G1-2,GrabeOrmož - Središče ob Dravi965133.22.301.06.2026 10:10:00Normalen promet,Ormož - Središče ob Dravi,96,51,33.2,2.3,01.06.2026 10:10:00,Normalen promet
,Središče ob Dravi - Ormož1445827.22.201.06.2026 10:10:00Normalen promet,Središče ob Dravi - Ormož,144,58,27.2,2.2,01.06.2026 10:10:00,Normalen promet
G1-2,BorovciGorišnica - Spuhlja3005310.75.201.06.2026 10:05:00Normalen promet,Gorišnica - Spuhlja,300,53,10.7,5.2,01.06.2026 10:05:00,Normalen promet
,Spuhlja - Gorišnica1685222.62.701.06.2026 10:05:00Normalen promet,Spuhlja - Gorišnica,168,52,22.6,2.7,01.06.2026 10:05:00,Normalen promet
G1-2,Šikole 3Kidričevo - Šikole1566620.82.501.06.2026 10:10:00Normalen promet,Kidričevo - Šikole,156,66,20.8,2.5,01.06.2026 10:10:00,Normalen promet
,Šikole - Kidričevo3126813.45.001.06.2026 10:10:00Normalen promet,Šikole - Kidričevo,312,68,13.4,5.0,01.06.2026 10:10:00,Normalen promet
G1-2,MP Središče ob DraviMP Središče - Središče ob Dravi605155.61.101.06.2026 10:10:00Normalen promet,MP Središče - Središče ob Dravi,60,51,55.6,1.1,01.06.2026 10:10:00,Normalen promet
,Središče ob Dravi - MP Središče485170.51.601.06.2026 10:10:00Normalen promet,Središče ob Dravi - MP Središče,48,51,70.5,1.6,01.06.2026 10:10:00,Normalen promet
G1-2,OrmožOrmož vzhod - Ormož zahod1685419.13.501.06.2026 10:10:00Normalen promet,Ormož vzhod - Ormož zahod,168,54,19.1,3.5,01.06.2026 10:10:00,Normalen promet
,Ormož zahod - Ormož vzhod965625.21.301.06.2026 10:10:00Normalen promet,Ormož zahod - Ormož vzhod,96,56,25.2,1.3,01.06.2026 10:10:00,Normalen promet
G1-2,CvetkovciGorišnica - Ormož1926020.22.901.06.2026 10:10:00Normalen promet,Gorišnica - Ormož,192,60,20.2,2.9,01.06.2026 10:10:00,Normalen promet
,Ormož - Gorišnica360518.77.501.06.2026 10:10:00Normalen promet,Ormož - Gorišnica,360,51,8.7,7.5,01.06.2026 10:10:00,Normalen promet
G1-2,Ptuj vzhodPtuj - Spuhlja456546.98.401.06.2026 10:05:00Povečan promet,Ptuj - Spuhlja,456,54,6.9,8.4,01.06.2026 10:05:00,Povečan promet
,Spuhlja - Ptuj732494.115.001.06.2026 10:05:00Povečan promet,Spuhlja - Ptuj,732,49,4.1,15.0,01.06.2026 10:05:00,Povečan promet
G1-2,Šikole 2Pragersko - Šikole1687018.82.401.06.2026 10:10:00Normalen promet,Pragersko - Šikole,168,70,18.8,2.4,01.06.2026 10:10:00,Normalen promet
,Šikole - Pragersko1088230.11.601.06.2026 10:10:00Normalen promet,Šikole - Pragersko,108,82,30.1,1.6,01.06.2026 10:10:00,Normalen promet
G1-2,Ptuj jezeroPtuj - Turnišče720454.116.001.06.2026 10:10:00Povečan promet,Ptuj - Turnišče,720,45,4.1,16.0,01.06.2026 10:10:00,Povečan promet
,Turnišče - Ptuj528506.511.701.06.2026 10:10:00Povečan promet,Turnišče - Ptuj,528,50,6.5,11.7,01.06.2026 10:10:00,Povečan promet
G1-2,NjiverceHajdina - Kidričevo2166014.73.501.06.2026 10:10:00Normalen promet,Hajdina - Kidričevo,216,60,14.7,3.5,01.06.2026 10:10:00,Normalen promet
,Kidričevo - Hajdina2166118.13.601.06.2026 10:10:00Normalen promet,Kidričevo - Hajdina,216,61,18.1,3.6,01.06.2026 10:10:00,Normalen promet
G1-4,Bukovska vasOtiški Vrh - Slovenj Gradec384569.26.501.06.2026 10:10:00Normalen promet,Otiški Vrh - Slovenj Gradec,384,56,9.2,6.5,01.06.2026 10:10:00,Normalen promet
,Slovenj Gradec - Otiški Vrh480586.98.501.06.2026 10:10:00Povečan promet,Slovenj Gradec - Otiški Vrh,480,58,6.9,8.5,01.06.2026 10:10:00,Povečan promet
G1-4,ČrnovaČrnova - Velenje552545.89.201.06.2026 10:10:00Povečan promet,Črnova - Velenje,552,54,5.8,9.2,01.06.2026 10:10:00,Povečan promet
,Velenje - Črnova600424.714.801.06.2026 10:10:00Povečan promet,Velenje - Črnova,600,42,4.7,14.8,01.06.2026 10:10:00,Povečan promet
G1-4,Velika PirešicaArja vas - Črnova360529.26.901.06.2026 10:10:00Povečan promet,Arja vas - Črnova,360,52,9.2,6.9,01.06.2026 10:10:00,Povečan promet
,Črnova - Arja vas600565.311.601.06.2026 10:10:00Povečan promet,Črnova - Arja vas,600,56,5.3,11.6,01.06.2026 10:10:00,Povečan promet
G1-4,Paka pri VelenjuVelenje - Zgornji Dolič3244710.65.501.06.2026 10:10:00Normalen promet,Velenje - Zgornji Dolič,324,47,10.6,5.5,01.06.2026 10:10:00,Normalen promet
,Zgornji Dolič - Velenje2284914.34.301.06.2026 10:10:00Normalen promet,Zgornji Dolič - Velenje,228,49,14.3,4.3,01.06.2026 10:10:00,Normalen promet
G1-4,Šmartno pri SGSlovenj Gradec - Šmartno468647.86.301.06.2026 10:10:00Normalen promet,Slovenj Gradec - Šmartno,468,64,7.8,6.3,01.06.2026 10:10:00,Normalen promet
,Šmartno - Slovenj Gradec432466.59.101.06.2026 10:10:00Povečan promet,Šmartno - Slovenj Gradec,432,46,6.5,9.1,01.06.2026 10:10:00,Povečan promet
G1-4,DravogradDravograd - Otiški Vrh420488.67.701.06.2026 10:10:00Normalen promet,Dravograd - Otiški Vrh,420,48,8.6,7.7,01.06.2026 10:10:00,Normalen promet
,Otiški Vrh - Dravograd504446.610.101.06.2026 10:10:00Povečan promet,Otiški Vrh - Dravograd,504,44,6.6,10.1,01.06.2026 10:10:00,Povečan promet
G1-4,MislinjaMislinja - Zgornji Dolič444368.011.301.06.2026 10:05:00Normalen promet,Mislinja - Zgornji Dolič,444,36,8.0,11.3,01.06.2026 10:05:00,Normalen promet
,Zgornji Dolič - Mislinja384337.110.801.06.2026 10:05:00Normalen promet,Zgornji Dolič - Mislinja,384,33,7.1,10.8,01.06.2026 10:05:00,Normalen promet
G1-5,VrhovoBoštanj - Radeče1205328.32.201.06.2026 10:05:00Normalen promet,Boštanj - Radeče,120,53,28.3,2.2,01.06.2026 10:05:00,Normalen promet
,Radeče - Boštanj1206025.82.001.06.2026 10:05:00Normalen promet,Radeče - Boštanj,120,60,25.8,2.0,01.06.2026 10:05:00,Normalen promet
G1-5,Celje (Lava)Celje - Medlog420617.66.201.06.2026 10:10:00Normalen promet,Celje - Medlog,420,61,7.6,6.2,01.06.2026 10:10:00,Normalen promet
,Medlog - Celje444657.76.101.06.2026 10:10:00Normalen promet,Medlog - Celje,444,65,7.7,6.1,01.06.2026 10:10:00,Normalen promet
G1-5,StrmcaLaško - Šmarjeta2886311.63.801.06.2026 10:10:00Normalen promet,Laško - Šmarjeta,288,63,11.6,3.8,01.06.2026 10:10:00,Normalen promet
,Šmarjeta - Laško2286715.43.001.06.2026 10:10:00Normalen promet,Šmarjeta - Laško,228,67,15.4,3.0,01.06.2026 10:10:00,Normalen promet
G1-5,BoštanjBoštanj - Brestanica384348.310.601.06.2026 10:10:00Povečan promet,Boštanj - Brestanica,384,34,8.3,10.6,01.06.2026 10:10:00,Povečan promet
,Brestanica - Boštanj432306.613.901.06.2026 10:10:00Povečan promet,Brestanica - Boštanj,432,30,6.6,13.9,01.06.2026 10:10:00,Povečan promet
G1-5,ImpoljcaBrestanica - Impoljca847242.51.101.06.2026 10:10:00Normalen promet,Brestanica - Impoljca,84,72,42.5,1.1,01.06.2026 10:10:00,Normalen promet
,Impoljca - Brestanica1447124.92.001.06.2026 10:10:00Normalen promet,Impoljca - Brestanica,144,71,24.9,2.0,01.06.2026 10:10:00,Normalen promet
G1-5,MedlogAC - Celje2166116.63.201.06.2026 10:10:00Normalen promet,AC - Celje,216,61,16.6,3.2,01.06.2026 10:10:00,Normalen promet
,Celje - AC2405413.74.901.06.2026 10:10:00Normalen promet,Celje - AC,240,54,13.7,4.9,01.06.2026 10:10:00,Normalen promet
G1-5,Zidani mostRimske Toplice - Zidani Most2045712.63.401.06.2026 10:05:00Normalen promet,Rimske Toplice - Zidani Most,204,57,12.6,3.4,01.06.2026 10:05:00,Normalen promet
,Zidani Most - Rimske Toplice1446227.12.201.06.2026 10:05:00Normalen promet,Zidani Most - Rimske Toplice,144,62,27.1,2.2,01.06.2026 10:05:00,Normalen promet
G1-5,KošnicaCelje - Laško372529.16.901.06.2026 10:00:00Povečan promet,Celje - Laško,372,52,9.1,6.9,01.06.2026 10:00:00,Povečan promet
,Laško - Celje372599.85.301.06.2026 10:00:00Povečan promet,Laško - Celje,372,59,9.8,5.3,01.06.2026 10:00:00,Povečan promet
G1-5,Rimske TopliceRimske Toplice - Šmarjeta1804723.33.701.06.2026 10:10:00Normalen promet,Rimske Toplice - Šmarjeta,180,47,23.3,3.7,01.06.2026 10:10:00,Normalen promet
,Šmarjeta - Rimske Toplice1565323.02.601.06.2026 10:10:00Normalen promet,Šmarjeta - Rimske Toplice,156,53,23.0,2.6,01.06.2026 10:10:00,Normalen promet
G1-5,RadečeRadeče - Zidani Most1687220.12.101.06.2026 10:10:00Normalen promet,Radeče - Zidani Most,168,72,20.1,2.1,01.06.2026 10:10:00,Normalen promet
,Zidani Most - Radeče2526011.34.001.06.2026 10:10:00Normalen promet,Zidani Most - Radeče,252,60,11.3,4.0,01.06.2026 10:10:00,Normalen promet
G1-5,Leskovec pri KrškemDrnovo - Leskovec420427.89.301.06.2026 10:10:00Normalen promet,Drnovo - Leskovec,420,42,7.8,9.3,01.06.2026 10:10:00,Normalen promet
,Leskovec - Drnovo480466.79.801.06.2026 10:10:00Povečan promet,Leskovec - Drnovo,480,46,6.7,9.8,01.06.2026 10:10:00,Povečan promet
G1-5,Log pri SevniciBoštanj - Impoljca2765916.34.701.06.2026 10:10:00Normalen promet,Boštanj - Impoljca,276,59,16.3,4.7,01.06.2026 10:10:00,Normalen promet
,Impoljca - Boštanj965937.41.501.06.2026 10:10:00Normalen promet,Impoljca - Boštanj,96,59,37.4,1.5,01.06.2026 10:10:00,Normalen promet
G1-5,ŽadovinekDrnovo - Krško2644613.35.801.06.2026 10:10:00Normalen promet,Drnovo - Krško,264,46,13.3,5.8,01.06.2026 10:10:00,Normalen promet
,Krško - Drnovo1445123.12.901.06.2026 10:10:00Normalen promet,Krško - Drnovo,144,51,23.1,2.9,01.06.2026 10:10:00,Normalen promet
G1-6,Dolnja BitnjaPrem - Ribnica2165216.83.701.06.2026 10:10:00Normalen promet,Prem - Ribnica,216,52,16.8,3.7,01.06.2026 10:10:00,Normalen promet
,Ribnica - Prem1924319.75.001.06.2026 10:10:00Normalen promet,Ribnica - Prem,192,43,19.7,5.0,01.06.2026 10:10:00,Normalen promet
G1-6,MP JelšaneDolnji Zemon - MP Jelšane3364811.06.201.06.2026 10:10:00Normalen promet,Dolnji Zemon - MP Jelšane,336,48,11.0,6.2,01.06.2026 10:10:00,Normalen promet
,MP Jelšane - Dolnji Zemon2284814.64.701.06.2026 10:10:00Normalen promet,MP Jelšane - Dolnji Zemon,228,48,14.6,4.7,01.06.2026 10:10:00,Normalen promet
G1-6,Mala PristavaPivka - Ribnica00999.90.001.06.2026 10:10:00Ni prometa,Pivka - Ribnica,0,0,999.9,0.0,01.06.2026 10:10:00,Ni prometa
,Ribnica - Pivka00999.90.001.06.2026 10:10:00Ni prometa,Ribnica - Pivka,0,0,999.9,0.0,01.06.2026 10:10:00,Ni prometa
G1-6,PrestranekPivka - Postojna468477.28.601.06.2026 10:10:00Povečan promet,Pivka - Postojna,468,47,7.2,8.6,01.06.2026 10:10:00,Povečan promet
,Postojna - Pivka600455.311.801.06.2026 10:10:00Povečan promet,Postojna - Pivka,600,45,5.3,11.8,01.06.2026 10:10:00,Povečan promet
G1-6,KosezeDolnji Zemon - Ilirska Bistrica396458.78.101.06.2026 10:10:00Povečan promet,Dolnji Zemon - Ilirska Bistrica,396,45,8.7,8.1,01.06.2026 10:10:00,Povečan promet
,Ilirska Bistrica - Dolnji Zemon2764612.15.301.06.2026 10:10:00Normalen promet,Ilirska Bistrica - Dolnji Zemon,276,46,12.1,5.3,01.06.2026 10:10:00,Normalen promet
G1-6,"Ilirska Bistrica, obvoznicaIlirska Bistrica - Koseze2525613.23.601.06.2026 10:10:00Normalen promet",Ilirska Bistrica - Koseze,252,56,13.2,3.6,01.06.2026 10:10:00,Normalen promet
,Koseze - Ilirska Bistrica1566521.61.901.06.2026 10:10:00Normalen promet,Koseze - Ilirska Bistrica,156,65,21.6,1.9,01.06.2026 10:10:00,Normalen promet
G1-7,MP StarodMP Starod - Podgrad1805219.64.301.06.2026 10:10:00Normalen promet,MP Starod - Podgrad,180,52,19.6,4.3,01.06.2026 10:10:00,Normalen promet
,Podgrad - MP Starod2285118.64.901.06.2026 10:10:00Normalen promet,Podgrad - MP Starod,228,51,18.6,4.9,01.06.2026 10:10:00,Normalen promet
G1-7,Male LočeObrov - Podgrad3125411.25.701.06.2026 10:10:00Normalen promet,Obrov - Podgrad,312,54,11.2,5.7,01.06.2026 10:10:00,Normalen promet
,Podgrad - Obrov2406015.43.601.06.2026 10:10:00Normalen promet,Podgrad - Obrov,240,60,15.4,3.6,01.06.2026 10:10:00,Normalen promet
G1-7,GradiščeKozina - Obrov3484510.66.801.06.2026 10:10:00Normalen promet,Kozina - Obrov,348,45,10.6,6.8,01.06.2026 10:10:00,Normalen promet
,Obrov - Kozina2525111.04.701.06.2026 10:10:00Normalen promet,Obrov - Kozina,252,51,11.0,4.7,01.06.2026 10:10:00,Normalen promet
G1-7,MP KozinaKozina - MP Kozina1565221.52.501.06.2026 10:10:00Normalen promet,Kozina - MP Kozina,156,52,21.5,2.5,01.06.2026 10:10:00,Normalen promet
,Kozina - MP Kozina1684825.32.701.06.2026 10:10:00Normalen promet,Kozina - MP Kozina,168,48,25.3,2.7,01.06.2026 10:10:00,Normalen promet
G1-8,LJ (Celovška Dravlje)obvoznica - Šentvid (v)588525.710.701.06.2026 10:10:00Povečan promet,obvoznica - Šentvid (v),588,52,5.7,10.7,01.06.2026 10:10:00,Povečan promet
,obvoznica - Šentvid (p)648605.39.001.06.2026 10:10:00Povečan promet,obvoznica - Šentvid (p),648,60,5.3,9.0,01.06.2026 10:10:00,Povečan promet
,Šentvid - obvoznica (v)408568.26.401.06.2026 10:10:00Povečan promet,Šentvid - obvoznica (v),408,56,8.2,6.4,01.06.2026 10:10:00,Povečan promet
,Šentvid - obvoznica (p)732584.410.701.06.2026 10:10:00Zgoščen promet,Šentvid - obvoznica (p),732,58,4.4,10.7,01.06.2026 10:10:00,Zgoščen promet
G-1,Radeljska obvoznicaBrezno - Dravograd2285714.83.201.06.2026 10:10:00Normalen promet,Brezno - Dravograd,228,57,14.8,3.2,01.06.2026 10:10:00,Normalen promet
,Dravograd - Brezno1445827.32.101.06.2026 10:10:00Normalen promet,Dravograd - Brezno,144,58,27.3,2.1,01.06.2026 10:10:00,Normalen promet
G2-101,KovorTržič - Zvirče456817.84.501.06.2026 10:10:00Normalen promet,Tržič - Zvirče,456,81,7.8,4.5,01.06.2026 10:10:00,Normalen promet
,Zvirče - Tržič2528213.92.701.06.2026 10:10:00Normalen promet,Zvirče - Tržič,252,82,13.9,2.7,01.06.2026 10:10:00,Normalen promet
G2-101,MT LjubeljMT Ljubelj - Tržič604254.01.101.06.2026 10:00:00Normalen promet,MT Ljubelj - Tržič,60,42,54.0,1.1,01.06.2026 10:00:00,Normalen promet
,Tržič - MT Ljubelj604961.01.001.06.2026 10:00:00Normalen promet,Tržič - MT Ljubelj,60,49,61.0,1.0,01.06.2026 10:00:00,Normalen promet
G2-102,HotedršicaGodovič - Kalce1326130.11.701.06.2026 10:10:00Normalen promet,Godovič - Kalce,132,61,30.1,1.7,01.06.2026 10:10:00,Normalen promet
,Kalce - Godovič1205528.91.901.06.2026 10:10:00Normalen promet,Kalce - Godovič,120,55,28.9,1.9,01.06.2026 10:10:00,Normalen promet
G2-102,Slap ob IdrijciBača - Dolenja Trebuša1085245.11.701.06.2026 10:05:00Normalen promet,Bača - Dolenja Trebuša,108,52,45.1,1.7,01.06.2026 10:05:00,Normalen promet
,Dolenja Trebuša - Bača1325231.22.301.06.2026 10:05:00Normalen promet,Dolenja Trebuša - Bača,132,52,31.2,2.3,01.06.2026 10:05:00,Normalen promet
G2-102,PrapetnoMost na Soči - Peršeti336629.34.401.06.2026 10:10:00Normalen promet,Most na Soči - Peršeti,336,62,9.3,4.4,01.06.2026 10:10:00,Normalen promet
,Peršeti - Most na Soči1206825.71.401.06.2026 10:10:00Normalen promet,Peršeti - Most na Soči,120,68,25.7,1.4,01.06.2026 10:10:00,Normalen promet
G2-102,StopnikIdrija - Tolmin967638.91.101.06.2026 10:05:00Normalen promet,Idrija - Tolmin,96,76,38.9,1.1,01.06.2026 10:05:00,Normalen promet
,Tolmin - Idrija967634.71.001.06.2026 10:05:00Normalen promet,Tolmin - Idrija,96,76,34.7,1.0,01.06.2026 10:05:00,Normalen promet
G2-102,OtaležSp. Idrija (Marof) - Želin606659.60.801.06.2026 10:10:00Normalen promet,Sp. Idrija (Marof) - Želin,60,66,59.6,0.8,01.06.2026 10:10:00,Normalen promet
,Želin - Sp. Idrija (Marof)486461.70.601.06.2026 10:10:00Normalen promet,Želin - Sp. Idrija (Marof),48,64,61.7,0.6,01.06.2026 10:10:00,Normalen promet
G2-102,IdrijaGodovič - Sp. Idrija1444726.52.801.06.2026 10:10:00Normalen promet,Godovič - Sp. Idrija,144,47,26.5,2.8,01.06.2026 10:10:00,Normalen promet
,Sp. Idrija - Godovič965139.41.501.06.2026 10:10:00Normalen promet,Sp. Idrija - Godovič,96,51,39.4,1.5,01.06.2026 10:10:00,Normalen promet
G2-102,MP RobičKobarid - MT Robič485071.01.401.06.2026 10:10:00Normalen promet,Kobarid - MT Robič,48,50,71.0,1.4,01.06.2026 10:10:00,Normalen promet
,MT Robič - Kobarid00999.90.001.06.2026 10:10:00Ni prometa,MT Robič - Kobarid,0,0,999.9,0.0,01.06.2026 10:10:00,Ni prometa
G2-102,IdrskoIdrsko - Kobarid1565122.12.301.06.2026 10:10:00Normalen promet,Idrsko - Kobarid,156,51,22.1,2.3,01.06.2026 10:10:00,Normalen promet
,Kobarid - Idrsko1684220.73.101.06.2026 10:10:00Normalen promet,Kobarid - Idrsko,168,42,20.7,3.1,01.06.2026 10:10:00,Normalen promet
G2-102,KalceKalce - Logatec2285814.84.001.06.2026 10:10:00Normalen promet,Kalce - Logatec,228,58,14.8,4.0,01.06.2026 10:10:00,Normalen promet
,Logatec - Kalce1926017.62.601.06.2026 10:10:00Normalen promet,Logatec - Kalce,192,60,17.6,2.6,01.06.2026 10:10:00,Normalen promet
G2-102,Staro SeloKobarid - Robič722949.04.101.06.2026 10:05:00Normalen promet,Kobarid - Robič,72,29,49.0,4.1,01.06.2026 10:05:00,Normalen promet
,Robič - Kobarid843336.82.301.06.2026 10:05:00Normalen promet,Robič - Kobarid,84,33,36.8,2.3,01.06.2026 10:05:00,Normalen promet
G2-102,PeršetiIdrsko - Peršeti2284613.73.901.06.2026 10:05:00Normalen promet,Idrsko - Peršeti,228,46,13.7,3.9,01.06.2026 10:05:00,Normalen promet
,Peršeti - Idrsko1444427.42.601.06.2026 10:05:00Normalen promet,Peršeti - Idrsko,144,44,27.4,2.6,01.06.2026 10:05:00,Normalen promet
G2-103,PanovecKromberk - Rožna dolina816593.811.701.06.2026 10:10:00Gost promet,Kromberk - Rožna dolina,816,59,3.8,11.7,01.06.2026 10:10:00,Gost promet
,Rožna dolina - Kromberk852563.612.401.06.2026 10:10:00Gost promet,Rožna dolina - Kromberk,852,56,3.6,12.4,01.06.2026 10:10:00,Gost promet
G2-103,Šempeter RDNG Rožna dolina - Šempeter3007912.33.301.06.2026 10:10:00Normalen promet,NG Rožna dolina - Šempeter,300,79,12.3,3.3,01.06.2026 10:10:00,Normalen promet
,Šempeter - NG Rožna dolina468697.56.101.06.2026 10:10:00Normalen promet,Šempeter - NG Rožna dolina,468,69,7.5,6.1,01.06.2026 10:10:00,Normalen promet
G2-103,DoblarKanal - Ušnik843828.61.801.06.2026 10:05:00Normalen promet,Kanal - Ušnik,84,38,28.6,1.8,01.06.2026 10:05:00,Normalen promet
,Ušnik - Kanal132359.12.801.06.2026 10:05:00Normalen promet,Ušnik - Kanal,132,35,9.1,2.8,01.06.2026 10:05:00,Normalen promet
G2-103,Solkan 3Nova Gorica - Solkan2526813.73.401.06.2026 10:10:00Normalen promet,Nova Gorica - Solkan,252,68,13.7,3.4,01.06.2026 10:10:00,Normalen promet
,Solkan - Nova Gorica456597.26.701.06.2026 10:10:00Normalen promet,Solkan - Nova Gorica,456,59,7.2,6.7,01.06.2026 10:10:00,Normalen promet
G2-103,DeskleKanal - Plave2045516.83.601.06.2026 10:10:00Normalen promet,Kanal - Plave,204,55,16.8,3.6,01.06.2026 10:10:00,Normalen promet
,Plave - Kanal1565225.62.801.06.2026 10:10:00Normalen promet,Plave - Kanal,156,52,25.6,2.8,01.06.2026 10:10:00,Normalen promet
G2-104,TopoleMengeš - Moste2287316.83.101.06.2026 10:10:00Normalen promet,Mengeš - Moste,228,73,16.8,3.1,01.06.2026 10:10:00,Normalen promet
,Moste - Mengeš360758.94.701.06.2026 10:10:00Normalen promet,Moste - Mengeš,360,75,8.9,4.7,01.06.2026 10:10:00,Normalen promet
G2-104,Loka pri MengšuMengeš - Trzin744543.812.601.06.2026 10:10:00Zgoščen promet,Mengeš - Trzin,744,54,3.8,12.6,01.06.2026 10:10:00,Zgoščen promet
,Trzin - Mengeš408609.06.001.06.2026 10:10:00Normalen promet,Trzin - Mengeš,408,60,9.0,6.0,01.06.2026 10:10:00,Normalen promet
G2-104,LJ (severna vpadnica)Črnuče - LJ (Brnčičeva) (v)624544.510.301.06.2026 10:10:00Povečan promet,Črnuče - LJ (Brnčičeva) (v),624,54,4.5,10.3,01.06.2026 10:10:00,Povečan promet
,Črnuče - LJ (Brnčičeva) (p)720653.910.001.06.2026 10:10:00Gost promet,Črnuče - LJ (Brnčičeva) (p),720,65,3.9,10.0,01.06.2026 10:10:00,Gost promet
,LJ (Brnčičeva) - Črnuče (v)588535.713.001.06.2026 10:10:00Povečan promet,LJ (Brnčičeva) - Črnuče (v),588,53,5.7,13.0,01.06.2026 10:10:00,Povečan promet
,LJ (Brnčičeva) - Črnuče (p)624645.68.301.06.2026 10:10:00Povečan promet,LJ (Brnčičeva) - Črnuče (p),624,64,5.6,8.3,01.06.2026 10:10:00,Povečan promet
G2-104,Kranj (Primskovo 1)Brnik - Kranj948563.114.801.06.2026 10:10:00Gost promet,Brnik - Kranj,948,56,3.1,14.8,01.06.2026 10:10:00,Gost promet
,Kranj - Brnik960563.016.001.06.2026 10:10:00Gost promet,Kranj - Brnik,960,56,3.0,16.0,01.06.2026 10:10:00,Gost promet
G2-104,BrnikLetališče Brnik - Sp. Brnik336439.68.601.06.2026 10:10:00Povečan promet,Letališče Brnik - Sp. Brnik,336,43,9.6,8.6,01.06.2026 10:10:00,Povečan promet
,Sp. Brnik - Letališče Brnik480506.88.601.06.2026 10:10:00Povečan promet,Sp. Brnik - Letališče Brnik,480,50,6.8,8.6,01.06.2026 10:10:00,Povečan promet
G2-104,TrzinLJ (Črnuče) - Trzin (v)504727.55.901.06.2026 10:10:00Povečan promet,LJ (Črnuče) - Trzin (v),504,72,7.5,5.9,01.06.2026 10:10:00,Povečan promet
,LJ (Črnuče) - Trzin (p)600816.06.201.06.2026 10:10:00Povečan promet,LJ (Črnuče) - Trzin (p),600,81,6.0,6.2,01.06.2026 10:10:00,Povečan promet
,Trzin - LJ (Črnuče) (v)816693.910.801.06.2026 10:10:00Zgoščen promet,Trzin - LJ (Črnuče) (v),816,69,3.9,10.8,01.06.2026 10:10:00,Zgoščen promet
,Trzin - LJ (Črnuče) (p)552846.45.601.06.2026 10:10:00Povečan promet,Trzin - LJ (Črnuče) (p),552,84,6.4,5.6,01.06.2026 10:10:00,Povečan promet
G2-104,KomendaMoste - Spodnji Brnik312669.74.901.06.2026 10:10:00Normalen promet,Moste - Spodnji Brnik,312,66,9.7,4.9,01.06.2026 10:10:00,Normalen promet
,Spodnji Brnik - Moste3126811.14.101.06.2026 10:10:00Normalen promet,Spodnji Brnik - Moste,312,68,11.1,4.1,01.06.2026 10:10:00,Normalen promet
G2-104,MengesMengeš - Trzin444357.413.001.06.2026 10:10:00Povečan promet,Mengeš - Trzin,444,35,7.4,13.0,01.06.2026 10:10:00,Povečan promet
,Trzin - Mengeš396275.826.201.06.2026 10:10:00Gost promet z zastoji,Trzin - Mengeš,396,27,5.8,26.2,01.06.2026 10:10:00,Gost promet z zastoji
G2-105,Novo mesto (obvoznica)Bučna vas - Krka468497.09.401.06.2026 10:05:00Povečan promet,Bučna vas - Krka,468,49,7.0,9.4,01.06.2026 10:05:00,Povečan promet
,Krka - Bučna vas600575.09.301.06.2026 10:05:00Povečan promet,Krka - Bučna vas,600,57,5.0,9.3,01.06.2026 10:05:00,Povečan promet
G2-105,MP MetlikaMetlika - MP Metlika964143.41.701.06.2026 10:10:00Normalen promet,Metlika - MP Metlika,96,41,43.4,1.7,01.06.2026 10:10:00,Normalen promet
,MP Metlika - Metlika1443626.03.201.06.2026 10:10:00Normalen promet,MP Metlika - Metlika,144,36,26.0,3.2,01.06.2026 10:10:00,Normalen promet
G2-105,Novo mesto (Žabja vas)NM Krka - NM Revoz432527.97.701.06.2026 10:05:00Normalen promet,NM Krka - NM Revoz,432,52,7.9,7.7,01.06.2026 10:05:00,Normalen promet
,NM Revoz - NM Krka516636.27.501.06.2026 10:05:00Povečan promet,NM Revoz - NM Krka,516,63,6.2,7.5,01.06.2026 10:05:00,Povečan promet
G2-105,Novo Mesto (Ločna)Krka - Ločna864393.221.401.06.2026 10:10:00Zgoščen promet,Krka - Ločna,864,39,3.2,21.4,01.06.2026 10:10:00,Zgoščen promet
,Ločna - Krka828553.712.501.06.2026 10:10:00Zgoščen promet,Ločna - Krka,828,55,3.7,12.5,01.06.2026 10:10:00,Zgoščen promet
G2-105,GorjanciMetlika - Novo Mesto2524915.25.201.06.2026 10:10:00Normalen promet,Metlika - Novo Mesto,252,49,15.2,5.2,01.06.2026 10:10:00,Normalen promet
,Novo Mesto - Metlika2043917.23.101.06.2026 10:10:00Normalen promet,Novo Mesto - Metlika,204,39,17.2,3.1,01.06.2026 10:10:00,Normalen promet
G2-106,ŽelimljeRašica - Škofljica3007313.53.401.06.2026 10:05:00Normalen promet,Rašica - Škofljica,300,73,13.5,3.4,01.06.2026 10:05:00,Normalen promet
,Škofljica - Rašica2047015.02.701.06.2026 10:05:00Normalen promet,Škofljica - Rašica,204,70,15.0,2.7,01.06.2026 10:05:00,Normalen promet
G2-106,ŠtalcerjiFara - Livold3672100.10.301.06.2026 10:00:00Normalen promet,Fara - Livold,36,72,100.1,0.3,01.06.2026 10:00:00,Normalen promet
,Livold - Fara2438158.30.601.06.2026 10:00:00Normalen promet,Livold - Fara,24,38,158.3,0.6,01.06.2026 10:00:00,Normalen promet
G2-106,Škofljica 2Škofljica - Šmarje Sap2285214.24.201.06.2026 10:05:00Normalen promet,Škofljica - Šmarje Sap,228,52,14.2,4.2,01.06.2026 10:05:00,Normalen promet
,Šmarje Sap - Škofljica1685520.82.501.06.2026 10:05:00Normalen promet,Šmarje Sap - Škofljica,168,55,20.8,2.5,01.06.2026 10:05:00,Normalen promet
G2-106,ŽlebičRašica - Žlebič1805817.23.301.06.2026 10:10:00Normalen promet,Rašica - Žlebič,180,58,17.2,3.3,01.06.2026 10:10:00,Normalen promet
,Žlebič - Rašica2286219.03.901.06.2026 10:10:00Normalen promet,Žlebič - Rašica,228,62,19.0,3.9,01.06.2026 10:10:00,Normalen promet
G2-106,Stara CerkevKočevje - Ljubljana1685023.12.801.06.2026 10:10:00Normalen promet,Kočevje - Ljubljana,168,50,23.1,2.8,01.06.2026 10:10:00,Normalen promet
,Ljubljana - Kočevje2044720.84.101.06.2026 10:10:00Normalen promet,Ljubljana - Kočevje,204,47,20.8,4.1,01.06.2026 10:10:00,Normalen promet
G2-106,ŠkofljicaLJ (Rudnik) - Škofljica408617.96.201.06.2026 10:10:00Povečan promet,LJ (Rudnik) - Škofljica,408,61,7.9,6.2,01.06.2026 10:10:00,Povečan promet
,Škofljica - LJ (Rudnik)600615.68.601.06.2026 10:10:00Povečan promet,Škofljica - LJ (Rudnik),600,61,5.6,8.6,01.06.2026 10:10:00,Povečan promet
G2-106,Petrina 1Kočevje - MP844775.01.701.06.2026 10:10:00Normalen promet,Kočevje - MP,84,47,75.0,1.7,01.06.2026 10:10:00,Normalen promet
,MP - Kočevje963935.31.901.06.2026 10:10:00Normalen promet,MP - Kočevje,96,39,35.3,1.9,01.06.2026 10:10:00,Normalen promet
G2-106,KočevjeKočevje - Livold2404314.44.801.06.2026 10:10:00Normalen promet,Kočevje - Livold,240,43,14.4,4.8,01.06.2026 10:10:00,Normalen promet
,Livold - Kočevje1564519.12.801.06.2026 10:10:00Normalen promet,Livold - Kočevje,156,45,19.1,2.8,01.06.2026 10:10:00,Normalen promet
G2-106,Goriča vasKočevje - Ribnica2284814.13.901.06.2026 10:10:00Normalen promet,Kočevje - Ribnica,228,48,14.1,3.9,01.06.2026 10:10:00,Normalen promet
,Ribnica - Kočevje2645315.94.001.06.2026 10:10:00Normalen promet,Ribnica - Kočevje,264,53,15.9,4.0,01.06.2026 10:10:00,Normalen promet
G2-107,ŠentjurŠentjur - Štore2525714.14.601.06.2026 10:10:00Normalen promet,Šentjur - Štore,252,57,14.1,4.6,01.06.2026 10:10:00,Normalen promet
,Štore - Šentjur2165116.83.301.06.2026 10:10:00Normalen promet,Štore - Šentjur,216,51,16.8,3.3,01.06.2026 10:10:00,Normalen promet
G2-107,MestinjeMestinje - Šmarje pri Jelšah2765711.94.701.06.2026 10:10:00Normalen promet,Mestinje - Šmarje pri Jelšah,276,57,11.9,4.7,01.06.2026 10:10:00,Normalen promet
,Šmarje pri Jelšah - Mestinje3725610.95.801.06.2026 10:10:00Normalen promet,Šmarje pri Jelšah - Mestinje,372,56,10.9,5.8,01.06.2026 10:10:00,Normalen promet
G2-107,MP DobovecMP Dobovec - Rogatec725646.01.501.06.2026 10:10:00Normalen promet,MP Dobovec - Rogatec,72,56,46.0,1.5,01.06.2026 10:10:00,Normalen promet
,Rogatec - MP Dobovec366289.60.401.06.2026 10:10:00Normalen promet,Rogatec - MP Dobovec,36,62,89.6,0.4,01.06.2026 10:10:00,Normalen promet
G2-107,Celje (Teharje)Celje - Štore600564.89.601.06.2026 10:10:00Zgoščen promet,Celje - Štore,600,56,4.8,9.6,01.06.2026 10:10:00,Zgoščen promet
,Štore - Celje504586.87.501.06.2026 10:10:00Povečan promet,Štore - Celje,504,58,6.8,7.5,01.06.2026 10:10:00,Povečan promet
G2-107,StopčeŠentjur - Šmarje pri Jelšah288599.84.701.06.2026 10:10:00Normalen promet,Šentjur - Šmarje pri Jelšah,288,59,9.8,4.7,01.06.2026 10:10:00,Normalen promet
,Šmarje pri Jelšah - Šentjur3726212.05.401.06.2026 10:10:00Normalen promet,Šmarje pri Jelšah - Šentjur,372,62,12.0,5.4,01.06.2026 10:10:00,Normalen promet
G2-107,CerovecKotec - Tekačevo2045717.23.101.06.2026 10:10:00Normalen promet,Kotec - Tekačevo,204,57,17.2,3.1,01.06.2026 10:10:00,Normalen promet
,Tekačevo - Kotec1565626.52.501.06.2026 10:10:00Normalen promet,Tekačevo - Kotec,156,56,26.5,2.5,01.06.2026 10:10:00,Normalen promet
G2-108,DolDolsko - Šentjakob432728.15.001.06.2026 10:10:00Normalen promet,Dolsko - Šentjakob,432,72,8.1,5.0,01.06.2026 10:10:00,Normalen promet
,Šentjakob - Dolsko468698.35.501.06.2026 10:10:00Normalen promet,Šentjakob - Dolsko,468,69,8.3,5.5,01.06.2026 10:10:00,Normalen promet
G2-108,ŠentjakobČrnuče - Šentjakob2765012.34.601.06.2026 10:10:00Normalen promet,Črnuče - Šentjakob,276,50,12.3,4.6,01.06.2026 10:10:00,Normalen promet
,Šentjakob - Črnuče3245211.05.901.06.2026 10:10:00Normalen promet,Šentjakob - Črnuče,324,52,11.0,5.9,01.06.2026 10:10:00,Normalen promet
G2-108,SenožetiDolsko - Ribče1805115.43.701.06.2026 10:10:00Normalen promet,Dolsko - Ribče,180,51,15.4,3.7,01.06.2026 10:10:00,Normalen promet
,Ribče - Dolsko1805319.42.801.06.2026 10:10:00Normalen promet,Ribče - Dolsko,180,53,19.4,2.8,01.06.2026 10:10:00,Normalen promet
G2-108,Trbovlje 4Trbovlje - Zagorje2886413.34.101.06.2026 10:10:00Normalen promet,Trbovlje - Zagorje,288,64,13.3,4.1,01.06.2026 10:10:00,Normalen promet
,Zagorje - Trbovlje1686319.12.201.06.2026 10:10:00Normalen promet,Zagorje - Trbovlje,168,63,19.1,2.2,01.06.2026 10:10:00,Normalen promet
G2-108,HrastnikHrastnik - Trbovlje2405715.13.601.06.2026 10:10:00Normalen promet,Hrastnik - Trbovlje,240,57,15.1,3.6,01.06.2026 10:10:00,Normalen promet
,Trbovlje - Hrastnik844246.92.401.06.2026 10:10:00Normalen promet,Trbovlje - Hrastnik,84,42,46.9,2.4,01.06.2026 10:10:00,Normalen promet
G2-108,SuhadolHrastnik - Zidani Most362928.51.001.06.2026 10:05:00Normalen promet,Hrastnik - Zidani Most,36,29,28.5,1.0,01.06.2026 10:05:00,Normalen promet
,Zidani Most - Hrastnik486550.00.501.06.2026 10:05:00Normalen promet,Zidani Most - Hrastnik,48,65,50.0,0.5,01.06.2026 10:05:00,Normalen promet
G2-108,RenkeLitija - Zagorje847551.60.901.06.2026 10:05:00Normalen promet,Litija - Zagorje,84,75,51.6,0.9,01.06.2026 10:05:00,Normalen promet
,Zagorje - Litija1566721.01.901.06.2026 10:05:00Normalen promet,Zagorje - Litija,156,67,21.0,1.9,01.06.2026 10:05:00,Normalen promet
G2-108,Zgornji LogLitija - Ribče2287416.72.701.06.2026 10:10:00Normalen promet,Litija - Ribče,228,74,16.7,2.7,01.06.2026 10:10:00,Normalen promet
,Ribče - Litija2766112.54.201.06.2026 10:10:00Normalen promet,Ribče - Litija,276,61,12.5,4.2,01.06.2026 10:10:00,Normalen promet
G2-109,MT Dolga vasDolga vas - MT Dolga vas963234.23.801.06.2026 10:10:00Normalen promet,Dolga vas - MT Dolga vas,96,32,34.2,3.8,01.06.2026 10:10:00,Normalen promet
,MT Dolga vas - Dolga vas1443226.46.601.06.2026 10:10:00Normalen promet,MT Dolga vas - Dolga vas,144,32,26.4,6.6,01.06.2026 10:10:00,Normalen promet
G2-109,MP PetišovciMP Petišovci - Petišovci1567732.01.801.06.2026 10:10:00Normalen promet,MP Petišovci - Petišovci,156,77,32.0,1.8,01.06.2026 10:10:00,Normalen promet
,Petišovci - MP Petišovci1206629.91.601.06.2026 10:10:00Normalen promet,Petišovci - MP Petišovci,120,66,29.9,1.6,01.06.2026 10:10:00,Normalen promet
G2-111,SečaLucija - Sečovlje2885112.64.201.06.2026 10:10:00Normalen promet,Lucija - Sečovlje,288,51,12.6,4.2,01.06.2026 10:10:00,Normalen promet
,Sečovlje - Lucija528556.67.401.06.2026 10:10:00Povečan promet,Sečovlje - Lucija,528,55,6.6,7.4,01.06.2026 10:10:00,Povečan promet
G2-111,Obvoznica IzolaBelveder - Izola984593.013.401.06.2026 10:10:00Povečan promet,Belveder - Izola,984,59,3.0,13.4,01.06.2026 10:10:00,Povečan promet
,Izola - Belveder696654.78.801.06.2026 10:10:00Povečan promet,Izola - Belveder,696,65,4.7,8.8,01.06.2026 10:10:00,Povečan promet
G2-111,MP SečovljeMP Sečovlje - Sečovlje2043916.44.301.06.2026 10:10:00Normalen promet,MP Sečovlje - Sečovlje,204,39,16.4,4.3,01.06.2026 10:10:00,Normalen promet
,Sečovlje - MP Sečovlje2644011.15.401.06.2026 10:10:00Normalen promet,Sečovlje - MP Sečovlje,264,40,11.1,5.4,01.06.2026 10:10:00,Normalen promet
G2-112,PrevaljePoljana - Prevalje2884611.66.001.06.2026 10:10:00Normalen promet,Poljana - Prevalje,288,46,11.6,6.0,01.06.2026 10:10:00,Normalen promet
,Prevalje - Poljana468426.810.001.06.2026 10:10:00Povečan promet,Prevalje - Poljana,468,42,6.8,10.0,01.06.2026 10:10:00,Povečan promet
G2-112,MT HolmecHolmec - Poljana485585.20.601.06.2026 10:10:00Normalen promet,Holmec - Poljana,48,55,85.2,0.6,01.06.2026 10:10:00,Normalen promet
,Poljana - Holmec965169.01.501.06.2026 10:10:00Normalen promet,Poljana - Holmec,96,51,69.0,1.5,01.06.2026 10:10:00,Normalen promet
G2-112,Dobja vasPrevalje - Ravne408417.710.001.06.2026 10:10:00Normalen promet,Prevalje - Ravne,408,41,7.7,10.0,01.06.2026 10:10:00,Normalen promet
,Ravne - Prevalje720444.413.701.06.2026 10:10:00Povečan promet,Ravne - Prevalje,720,44,4.4,13.7,01.06.2026 10:10:00,Povečan promet
G2-114,Ankaranska vpadnicaBertoki - Luka Koper (v)3487110.14.001.06.2026 10:10:00Povečan promet,Bertoki - Luka Koper (v),348,71,10.1,4.0,01.06.2026 10:10:00,Povečan promet
,Bertoki - Luka Koper (p)1088637.80.901.06.2026 10:10:00Normalen promet,Bertoki - Luka Koper (p),108,86,37.8,0.9,01.06.2026 10:10:00,Normalen promet
,Luka Koper - Bertoki (v)408728.45.001.06.2026 10:05:00Povečan promet,Luka Koper - Bertoki (v),408,72,8.4,5.0,01.06.2026 10:05:00,Povečan promet
,Luka Koper - Bertoki (p)369497.50.301.06.2026 10:05:00Normalen promet,Luka Koper - Bertoki (p),36,94,97.5,0.3,01.06.2026 10:05:00,Normalen promet
R1-201,Gozd MartuljekDovje - Gozd Martuljek2284914.63.501.06.2026 10:10:00Normalen promet,Dovje - Gozd Martuljek,228,49,14.6,3.5,01.06.2026 10:10:00,Normalen promet
,Gozd Martuljek - Dovje1804618.83.501.06.2026 10:10:00Normalen promet,Gozd Martuljek - Dovje,180,46,18.8,3.5,01.06.2026 10:10:00,Normalen promet
R1-201,MT Korensko sedloMT Korensko sedlo - Podkoren605631.20.601.06.2026 10:10:00Normalen promet,MT Korensko sedlo - Podkoren,60,56,31.2,0.6,01.06.2026 10:10:00,Normalen promet
,Podkoren - MT Korensko sedlo365397.00.501.06.2026 10:10:00Normalen promet,Podkoren - MT Korensko sedlo,36,53,97.0,0.5,01.06.2026 10:10:00,Normalen promet
R1-201,DovjeDovje - Mojstrana (Kraje)1806115.62.401.06.2026 10:05:00Normalen promet,Dovje - Mojstrana (Kraje),180,61,15.6,2.4,01.06.2026 10:05:00,Normalen promet
,Mojstrana (Kraje) - Dovje2405311.83.801.06.2026 10:05:00Normalen promet,Mojstrana (Kraje) - Dovje,240,53,11.8,3.8,01.06.2026 10:05:00,Normalen promet
R1-201,Kranjska GoraGozd Martuljek - Kranjska Gora2405312.53.501.06.2026 10:10:00Normalen promet,Gozd Martuljek - Kranjska Gora,240,53,12.5,3.5,01.06.2026 10:10:00,Normalen promet
,Kranjska Gora - Gozd Martuljek2645413.13.901.06.2026 10:10:00Normalen promet,Kranjska Gora - Gozd Martuljek,264,54,13.1,3.9,01.06.2026 10:10:00,Normalen promet
R1-201,HrušicaHrušica - Kraje2646713.73.301.06.2026 10:10:00Normalen promet,Hrušica - Kraje,264,67,13.7,3.3,01.06.2026 10:10:00,Normalen promet
,Kraje - Hrušica1805613.82.701.06.2026 10:10:00Normalen promet,Kraje - Hrušica,180,56,13.8,2.7,01.06.2026 10:10:00,Normalen promet
R1-202,MT RatečeJesenice - MT Rateče2045617.92.901.06.2026 10:10:00Normalen promet,Jesenice - MT Rateče,204,56,17.9,2.9,01.06.2026 10:10:00,Normalen promet
,MT Rateče - Jesenice485561.20.601.06.2026 10:10:00Normalen promet,MT Rateče - Jesenice,48,55,61.2,0.6,01.06.2026 10:10:00,Normalen promet
R1-203,BovecBovec (po obvoznici) - Žaga1564621.52.801.06.2026 10:10:00Normalen promet,Bovec (po obvoznici) - Žaga,156,46,21.5,2.8,01.06.2026 10:10:00,Normalen promet
,Žaga - Bovec (po obvoznici)844744.71.501.06.2026 10:10:00Normalen promet,Žaga - Bovec (po obvoznici),84,47,44.7,1.5,01.06.2026 10:10:00,Normalen promet
R1-203,MT PredelBovec - MT Predel604938.10.801.06.2026 10:10:00Normalen promet,Bovec - MT Predel,60,49,38.1,0.8,01.06.2026 10:10:00,Normalen promet
,MT Predel - Bovec00999.90.001.06.2026 10:10:00Ni prometa,MT Predel - Bovec,0,0,999.9,0.0,01.06.2026 10:10:00,Ni prometa
R1-203,SrpenicaBovec - Kobarid1924719.93.501.06.2026 10:05:00Normalen promet,Bovec - Kobarid,192,47,19.9,3.5,01.06.2026 10:05:00,Normalen promet
,Kobarid - Bovec1804628.42.801.06.2026 10:05:00Normalen promet,Kobarid - Bovec,180,46,28.4,2.8,01.06.2026 10:05:00,Normalen promet
R1-204,PrvačinaDornberk - Volčja Draga1685321.93.101.06.2026 10:10:00Normalen promet,Dornberk - Volčja Draga,168,53,21.9,3.1,01.06.2026 10:10:00,Normalen promet
,Volčja Draga - Dornberk1925618.23.301.06.2026 10:10:00Normalen promet,Volčja Draga - Dornberk,192,56,18.2,3.3,01.06.2026 10:10:00,Normalen promet
R1-204,BranikDornberk - Štanjel726052.11.001.06.2026 10:10:00Normalen promet,Dornberk - Štanjel,72,60,52.1,1.0,01.06.2026 10:10:00,Normalen promet
,Štanjel - Dornberk725057.61.201.06.2026 10:10:00Normalen promet,Štanjel - Dornberk,72,50,57.6,1.2,01.06.2026 10:10:00,Normalen promet
R1-204,TomajDutovlje - Sežana725736.81.001.06.2026 10:10:00Normalen promet,Dutovlje - Sežana,72,57,36.8,1.0,01.06.2026 10:10:00,Normalen promet
,Sežana - Dutovlje845644.41.401.06.2026 10:10:00Normalen promet,Sežana - Dutovlje,84,56,44.4,1.4,01.06.2026 10:10:00,Normalen promet
R1-205,MT LipicaDivača - MT Lipica725745.70.901.06.2026 10:10:00Normalen promet,Divača - MT Lipica,72,57,45.7,0.9,01.06.2026 10:10:00,Normalen promet
,MP Lipica - Divača845744.81.101.06.2026 10:10:00Normalen promet,MP Lipica - Divača,84,57,44.8,1.1,01.06.2026 10:10:00,Normalen promet
R1-206,KoritnicaBovec - Vršič604264.31.101.06.2026 10:10:00Normalen promet,Bovec - Vršič,60,42,64.3,1.1,01.06.2026 10:10:00,Normalen promet
,Vršič - Bovec845042.31.301.06.2026 10:10:00Normalen promet,Vršič - Bovec,84,50,42.3,1.3,01.06.2026 10:10:00,Normalen promet
R1-206,ErikaKranjska Gora - Vršič1324326.22.301.06.2026 10:10:00Normalen promet,Kranjska Gora - Vršič,132,43,26.2,2.3,01.06.2026 10:10:00,Normalen promet
,Vršič - Kranjska Gora604586.71.101.06.2026 10:10:00Normalen promet,Vršič - Kranjska Gora,60,45,86.7,1.1,01.06.2026 10:10:00,Normalen promet
R1-207,GodovičCol - Godovic846140.91.501.06.2026 10:10:00Normalen promet,Col - Godovic,84,61,40.9,1.5,01.06.2026 10:10:00,Normalen promet
,Godovič - Col2470108.80.201.06.2026 10:10:00Normalen promet,Godovič - Col,24,70,108.8,0.2,01.06.2026 10:10:00,Normalen promet
R1-207,BudanjeAjdovščina - Col966237.41.101.06.2026 10:05:00Normalen promet,Ajdovščina - Col,96,62,37.4,1.1,01.06.2026 10:05:00,Normalen promet
,Col - Ajdovščina1085532.12.101.06.2026 10:05:00Normalen promet,Col - Ajdovščina,108,55,32.1,2.1,01.06.2026 10:05:00,Normalen promet
R1-208,KubedGračišče - Kortine607450.20.601.06.2026 10:10:00Normalen promet,Gračišče - Kortine,60,74,50.2,0.6,01.06.2026 10:10:00,Normalen promet
,Kortine - Gračišče606468.70.701.06.2026 10:10:00Normalen promet,Kortine - Gračišče,60,64,68.7,0.7,01.06.2026 10:10:00,Normalen promet
R1-208,MP SočergaMP Sočerga - Sočerga4844118.80.801.06.2026 10:10:00Normalen promet,MP Sočerga - Sočerga,48,44,118.8,0.8,01.06.2026 10:10:00,Normalen promet
,Sočerga - MP Sočerga3652127.90.501.06.2026 10:10:00Normalen promet,Sočerga - MP Sočerga,36,52,127.9,0.5,01.06.2026 10:10:00,Normalen promet
R1-208,Črni KalČrni Kal - Kortine1925721.53.101.06.2026 10:10:00Normalen promet,Črni Kal - Kortine,192,57,21.5,3.1,01.06.2026 10:10:00,Normalen promet
,Kortine - Črni Kal1566322.52.301.06.2026 10:10:00Normalen promet,Kortine - Črni Kal,156,63,22.5,2.3,01.06.2026 10:10:00,Normalen promet
R1-209,BledBled - Lesce708504.212.001.06.2026 10:05:00Povečan promet,Bled - Lesce,708,50,4.2,12.0,01.06.2026 10:05:00,Povečan promet
,Lesce - Bled756484.412.801.06.2026 10:05:00Zgoščen promet,Lesce - Bled,756,48,4.4,12.8,01.06.2026 10:05:00,Zgoščen promet
R1-209,Ribčev LazBled - Bohinj1324832.82.101.06.2026 10:10:00Normalen promet,Bled - Bohinj,132,48,32.8,2.1,01.06.2026 10:10:00,Normalen promet
,Bohinj - Bled2044316.83.401.06.2026 10:10:00Normalen promet,Bohinj - Bled,204,43,16.8,3.4,01.06.2026 10:10:00,Normalen promet
R1-209,NomenjBitnje - Soteska1926318.02.801.06.2026 10:05:00Normalen promet,Bitnje - Soteska,192,63,18.0,2.8,01.06.2026 10:05:00,Normalen promet
,Soteska - Bitnje1925217.33.301.06.2026 10:05:00Normalen promet,Soteska - Bitnje,192,52,17.3,3.3,01.06.2026 10:05:00,Normalen promet
R1-210,CerknoCerkno - Želin1445425.22.401.06.2026 10:10:00Normalen promet,Cerkno - Želin,144,54,25.2,2.4,01.06.2026 10:10:00,Normalen promet
,Želin - Cerkno2045620.83.001.06.2026 10:10:00Normalen promet,Želin - Cerkno,204,56,20.8,3.0,01.06.2026 10:10:00,Normalen promet
R1-210,GodešičJeprca - Škofja Loka600475.412.001.06.2026 10:10:00Povečan promet,Jeprca - Škofja Loka,600,47,5.4,12.0,01.06.2026 10:10:00,Povečan promet
,Škofja Loka - Jeprca396498.07.901.06.2026 10:10:00Povečan promet,Škofja Loka - Jeprca,396,49,8.0,7.9,01.06.2026 10:10:00,Povečan promet
R1-210,DorfarjeKranj - Škofja loka1565322.42.801.06.2026 10:10:00Normalen promet,Kranj - Škofja loka,156,53,22.4,2.8,01.06.2026 10:10:00,Normalen promet
,Škofja loka - Kranj432538.26.701.06.2026 10:10:00Normalen promet,Škofja loka - Kranj,432,53,8.2,6.7,01.06.2026 10:10:00,Normalen promet
R1-210,LogGorenja vas - Škofja Loka1805321.02.801.06.2026 10:05:00Normalen promet,Gorenja vas - Škofja Loka,180,53,21.0,2.8,01.06.2026 10:05:00,Normalen promet
,Škofja Loka - Gorenja vas2165415.54.001.06.2026 10:05:00Normalen promet,Škofja Loka - Gorenja vas,216,54,15.5,4.0,01.06.2026 10:05:00,Normalen promet
R1-210,KokraJezersko - Kranj846350.41.001.06.2026 10:10:00Normalen promet,Jezersko - Kranj,84,63,50.4,1.0,01.06.2026 10:10:00,Normalen promet
,Kranj - Jezersko365663.01.001.06.2026 10:10:00Normalen promet,Kranj - Jezersko,36,56,63.0,1.0,01.06.2026 10:10:00,Normalen promet
R1-210,Kranj (Primskovo 2)Labore - Primskovo864513.514.701.06.2026 10:10:00Gost promet,Labore - Primskovo,864,51,3.5,14.7,01.06.2026 10:10:00,Gost promet
,Primskovo - Labore672574.610.301.06.2026 10:10:00Zgoščen promet,Primskovo - Labore,672,57,4.6,10.3,01.06.2026 10:10:00,Zgoščen promet
R1-210,VisokoKranj - Preddvor3651143.60.601.06.2026 10:10:00Normalen promet,Kranj - Preddvor,36,51,143.6,0.6,01.06.2026 10:10:00,Normalen promet
,Preddvor - Kranj2434159.20.601.06.2026 10:10:00Normalen promet,Preddvor - Kranj,24,34,159.2,0.6,01.06.2026 10:10:00,Normalen promet
R1-210,HotavljeGorenja vas - Trebija725544.01.001.06.2026 10:10:00Normalen promet,Gorenja vas - Trebija,72,55,44.0,1.0,01.06.2026 10:10:00,Normalen promet
,Trebija - Gorenja vas1805026.83.101.06.2026 10:10:00Normalen promet,Trebija - Gorenja vas,180,50,26.8,3.1,01.06.2026 10:10:00,Normalen promet
R1-210,TrebijaCerkno - Trebija487157.20.501.06.2026 10:10:00Normalen promet,Cerkno - Trebija,48,71,57.2,0.5,01.06.2026 10:10:00,Normalen promet
,Trebija - Cerkno1271142.20.101.06.2026 10:10:00Normalen promet,Trebija - Cerkno,12,71,142.2,0.1,01.06.2026 10:10:00,Normalen promet
R1-210,MT JezerskoAvstrija - Kokra1236495.70.201.06.2026 10:05:00Normalen promet,Avstrija - Kokra,12,36,495.7,0.2,01.06.2026 10:05:00,Normalen promet
,Kokra - Avstrija1239999.90.201.06.2026 10:05:00Normalen promet,Kokra - Avstrija,12,39,999.9,0.2,01.06.2026 10:05:00,Normalen promet
R1-210,Škofja Loka (obvoznica)Suha - Zminec3005012.55.601.06.2026 10:10:00Normalen promet,Suha - Zminec,300,50,12.5,5.6,01.06.2026 10:10:00,Normalen promet
,Zminec - Suha2764812.55.001.06.2026 10:10:00Normalen promet,Zminec - Suha,276,48,12.5,5.0,01.06.2026 10:10:00,Normalen promet
R1-210,Podjelovo brdoCerkno - Sovodenj485863.30.701.06.2026 10:05:00Normalen promet,Cerkno - Sovodenj,48,58,63.3,0.7,01.06.2026 10:05:00,Normalen promet
,Sovodenj - Cerkno2458177.80.301.06.2026 10:05:00Normalen promet,Sovodenj - Cerkno,24,58,177.8,0.3,01.06.2026 10:05:00,Normalen promet
R1-211,MedvodeJeprca - Medvode624495.010.601.06.2026 10:10:00Povečan promet,Jeprca - Medvode,624,49,5.0,10.6,01.06.2026 10:10:00,Povečan promet
,Medvode - Jeprca540495.910.501.06.2026 10:10:00Povečan promet,Medvode - Jeprca,540,49,5.9,10.5,01.06.2026 10:10:00,Povečan promet
R1-211,Meja pri KranjuJeprca - Kranj (Labore)396668.45.201.06.2026 10:05:00Povečan promet,Jeprca - Kranj (Labore),396,66,8.4,5.2,01.06.2026 10:05:00,Povečan promet
,Kranj (Labore) - Jeprca2167416.32.301.06.2026 10:05:00Normalen promet,Kranj (Labore) - Jeprca,216,74,16.3,2.3,01.06.2026 10:05:00,Normalen promet
R1-211,MednoMedvode - Stanežiče00999.90.001.06.2026 10:10:00Ni podatka,Medvode - Stanežiče,0,0,999.9,0.0,01.06.2026 10:10:00,Ni podatka
,Stanežiče - Medvode00999.90.001.06.2026 10:10:00Ni podatka,Stanežiče - Medvode,0,0,999.9,0.0,01.06.2026 10:10:00,Ni podatka
R1-212,RakekCerknica - Rakek2765312.15.401.06.2026 10:10:00Normalen promet,Cerknica - Rakek,276,53,12.1,5.4,01.06.2026 10:10:00,Normalen promet
,Rakek - Cerknica396478.77.101.06.2026 10:10:00Normalen promet,Rakek - Cerknica,396,47,8.7,7.1,01.06.2026 10:10:00,Normalen promet
R1-212,GrahovoBloke - Cerknica2285214.73.601.06.2026 10:10:00Normalen promet,Bloke - Cerknica,228,52,14.7,3.6,01.06.2026 10:10:00,Normalen promet
,Cerknica - Bloke1684423.43.901.06.2026 10:10:00Normalen promet,Cerknica - Bloke,168,44,23.4,3.9,01.06.2026 10:10:00,Normalen promet
R1-212,ZamostecNova vas - Žlebič844927.92.001.06.2026 10:10:00Normalen promet,Nova vas - Žlebič,84,49,27.9,2.0,01.06.2026 10:10:00,Normalen promet
,Žlebič - Nova vas1204737.12.201.06.2026 10:10:00Normalen promet,Žlebič - Nova vas,120,47,37.1,2.2,01.06.2026 10:10:00,Normalen promet
R1-212,Rakek 2Rakek - Unec3366110.35.101.06.2026 10:05:00Normalen promet,Rakek - Unec,336,61,10.3,5.1,01.06.2026 10:05:00,Normalen promet
,Unec - Rakek2285315.13.701.06.2026 10:05:00Normalen promet,Unec - Rakek,228,53,15.1,3.7,01.06.2026 10:05:00,Normalen promet
R1-213,MP Babno PoljeBabno polje - Stari Trg00999.90.001.06.2026 10:10:00Ni prometa,Babno polje - Stari Trg,0,0,999.9,0.0,01.06.2026 10:10:00,Ni prometa
,Stari Trg - Babno polje365770.90.501.06.2026 10:10:00Normalen promet,Stari Trg - Babno polje,36,57,70.9,0.5,01.06.2026 10:10:00,Normalen promet
R1-214,SmukaDvor - Kočevje604760.61.201.06.2026 10:05:00Normalen promet,Dvor - Kočevje,60,47,60.6,1.2,01.06.2026 10:05:00,Normalen promet
,Kočevje - Dvor6050107.11.301.06.2026 10:05:00Normalen promet,Kočevje - Dvor,60,50,107.1,1.3,01.06.2026 10:05:00,Normalen promet
R1-215,BistricaMirna - Mokronog965240.51.801.06.2026 10:10:00Normalen promet,Mirna - Mokronog,96,52,40.5,1.8,01.06.2026 10:10:00,Normalen promet
,Mokronog - Mirna2645417.74.401.06.2026 10:10:00Normalen promet,Mokronog - Mirna,264,54,17.7,4.4,01.06.2026 10:10:00,Normalen promet
R1-215,JelovecBoštanj - Mokronog725345.91.301.06.2026 10:05:00Normalen promet,Boštanj - Mokronog,72,53,45.9,1.3,01.06.2026 10:05:00,Normalen promet
,Mokronog- Boštanj1684719.94.001.06.2026 10:05:00Normalen promet,Mokronog- Boštanj,168,47,19.9,4.0,01.06.2026 10:05:00,Normalen promet
R1-215,Dol pri TrebnjemMirna - Trebnje3126610.14.001.06.2026 10:10:00Normalen promet,Mirna - Trebnje,312,66,10.1,4.0,01.06.2026 10:10:00,Normalen promet
,Trebnje - Mirna2886412.04.301.06.2026 10:10:00Normalen promet,Trebnje - Mirna,288,64,12.0,4.3,01.06.2026 10:10:00,Normalen promet
R1-215,GrmGrm - Trebnje1685319.22.801.06.2026 10:10:00Normalen promet,Grm - Trebnje,168,53,19.2,2.8,01.06.2026 10:10:00,Normalen promet
,Trebnje - Grm2885510.44.501.06.2026 10:10:00Normalen promet,Trebnje - Grm,288,55,10.4,4.5,01.06.2026 10:10:00,Normalen promet
R1-216,DvorDvor - Soteska2047914.02.401.06.2026 10:10:00Normalen promet,Dvor - Soteska,204,79,14.0,2.4,01.06.2026 10:10:00,Normalen promet
,Soteska - Dvor2526514.63.401.06.2026 10:10:00Normalen promet,Soteska - Dvor,252,65,14.6,3.4,01.06.2026 10:10:00,Normalen promet
R1-216,ZagradecKrka - Žužemberk1563922.33.901.06.2026 10:10:00Normalen promet,Krka - Žužemberk,156,39,22.3,3.9,01.06.2026 10:10:00,Normalen promet
,Žužemberk- Krka1684420.43.201.06.2026 10:10:00Normalen promet,Žužemberk- Krka,168,44,20.4,3.2,01.06.2026 10:10:00,Normalen promet
R1-216,Mačkovec pri DvoruDvor - Žužemberk965035.12.201.06.2026 10:10:00Normalen promet,Dvor - Žužemberk,96,50,35.1,2.2,01.06.2026 10:10:00,Normalen promet
,Žužemberk - Dvor1684519.73.001.06.2026 10:10:00Normalen promet,Žužemberk - Dvor,168,45,19.7,3.0,01.06.2026 10:10:00,Normalen promet
R1-216,PodturnČrmošnjice - Soteska1565020.42.901.06.2026 10:15:00Normalen promet,Črmošnjice - Soteska,156,50,20.4,2.9,01.06.2026 10:15:00,Normalen promet
,Soteska - Črmošnjice1805323.83.601.06.2026 10:15:00Normalen promet,Soteska - Črmošnjice,180,53,23.8,3.6,01.06.2026 10:15:00,Normalen promet
R1-216,LokveČrnomelj - Ručetna vas2764812.05.301.06.2026 10:10:00Normalen promet,Črnomelj - Ručetna vas,276,48,12.0,5.3,01.06.2026 10:10:00,Normalen promet
,Ručetna vas - Črnomelj360498.96.201.06.2026 10:10:00Povečan promet,Ručetna vas - Črnomelj,360,49,8.9,6.2,01.06.2026 10:10:00,Povečan promet
R1-216,Mrzlo PoljeIvančna Gorica - Krka2044816.03.701.06.2026 10:05:00Normalen promet,Ivančna Gorica - Krka,204,48,16.0,3.7,01.06.2026 10:05:00,Normalen promet
,Krka - Ivančna Gorica2764812.24.801.06.2026 10:05:00Normalen promet,Krka - Ivančna Gorica,276,48,12.2,4.8,01.06.2026 10:05:00,Normalen promet
R1-216,ČrmošnjiceČrmošnjice - Črnomelj1207026.61.501.06.2026 10:10:00Normalen promet,Črmošnjice - Črnomelj,120,70,26.6,1.5,01.06.2026 10:10:00,Normalen promet
,Črnomelj - Črmošnjice967232.21.301.06.2026 10:10:00Normalen promet,Črnomelj - Črmošnjice,96,72,32.2,1.3,01.06.2026 10:10:00,Normalen promet
R1-217,BlatnikDobliče - Kanižarica485589.50.801.06.2026 10:05:00Normalen promet,Dobliče - Kanižarica,48,55,89.5,0.8,01.06.2026 10:05:00,Normalen promet
,Kanižarica - Dobliče1326533.51.401.06.2026 10:05:00Normalen promet,Kanižarica - Dobliče,132,65,33.5,1.4,01.06.2026 10:05:00,Normalen promet
R1-217,RajndolČrnomelj - Kočevje00999.90.001.06.2026 10:05:00Ni prometa,Črnomelj - Kočevje,0,0,999.9,0.0,01.06.2026 10:05:00,Ni prometa
,Kočevje - Črnomelj00999.90.001.06.2026 10:05:00Ni prometa,Kočevje - Črnomelj,0,0,999.9,0.0,01.06.2026 10:05:00,Ni prometa
R1-218,PodzemeljČrnomelj - Podzemelj1085232.11.801.06.2026 10:10:00Normalen promet,Črnomelj - Podzemelj,108,52,32.1,1.8,01.06.2026 10:10:00,Normalen promet
,Podzemelj - Črnomelj1445125.52.301.06.2026 10:10:00Normalen promet,Podzemelj - Črnomelj,144,51,25.5,2.3,01.06.2026 10:10:00,Normalen promet
R1-218,DragatušKanižarica - Vinica965044.51.601.06.2026 10:05:00Normalen promet,Kanižarica - Vinica,96,50,44.5,1.6,01.06.2026 10:05:00,Normalen promet
,Vinica - Kanižarica1205029.02.101.06.2026 10:05:00Normalen promet,Vinica - Kanižarica,120,50,29.0,2.1,01.06.2026 10:05:00,Normalen promet
R1-218,KanižaricaČrnomelj - Kanižarica480467.48.701.06.2026 10:10:00Povečan promet,Črnomelj - Kanižarica,480,46,7.4,8.7,01.06.2026 10:10:00,Povečan promet
,Kanižarica - Črnomelj468466.99.101.06.2026 10:10:00Povečan promet,Kanižarica - Črnomelj,468,46,6.9,9.1,01.06.2026 10:10:00,Povečan promet
R1-218,GrmMetlika - Podzemelj1565420.62.201.06.2026 10:05:00Normalen promet,Metlika - Podzemelj,156,54,20.6,2.2,01.06.2026 10:05:00,Normalen promet
,Podzemelj - Metlika1206232.11.301.06.2026 10:05:00Normalen promet,Podzemelj - Metlika,120,62,32.1,1.3,01.06.2026 10:05:00,Normalen promet
R1-219,Zgornja BrežnicaPoljčane - Sl. Bistrica2046714.43.001.06.2026 10:00:00Normalen promet,Poljčane - Sl. Bistrica,204,67,14.4,3.0,01.06.2026 10:00:00,Normalen promet
,Sl. Bistrica - Poljčane1805718.72.901.06.2026 10:00:00Normalen promet,Sl. Bistrica - Poljčane,180,57,18.7,2.9,01.06.2026 10:00:00,Normalen promet
R1-219,PodčetrtekGolobinjek - Mestinje1925517.63.001.06.2026 10:10:00Normalen promet,Golobinjek - Mestinje,192,55,17.6,3.0,01.06.2026 10:10:00,Normalen promet
,Mestinje - Golobinjek1445620.72.701.06.2026 10:10:00Normalen promet,Mestinje - Golobinjek,144,56,20.7,2.7,01.06.2026 10:10:00,Normalen promet
R1-219,BukošekBizeljsko - Brežice1325927.01.701.06.2026 10:10:00Normalen promet,Bizeljsko - Brežice,132,59,27.0,1.7,01.06.2026 10:10:00,Normalen promet
,Brežice - Bizeljsko1206231.51.601.06.2026 10:10:00Normalen promet,Brežice - Bizeljsko,120,62,31.5,1.6,01.06.2026 10:10:00,Normalen promet
R1-219,BrežiceBrežice - Čatež456487.38.601.06.2026 10:10:00Povečan promet,Brežice - Čatež,456,48,7.3,8.6,01.06.2026 10:10:00,Povečan promet
,Čatež - Brežice456477.28.501.06.2026 10:10:00Povečan promet,Čatež - Brežice,456,47,7.2,8.5,01.06.2026 10:10:00,Povečan promet
R1-219,BizeljskoBistrica - Bizeljsko725145.61.101.06.2026 10:10:00Normalen promet,Bistrica - Bizeljsko,72,51,45.6,1.1,01.06.2026 10:10:00,Normalen promet
,Bizeljsko - Bistrica965037.61.601.06.2026 10:10:00Normalen promet,Bizeljsko - Bistrica,96,50,37.6,1.6,01.06.2026 10:10:00,Normalen promet
R1-220,Dolenja vasKrško - Spodnja Pohanca2765112.44.601.06.2026 10:10:00Normalen promet,Krško - Spodnja Pohanca,276,51,12.4,4.6,01.06.2026 10:10:00,Normalen promet
,Spodnja Pohanca - Krško2286415.03.301.06.2026 10:10:00Normalen promet,Spodnja Pohanca - Krško,228,64,15.0,3.3,01.06.2026 10:10:00,Normalen promet
R1-220,Spodnja PohancaBrežice - Krško3484616.07.301.06.2026 10:10:00Normalen promet,Brežice - Krško,348,46,16.0,7.3,01.06.2026 10:10:00,Normalen promet
,Krško - Brežice1564725.02.601.06.2026 10:10:00Normalen promet,Krško - Brežice,156,47,25.0,2.6,01.06.2026 10:10:00,Normalen promet
R1-221,KisovecIzlake - Zagorje2764912.14.501.06.2026 10:10:00Normalen promet,Izlake - Zagorje,276,49,12.1,4.5,01.06.2026 10:10:00,Normalen promet
,Zagorje - Izlake3245610.64.801.06.2026 10:10:00Normalen promet,Zagorje - Izlake,324,56,10.6,4.8,01.06.2026 10:10:00,Normalen promet
R1-221,BevškoBevško - Zagorje1205232.81.801.06.2026 10:05:00Normalen promet,Bevško - Zagorje,120,52,32.8,1.8,01.06.2026 10:05:00,Normalen promet
,Zagorje - Bevško1565323.12.301.06.2026 10:05:00Normalen promet,Zagorje - Bevško,156,53,23.1,2.3,01.06.2026 10:05:00,Normalen promet
R1-221,MarnoHrastnik - Šmarjeta1325230.22.101.06.2026 10:10:00Normalen promet,Hrastnik - Šmarjeta,132,52,30.2,2.1,01.06.2026 10:10:00,Normalen promet
,Šmarjeta - Hrastnik1325220.22.101.06.2026 10:10:00Normalen promet,Šmarjeta - Hrastnik,132,52,20.2,2.1,01.06.2026 10:10:00,Normalen promet
R1-221,TrbovljeBevško - Trbovlje384507.86.201.06.2026 10:10:00Normalen promet,Bevško - Trbovlje,384,50,7.8,6.2,01.06.2026 10:10:00,Normalen promet
,Trbovlje - Bevško468486.98.101.06.2026 10:10:00Povečan promet,Trbovlje - Bevško,468,48,6.9,8.1,01.06.2026 10:10:00,Povečan promet
R1-222,Zagorje mostmost čez Savo - Zagorje2284314.34.901.06.2026 10:10:00Normalen promet,most čez Savo - Zagorje,228,43,14.3,4.9,01.06.2026 10:10:00,Normalen promet
,Zagorje - most čez Savo2043316.68.901.06.2026 10:10:00Povečan promet,Zagorje - most čez Savo,204,33,16.6,8.9,01.06.2026 10:10:00,Povečan promet
R1-223,Trbovlje 2Bevško - most čez Savo3124910.95.201.06.2026 10:10:00Normalen promet,Bevško - most čez Savo,312,49,10.9,5.2,01.06.2026 10:10:00,Normalen promet
,most čez Savo - Bevško2644712.34.601.06.2026 10:10:00Normalen promet,most čez Savo - Bevško,264,47,12.3,4.6,01.06.2026 10:10:00,Normalen promet
R1-224,Hrastnik 2Hrastnik - most čez Savo1804817.63.401.06.2026 10:10:00Normalen promet,Hrastnik - most čez Savo,180,48,17.6,3.4,01.06.2026 10:10:00,Normalen promet
,most čez Savo - Hrastnik1804723.63.901.06.2026 10:10:00Normalen promet,most čez Savo - Hrastnik,180,47,23.6,3.9,01.06.2026 10:10:00,Normalen promet
R1-225,LetušLetuš - Male Braslovče3004411.95.501.06.2026 10:10:00Normalen promet,Letuš - Male Braslovče,300,44,11.9,5.5,01.06.2026 10:10:00,Normalen promet
,Male Braslovče - Letuš1804024.74.301.06.2026 10:10:00Normalen promet,Male Braslovče - Letuš,180,40,24.7,4.3,01.06.2026 10:10:00,Normalen promet
R1-225,PrihovaMozirje - Nazarje408518.17.101.06.2026 10:10:00Normalen promet,Mozirje - Nazarje,408,51,8.1,7.1,01.06.2026 10:10:00,Normalen promet
,Nazarje - Mozirje348429.08.001.06.2026 10:10:00Normalen promet,Nazarje - Mozirje,348,42,9.0,8.0,01.06.2026 10:10:00,Normalen promet
R1-225,Kamnik FužineKamnik - Spodnje Stranje1565221.72.601.06.2026 10:10:00Normalen promet,Kamnik - Spodnje Stranje,156,52,21.7,2.6,01.06.2026 10:10:00,Normalen promet
,Spodnje Stranje - Kamnik1925319.53.401.06.2026 10:10:00Normalen promet,Spodnje Stranje - Kamnik,192,53,19.5,3.4,01.06.2026 10:10:00,Normalen promet
R1-225,PodstudenecČrnivec - Stahovica2463147.40.301.06.2026 10:05:00Normalen promet,Črnivec - Stahovica,24,63,147.4,0.3,01.06.2026 10:05:00,Normalen promet
,Stahovica - Črnivec725944.10.901.06.2026 10:05:00Normalen promet,Stahovica - Črnivec,72,59,44.1,0.9,01.06.2026 10:05:00,Normalen promet
R1-225,Gornji GradGornji Grad - Radmirje2431126.80.601.06.2026 10:05:00Normalen promet,Gornji Grad - Radmirje,24,31,126.8,0.6,01.06.2026 10:05:00,Normalen promet
,Radmirje - Gornji Grad964744.51.701.06.2026 10:05:00Normalen promet,Radmirje - Gornji Grad,96,47,44.5,1.7,01.06.2026 10:05:00,Normalen promet
R1-225,ŠmarcaDuplica - Mengeš432487.49.101.06.2026 10:10:00Povečan promet,Duplica - Mengeš,432,48,7.4,9.1,01.06.2026 10:10:00,Povečan promet
,Mengeš - Duplica3245810.85.301.06.2026 10:10:00Normalen promet,Mengeš - Duplica,324,58,10.8,5.3,01.06.2026 10:10:00,Normalen promet
R1-225,Letuš 2Letuš - Soteska1085028.51.801.06.2026 10:10:00Normalen promet,Letuš - Soteska,108,50,28.5,1.8,01.06.2026 10:10:00,Normalen promet
,Soteska - Letuš2284915.83.801.06.2026 10:10:00Normalen promet,Soteska - Letuš,228,49,15.8,3.8,01.06.2026 10:10:00,Normalen promet
R1-225,Orla vasParižlje - Šentrupert2525413.24.501.06.2026 10:10:00Normalen promet,Parižlje - Šentrupert,252,54,13.2,4.5,01.06.2026 10:10:00,Normalen promet
,Šentrupert - Parižlje2646713.63.501.06.2026 10:10:00Normalen promet,Šentrupert - Parižlje,264,67,13.6,3.5,01.06.2026 10:10:00,Normalen promet
R1-225,LjubijaMozirje - Soteska300429.85.701.06.2026 10:05:00Normalen promet,Mozirje - Soteska,300,42,9.8,5.7,01.06.2026 10:05:00,Normalen promet
,Soteska - Mozirje2883211.39.801.06.2026 10:05:00Normalen promet,Soteska - Mozirje,288,32,11.3,9.8,01.06.2026 10:05:00,Normalen promet
R1-227,BrdinjeKotlje - Ravne2405211.63.801.06.2026 10:10:00Normalen promet,Kotlje - Ravne,240,52,11.6,3.8,01.06.2026 10:10:00,Normalen promet
,Ravne - Kotlje2525514.83.601.06.2026 10:10:00Normalen promet,Ravne - Kotlje,252,55,14.8,3.6,01.06.2026 10:10:00,Normalen promet
R1-227,Stari trg pri SGKotlje - Stari trg2404513.84.601.06.2026 10:05:00Normalen promet,Kotlje - Stari trg,240,45,13.8,4.6,01.06.2026 10:05:00,Normalen promet
,Stari trg - Kotlje3364612.66.001.06.2026 10:05:00Normalen promet,Stari trg - Kotlje,336,46,12.6,6.0,01.06.2026 10:05:00,Normalen promet
R1-228,MP ZavrčBorl - MP Zavrč (vsi)364294.40.601.06.2026 10:05:00Normalen promet,Borl - MP Zavrč (vsi),36,42,94.4,0.6,01.06.2026 10:05:00,Normalen promet
,MP Zavrč - Borl1084144.53.101.06.2026 10:05:00Normalen promet,MP Zavrč - Borl,108,41,44.5,3.1,01.06.2026 10:05:00,Normalen promet
R1-228,StojnciMP Zavrč - Spuhlja2766412.54.101.06.2026 10:05:00Normalen promet,MP Zavrč - Spuhlja,276,64,12.5,4.1,01.06.2026 10:05:00,Normalen promet
,Spuhlja - MP Zavrč1685817.62.601.06.2026 10:05:00Normalen promet,Spuhlja - MP Zavrč,168,58,17.6,2.6,01.06.2026 10:05:00,Normalen promet
R1-229,GočovaGomilci - Senarska725328.71.401.06.2026 10:05:00Normalen promet,Gomilci - Senarska,72,53,28.7,1.4,01.06.2026 10:05:00,Normalen promet
,Senarska - Gomilci725840.51.101.06.2026 10:05:00Normalen promet,Senarska - Gomilci,72,58,40.5,1.1,01.06.2026 10:05:00,Normalen promet
R1-229,Nova vas pri PtujuJanežovci - Rogoznica1085727.61.601.06.2026 10:10:00Normalen promet,Janežovci - Rogoznica,108,57,27.6,1.6,01.06.2026 10:10:00,Normalen promet
,Rogoznica - Janežovci2045617.33.301.06.2026 10:10:00Normalen promet,Rogoznica - Janežovci,204,56,17.3,3.3,01.06.2026 10:10:00,Normalen promet
R1-229,PtujPtuj - Rogoznica420508.36.901.06.2026 10:00:00Normalen promet,Ptuj - Rogoznica,420,50,8.3,6.9,01.06.2026 10:00:00,Normalen promet
,Rogoznica - Ptuj2645312.34.301.06.2026 10:00:00Normalen promet,Rogoznica - Ptuj,264,53,12.3,4.3,01.06.2026 10:00:00,Normalen promet
R1-230,OrmožIzstop iz Slo241776.91.001.06.2026 10:10:00Normalen promet,Izstop iz Slo,24,17,76.9,1.0,01.06.2026 10:10:00,Normalen promet
,Vstop v Slo2426207.70.601.06.2026 10:10:00Normalen promet,Vstop v Slo,24,26,207.7,0.6,01.06.2026 10:10:00,Normalen promet
R1-230,RadenciRadenci - Vučja vas2045416.94.301.06.2026 10:10:00Normalen promet,Radenci - Vučja vas,204,54,16.9,4.3,01.06.2026 10:10:00,Normalen promet
,Vučja vas - Radenci1205630.02.001.06.2026 10:10:00Normalen promet,Vučja vas - Radenci,120,56,30.0,2.0,01.06.2026 10:10:00,Normalen promet
R1-230,NoršinciKriževci - Ljutomer1804920.63.101.06.2026 10:10:00Normalen promet,Križevci - Ljutomer,180,49,20.6,3.1,01.06.2026 10:10:00,Normalen promet
,Ljutomer - Križevci2885011.55.901.06.2026 10:10:00Normalen promet,Ljutomer - Križevci,288,50,11.5,5.9,01.06.2026 10:10:00,Normalen promet
R1-230,IvanjkovciLjutomer - Ormož1085134.22.701.06.2026 10:05:00Normalen promet,Ljutomer - Ormož,108,51,34.2,2.7,01.06.2026 10:05:00,Normalen promet
,Ormož - Ljutomer606249.10.801.06.2026 10:05:00Normalen promet,Ormož - Ljutomer,60,62,49.1,0.8,01.06.2026 10:05:00,Normalen promet
R1-230,PavlovciOrmož - Pavlovci1565825.02.101.06.2026 10:05:00Normalen promet,Ormož - Pavlovci,156,58,25.0,2.1,01.06.2026 10:05:00,Normalen promet
,Pavlovci - Ormož1324825.62.701.06.2026 10:05:00Normalen promet,Pavlovci - Ormož,132,48,25.6,2.7,01.06.2026 10:05:00,Normalen promet
R1-230,IljaševciKriževci - Vučja vas1686025.32.701.06.2026 10:10:00Normalen promet,Križevci - Vučja vas,168,60,25.3,2.7,01.06.2026 10:10:00,Normalen promet
,Vučja vas - Križevci2165419.13.601.06.2026 10:10:00Normalen promet,Vučja vas - Križevci,216,54,19.1,3.6,01.06.2026 10:10:00,Normalen promet
R1-230,MT Gornja RadgonaG. Radgona - most čez Muro2882812.211.601.06.2026 10:10:00Normalen promet,G. Radgona - most čez Muro,288,28,12.2,11.6,01.06.2026 10:10:00,Normalen promet
,most čez Muro - G. Radgona288272.39.501.06.2026 10:10:00Povečan promet,most čez Muro - G. Radgona,288,27,2.3,9.5,01.06.2026 10:10:00,Povečan promet
R1-230,ŠratovciGornja Radgona - Radenci3125011.45.701.06.2026 10:10:00Normalen promet,Gornja Radgona - Radenci,312,50,11.4,5.7,01.06.2026 10:10:00,Normalen promet
,Radenci - Gornja Radgona2884812.25.301.06.2026 10:10:00Normalen promet,Radenci - Gornja Radgona,288,48,12.2,5.3,01.06.2026 10:10:00,Normalen promet
R1-231,MP GibinaHrvaška - Razkrižje1260547.70.101.06.2026 10:10:00Normalen promet,Hrvaška - Razkrižje,12,60,547.7,0.1,01.06.2026 10:10:00,Normalen promet
,Razkrižje - Hrvaška2441190.50.401.06.2026 10:10:00Normalen promet,Razkrižje - Hrvaška,24,41,190.5,0.4,01.06.2026 10:10:00,Normalen promet
R1-231,Stročja vasLjutomer - Stročja vas845336.11.201.06.2026 10:05:00Normalen promet,Ljutomer - Stročja vas,84,53,36.1,1.2,01.06.2026 10:05:00,Normalen promet
,Stročja vas - Ljutomer843531.72.601.06.2026 10:05:00Normalen promet,Stročja vas - Ljutomer,84,35,31.7,2.6,01.06.2026 10:05:00,Normalen promet
R1-232,VanečaMačkovci - Martjanci1326528.81.601.06.2026 10:10:00Normalen promet,Mačkovci - Martjanci,132,65,28.8,1.6,01.06.2026 10:10:00,Normalen promet
,Martjanci - Mačkovci1086137.02.001.06.2026 10:10:00Normalen promet,Martjanci - Mačkovci,108,61,37.0,2.0,01.06.2026 10:10:00,Normalen promet
R1-232,Murska Sobota (Bakša)Lipovci - Murska Sobota564575.78.401.06.2026 10:10:00Zgoščen promet,Lipovci - Murska Sobota,564,57,5.7,8.4,01.06.2026 10:10:00,Zgoščen promet
,Murska Sobota - Lipovci420668.05.401.06.2026 10:10:00Povečan promet,Murska Sobota - Lipovci,420,66,8.0,5.4,01.06.2026 10:10:00,Povečan promet
R1-232,MT HodošMadžarska - Petrovci00999.90.001.06.2026 10:10:00Ni prometa,Madžarska - Petrovci,0,0,999.9,0.0,01.06.2026 10:10:00,Ni prometa
,Petrovci - Madžarska00999.90.001.06.2026 10:10:00Ni prometa,Petrovci - Madžarska,0,0,999.9,0.0,01.06.2026 10:10:00,Ni prometa
R1-232,PeskovciHodoš - M. Sobota2457146.50.301.06.2026 10:05:00Normalen promet,Hodoš - M. Sobota,24,57,146.5,0.3,01.06.2026 10:05:00,Normalen promet
,M. Sobota - Hodoš726791.10.801.06.2026 10:05:00Normalen promet,M. Sobota - Hodoš,72,67,91.1,0.8,01.06.2026 10:05:00,Normalen promet
R1-232,Murska Sobota severMartjanci - Murska Sobota sever420317.611.601.06.2026 10:10:00Povečan promet,Martjanci - Murska Sobota sever,420,31,7.6,11.6,01.06.2026 10:10:00,Povečan promet
,Murska Sobota - Martjanci384378.58.301.06.2026 10:10:00Normalen promet,Murska Sobota - Martjanci,384,37,8.5,8.3,01.06.2026 10:10:00,Normalen promet
R1-234,DoleDole - Dramlje2645313.54.401.06.2026 10:10:00Normalen promet,Dole - Dramlje,264,53,13.5,4.4,01.06.2026 10:10:00,Normalen promet
,Dramlje - Dole2765311.75.001.06.2026 10:10:00Normalen promet,Dramlje - Dole,276,53,11.7,5.0,01.06.2026 10:10:00,Normalen promet
R1-234,LokarjeDole - Šentjur3004511.16.401.06.2026 10:10:00Normalen promet,Dole - Šentjur,300,45,11.1,6.4,01.06.2026 10:10:00,Normalen promet
,Šentjur - Dole420457.79.001.06.2026 10:10:00Povečan promet,Šentjur - Dole,420,45,7.7,9.0,01.06.2026 10:10:00,Povečan promet
R1-235,PetanjciPetanjci - Radenci1925917.22.701.06.2026 10:10:00Normalen promet,Petanjci - Radenci,192,59,17.2,2.7,01.06.2026 10:10:00,Normalen promet
,Radenci - Petanjci1564923.82.501.06.2026 10:10:00Normalen promet,Radenci - Petanjci,156,49,23.8,2.5,01.06.2026 10:10:00,Normalen promet
R1-235,MS KrogM.Sobota (Gaj) - Priklj. M. Sobo845351.31.301.06.2026 10:10:00Normalen promet,M.Sobota (Gaj) - Priklj. M. Sobo,84,53,51.3,1.3,01.06.2026 10:10:00,Normalen promet
,Priklj. M.Sobota - M. Sobota (Ga965737.22.101.06.2026 10:10:00Normalen promet,Priklj. M.Sobota - M. Sobota (Ga,96,57,37.2,2.1,01.06.2026 10:10:00,Normalen promet
R1-235,TropovciM. Sobota (Gaj) - Petanjci2046520.62.601.06.2026 10:10:00Normalen promet,M. Sobota (Gaj) - Petanjci,204,65,20.6,2.6,01.06.2026 10:10:00,Normalen promet
,Petanjci - M. Sobota (Gaj)1566522.61.901.06.2026 10:10:00Normalen promet,Petanjci - M. Sobota (Gaj),156,65,22.6,1.9,01.06.2026 10:10:00,Normalen promet
R1-235,MS VZH obvoznicaMS jug - MS vzhod1802718.45.701.06.2026 10:05:00Normalen promet,MS jug - MS vzhod,180,27,18.4,5.7,01.06.2026 10:05:00,Normalen promet
,MS vzhod - MS jug2044015.04.601.06.2026 10:05:00Normalen promet,MS vzhod - MS jug,204,40,15.0,4.6,01.06.2026 10:05:00,Normalen promet
R1-235,MS GajMurska Sobota - Radenci2166416.92.901.06.2026 10:05:00Normalen promet,Murska Sobota - Radenci,216,64,16.9,2.9,01.06.2026 10:05:00,Normalen promet
,Radenci - Murska Sobota1447024.61.701.06.2026 10:05:00Normalen promet,Radenci - Murska Sobota,144,70,24.6,1.7,01.06.2026 10:05:00,Normalen promet
R1-240,Volčja DragaŠempeter - Volčja Draga2285514.83.301.06.2026 10:10:00Normalen promet,Šempeter - Volčja Draga,228,55,14.8,3.3,01.06.2026 10:10:00,Normalen promet
,Volčja Draga - Šempeter2765411.84.201.06.2026 10:10:00Normalen promet,Volčja Draga - Šempeter,276,54,11.8,4.2,01.06.2026 10:10:00,Normalen promet
R2-402,PodsabotinGonjače - Solkan1446431.32.101.06.2026 10:10:00Normalen promet,Gonjače - Solkan,144,64,31.3,2.1,01.06.2026 10:10:00,Normalen promet
R2-402,MP NebloMT Neblo - Neblo485238.20.701.06.2026 10:10:00Normalen promet,MT Neblo - Neblo,48,52,38.2,0.7,01.06.2026 10:10:00,Normalen promet
,Neblo - MT Neblo2765811.72.801.06.2026 10:10:00Normalen promet,Neblo - MT Neblo,276,58,11.7,2.8,01.06.2026 10:10:00,Normalen promet
R2-402,Šmartno v BrdihDobrovo - Gonjače1324927.92.001.06.2026 10:10:00Normalen promet,Dobrovo - Gonjače,132,49,27.9,2.0,01.06.2026 10:10:00,Normalen promet
,Gonjače - Dobrovo1084832.71.901.06.2026 10:10:00Normalen promet,Gonjače - Dobrovo,108,48,32.7,1.9,01.06.2026 10:10:00,Normalen promet
R2-403,Škofja Lokacenter - Ljubljanska c.600415.312.301.06.2026 10:05:00Zgoščen promet,center - Ljubljanska c.,600,41,5.3,12.3,01.06.2026 10:05:00,Zgoščen promet
,Ljubljanska c. - center624414.612.701.06.2026 10:05:00Zgoščen promet,Ljubljanska c. - center,624,41,4.6,12.7,01.06.2026 10:05:00,Zgoščen promet
R2-403,BačaBača - Kneža366480.20.501.06.2026 10:10:00Normalen promet,Bača - Kneža,36,64,80.2,0.5,01.06.2026 10:10:00,Normalen promet
,Kneža - Bača3668154.00.401.06.2026 10:10:00Normalen promet,Kneža - Bača,36,68,154.0,0.4,01.06.2026 10:10:00,Normalen promet
R2-403,ŽeleznikiBača - Železniki724858.91.401.06.2026 10:10:00Normalen promet,Bača - Železniki,72,48,58.9,1.4,01.06.2026 10:10:00,Normalen promet
,Železniki - Bača1564322.42.901.06.2026 10:10:00Normalen promet,Železniki - Bača,156,43,22.4,2.9,01.06.2026 10:10:00,Normalen promet
R2-403,BukovicaČešnjica - Škofja Loka2045417.43.101.06.2026 10:10:00Normalen promet,Češnjica - Škofja Loka,204,54,17.4,3.1,01.06.2026 10:10:00,Normalen promet
,Škofja Loka - Češnjica1685821.12.601.06.2026 10:10:00Normalen promet,Škofja Loka - Češnjica,168,58,21.1,2.6,01.06.2026 10:10:00,Normalen promet
R2-404,RečicaIlirska Bistrica - Podgrad1326128.91.601.06.2026 10:10:00Normalen promet,Ilirska Bistrica - Podgrad,132,61,28.9,1.6,01.06.2026 10:10:00,Normalen promet
,Podgrad - Ilirska Bistrica725741.41.001.06.2026 10:10:00Normalen promet,Podgrad - Ilirska Bistrica,72,57,41.4,1.0,01.06.2026 10:10:00,Normalen promet
R2-404,DrskovčeIlirska Bistrica - Pivka2285511.33.401.06.2026 10:10:00Normalen promet,Ilirska Bistrica - Pivka,228,55,11.3,3.4,01.06.2026 10:10:00,Normalen promet
,Pivka - Ilirska Bistrica1926217.92.401.06.2026 10:10:00Normalen promet,Pivka - Ilirska Bistrica,192,62,17.9,2.4,01.06.2026 10:10:00,Normalen promet
R2-405,BujeFamlje - Ribnica487875.41.001.06.2026 10:10:00Normalen promet,Famlje - Ribnica,48,78,75.4,1.0,01.06.2026 10:10:00,Normalen promet
,Ribnica - Famlje2472107.50.201.06.2026 10:10:00Normalen promet,Ribnica - Famlje,24,72,107.5,0.2,01.06.2026 10:10:00,Normalen promet
R2-406,AnkaranAnkaran - Križ. Moretini2045214.93.001.06.2026 10:10:00Normalen promet,Ankaran - Križ. Moretini,204,52,14.9,3.0,01.06.2026 10:10:00,Normalen promet
,Križ. Moretini - Ankaran1686025.62.301.06.2026 10:10:00Normalen promet,Križ. Moretini - Ankaran,168,60,25.6,2.3,01.06.2026 10:10:00,Normalen promet
R2-406,LazaretAnkaran - MP Lazaret845026.21.401.06.2026 10:10:00Normalen promet,Ankaran - MP Lazaret,84,50,26.2,1.4,01.06.2026 10:10:00,Normalen promet
,MP Lazaret - Ankaran1084545.71.901.06.2026 10:10:00Normalen promet,MP Lazaret - Ankaran,108,45,45.7,1.9,01.06.2026 10:10:00,Normalen promet
R2-407,HorjulHorjul - Vrhnika1324943.12.201.06.2026 10:05:00Normalen promet,Horjul - Vrhnika,132,49,43.1,2.2,01.06.2026 10:05:00,Normalen promet
,Vrhnika - Horjul1804020.53.801.06.2026 10:05:00Normalen promet,Vrhnika - Horjul,180,40,20.5,3.8,01.06.2026 10:05:00,Normalen promet
R2-408,ZavratecLogatec - Žiri725971.20.901.06.2026 10:10:00Normalen promet,Logatec - Žiri,72,59,71.2,0.9,01.06.2026 10:10:00,Normalen promet
,Žiri - Logatec3660108.40.401.06.2026 10:10:00Normalen promet,Žiri - Logatec,36,60,108.4,0.4,01.06.2026 10:10:00,Normalen promet
R2-408,LogatecLogatec - Žiri966838.41.201.06.2026 10:05:00Normalen promet,Logatec - Žiri,96,68,38.4,1.2,01.06.2026 10:05:00,Normalen promet
,Žiri - Logatec484945.60.801.06.2026 10:05:00Normalen promet,Žiri - Logatec,48,49,45.6,0.8,01.06.2026 10:05:00,Normalen promet
R2-408,ŽiriTrebija - Žiri1563422.14.501.06.2026 10:05:00Normalen promet,Trebija - Žiri,156,34,22.1,4.5,01.06.2026 10:05:00,Normalen promet
,Žiri - Trebija1803718.44.001.06.2026 10:05:00Normalen promet,Žiri - Trebija,180,37,18.4,4.0,01.06.2026 10:05:00,Normalen promet
R2-409,ZapoljeLogatec - Vrhnika2766312.23.901.06.2026 10:10:00Normalen promet,Logatec - Vrhnika,276,63,12.2,3.9,01.06.2026 10:10:00,Normalen promet
,Vrhnika - Logatec2765513.14.501.06.2026 10:10:00Normalen promet,Vrhnika - Logatec,276,55,13.1,4.5,01.06.2026 10:10:00,Normalen promet
R2-409,GorjancAC Brezovica - LJ (Vič)504446.69.701.06.2026 10:10:00Povečan promet,AC Brezovica - LJ (Vič),504,44,6.6,9.7,01.06.2026 10:10:00,Povečan promet
,LJ (Vič) - AC Brezovica492496.78.501.06.2026 10:10:00Povečan promet,LJ (Vič) - AC Brezovica,492,49,6.7,8.5,01.06.2026 10:10:00,Povečan promet
R2-409,SenožečeRazdrto - Senožeče485774.90.601.06.2026 10:10:00Normalen promet,Razdrto - Senožeče,48,57,74.9,0.6,01.06.2026 10:10:00,Normalen promet
,Senožeče - Razdrto846330.60.901.06.2026 10:10:00Normalen promet,Senožeče - Razdrto,84,63,30.6,0.9,01.06.2026 10:10:00,Normalen promet
R2-409,Drenov GričBrezovica - Vrhnika2765212.24.901.06.2026 10:05:00Normalen promet,Brezovica - Vrhnika,276,52,12.2,4.9,01.06.2026 10:05:00,Normalen promet
,Vrhnika - Brezovica2645313.84.501.06.2026 10:05:00Normalen promet,Vrhnika - Brezovica,264,53,13.8,4.5,01.06.2026 10:05:00,Normalen promet
R2-409,RavbarkomandaPlanina - Ravbarkomanda1206635.61.401.06.2026 10:10:00Normalen promet,Planina - Ravbarkomanda,120,66,35.6,1.4,01.06.2026 10:10:00,Normalen promet
,Ravbarkomanda - Planina966438.81.101.06.2026 10:10:00Normalen promet,Ravbarkomanda - Planina,96,64,38.8,1.1,01.06.2026 10:10:00,Normalen promet
R2-409,PetrinjeKastelec - Kozina967344.11.001.06.2026 10:10:00Normalen promet,Kastelec - Kozina,96,73,44.1,1.0,01.06.2026 10:10:00,Normalen promet
,Kozina - Kastelec847539.10.801.06.2026 10:10:00Normalen promet,Kozina - Kastelec,84,75,39.1,0.8,01.06.2026 10:10:00,Normalen promet
R2-409,ŠkocjanDivača - Matavun1206326.21.401.06.2026 10:10:00Normalen promet,Divača - Matavun,120,63,26.2,1.4,01.06.2026 10:10:00,Normalen promet
,Matavun - Divača1327124.81.501.06.2026 10:10:00Normalen promet,Matavun - Divača,132,71,24.8,1.5,01.06.2026 10:10:00,Normalen promet
R2-409,GrčarevecKalce - Planina486077.70.801.06.2026 10:10:00Normalen promet,Kalce - Planina,48,60,77.7,0.8,01.06.2026 10:10:00,Normalen promet
,Planina - Kalce1206128.22.001.06.2026 10:10:00Normalen promet,Planina - Kalce,120,61,28.2,2.0,01.06.2026 10:10:00,Normalen promet
R2-409,PostojnaPostojna - Razdrto2765212.24.801.06.2026 10:10:00Normalen promet,Postojna - Razdrto,276,52,12.2,4.8,01.06.2026 10:10:00,Normalen promet
,Razdrto - Postojna2525413.63.801.06.2026 10:10:00Normalen promet,Razdrto - Postojna,252,54,13.6,3.8,01.06.2026 10:10:00,Normalen promet
R2-409,DivačaDivača - Senožeče967732.60.801.06.2026 10:05:00Normalen promet,Divača - Senožeče,96,77,32.6,0.8,01.06.2026 10:05:00,Normalen promet
,Senožeče - Divača726543.11.001.06.2026 10:05:00Normalen promet,Senožeče - Divača,72,65,43.1,1.0,01.06.2026 10:05:00,Normalen promet
R2-409,KačiceKozina - Matavun247753.50.201.06.2026 10:10:00Normalen promet,Kozina - Matavun,24,77,53.5,0.2,01.06.2026 10:10:00,Normalen promet
,Matavun - Kozina729070.90.601.06.2026 10:10:00Normalen promet,Matavun - Kozina,72,90,70.9,0.6,01.06.2026 10:10:00,Normalen promet
R2-409,DekaniKoper - Rižana1445422.61.801.06.2026 10:10:00Normalen promet,Koper - Rižana,144,54,22.6,1.8,01.06.2026 10:10:00,Normalen promet
,Rižana - Koper1445023.42.601.06.2026 10:10:00Normalen promet,Rižana - Koper,144,50,23.4,2.6,01.06.2026 10:10:00,Normalen promet
R2-410,TenetišeGolnik - Kokrica1805918.72.401.06.2026 10:05:00Normalen promet,Golnik - Kokrica,180,59,18.7,2.4,01.06.2026 10:05:00,Normalen promet
,Kokrica - Golnik485370.90.901.06.2026 10:05:00Normalen promet,Kokrica - Golnik,48,53,70.9,0.9,01.06.2026 10:05:00,Normalen promet
R2-410,TržičBistrica - Tržič348369.68.401.06.2026 10:10:00Povečan promet,Bistrica - Tržič,348,36,9.6,8.4,01.06.2026 10:10:00,Povečan promet
,Tržič - Bistrica612385.012.701.06.2026 10:10:00Povečan promet,Tržič - Bistrica,612,38,5.0,12.7,01.06.2026 10:10:00,Povečan promet
R2-410,KokricaKokrica - Kranj372508.25.901.06.2026 10:10:00Povečan promet,Kokrica - Kranj,372,50,8.2,5.9,01.06.2026 10:10:00,Povečan promet
,Kranj - Kokrica540496.08.101.06.2026 10:10:00Zgoščen promet,Kranj - Kokrica,540,49,6.0,8.1,01.06.2026 10:10:00,Zgoščen promet
R2-411,NakloNaklo - Polica420488.37.101.06.2026 10:10:00Normalen promet,Naklo - Polica,420,48,8.3,7.1,01.06.2026 10:10:00,Normalen promet
,Polica - Naklo2164817.13.901.06.2026 10:10:00Normalen promet,Polica - Naklo,216,48,17.1,3.9,01.06.2026 10:10:00,Normalen promet
R2-411,Dobro PoljeČrnivec- Gobovce845439.11.301.06.2026 10:00:00Normalen promet,Črnivec- Gobovce,84,54,39.1,1.3,01.06.2026 10:00:00,Normalen promet
,Gobovce - Črnivec845439.11.301.06.2026 10:00:00Normalen promet,Gobovce - Črnivec,84,54,39.1,1.3,01.06.2026 10:00:00,Normalen promet
R2-411,PodbrezjeRadovljica - Kranj1924521.93.501.06.2026 10:10:00Normalen promet,Radovljica - Kranj,192,45,21.9,3.5,01.06.2026 10:10:00,Normalen promet
R2-412,Kranj (sejem)Iskra - Kidričeva552545.28.001.06.2026 10:10:00Zgoščen promet,Iskra - Kidričeva,552,54,5.2,8.0,01.06.2026 10:10:00,Zgoščen promet
,Kidričeva - Iskra492556.47.701.06.2026 10:10:00Zgoščen promet,Kidričeva - Iskra,492,55,6.4,7.7,01.06.2026 10:10:00,Zgoščen promet
R2-412,Kranj (Zlato polje)Kidričeva c. - Polica528556.28.501.06.2026 10:10:00Povečan promet,Kidričeva c. - Polica,528,55,6.2,8.5,01.06.2026 10:10:00,Povečan promet
,Polica - Kidričeva c.588364.918.701.06.2026 10:10:00Povečan promet,Polica - Kidričeva c.,588,36,4.9,18.7,01.06.2026 10:10:00,Povečan promet
R2-413,ValburgaVodice - Zbilje1204627.42.501.06.2026 10:10:00Normalen promet,Vodice - Zbilje,120,46,27.4,2.5,01.06.2026 10:10:00,Normalen promet
,Zbilje - Vodice1204430.42.401.06.2026 10:10:00Normalen promet,Zbilje - Vodice,120,44,30.4,2.4,01.06.2026 10:10:00,Normalen promet
R2-413,ŽejeMoste - Vodice348569.25.701.06.2026 10:10:00Normalen promet,Moste - Vodice,348,56,9.2,5.7,01.06.2026 10:10:00,Normalen promet
,Vodice - Moste684594.810.401.06.2026 10:10:00Povečan promet,Vodice - Moste,684,59,4.8,10.4,01.06.2026 10:10:00,Povečan promet
R2-413,KrižKamnik - Moste3004511.76.701.06.2026 10:10:00Normalen promet,Kamnik - Moste,300,45,11.7,6.7,01.06.2026 10:10:00,Normalen promet
,Moste - Kamnik372488.07.001.06.2026 10:10:00Normalen promet,Moste - Kamnik,372,48,8.0,7.0,01.06.2026 10:10:00,Normalen promet
R2-414,LazeKamnik - Tuhinj605278.10.901.06.2026 10:10:00Normalen promet,Kamnik - Tuhinj,60,52,78.1,0.9,01.06.2026 10:10:00,Normalen promet
,Tuhinj - Kamnik1085328.31.901.06.2026 10:10:00Normalen promet,Tuhinj - Kamnik,108,53,28.3,1.9,01.06.2026 10:10:00,Normalen promet
R2-414,LočicaKamnik - Ločica4838123.11.201.06.2026 10:05:00Normalen promet,Kamnik - Ločica,48,38,123.1,1.2,01.06.2026 10:05:00,Normalen promet
,Ločica - Kamnik1684726.42.701.06.2026 10:05:00Normalen promet,Ločica - Kamnik,168,47,26.4,2.7,01.06.2026 10:05:00,Normalen promet
R2-415,KrtinaAC - Moravče846930.70.901.06.2026 10:10:00Normalen promet,AC - Moravče,84,69,30.7,0.9,01.06.2026 10:10:00,Normalen promet
,Moravče - AC2646313.33.401.06.2026 10:10:00Normalen promet,Moravče - AC,264,63,13.3,3.4,01.06.2026 10:10:00,Normalen promet
R2-415,KandršeIzlake - Moravče845166.81.501.06.2026 10:10:00Normalen promet,Izlake - Moravče,84,51,66.8,1.5,01.06.2026 10:10:00,Normalen promet
,Moravče - Izlake243985.50.501.06.2026 10:10:00Normalen promet,Moravče - Izlake,24,39,85.5,0.5,01.06.2026 10:10:00,Normalen promet
R2-416,Črni PotokIvančna Gorica - Litija485567.30.601.06.2026 10:05:00Normalen promet,Ivančna Gorica - Litija,48,55,67.3,0.6,01.06.2026 10:05:00,Normalen promet
,Litija - Ivančna Gorica126484.60.101.06.2026 10:05:00Normalen promet,Litija - Ivančna Gorica,12,64,84.6,0.1,01.06.2026 10:05:00,Normalen promet
R2-416,LitijaLitija - Šmartno2284615.24.201.06.2026 10:10:00Normalen promet,Litija - Šmartno,228,46,15.2,4.2,01.06.2026 10:10:00,Normalen promet
,Šmartno - Litija2644512.95.301.06.2026 10:10:00Normalen promet,Šmartno - Litija,264,45,12.9,5.3,01.06.2026 10:10:00,Normalen promet
R2-417,MoravčeGabrovka - Mala Koštrevnica365474.10.601.06.2026 10:05:00Normalen promet,Gabrovka - Mala Koštrevnica,36,54,74.1,0.6,01.06.2026 10:05:00,Normalen promet
,Mala Koštrevnica - Gabrovka3660158.00.401.06.2026 10:05:00Normalen promet,Mala Koštrevnica - Gabrovka,36,60,158.0,0.4,01.06.2026 10:05:00,Normalen promet
R2-418,ŠkocjanŠkocjan - Zbure366295.30.401.06.2026 10:10:00Normalen promet,Škocjan - Zbure,36,62,95.3,0.4,01.06.2026 10:10:00,Normalen promet
,Zbure - Škocjan3670176.30.401.06.2026 10:10:00Normalen promet,Zbure - Škocjan,36,70,176.3,0.4,01.06.2026 10:10:00,Normalen promet
R2-418,DramaAC - Šentjernej1445426.72.301.06.2026 10:10:00Normalen promet,AC - Šentjernej,144,54,26.7,2.3,01.06.2026 10:10:00,Normalen promet
,Šentjernej - AC1564724.52.801.06.2026 10:10:00Normalen promet,Šentjernej - AC,156,47,24.5,2.8,01.06.2026 10:10:00,Normalen promet
R2-418,ZbureMokronog - Zbure3648135.80.901.06.2026 10:05:00Normalen promet,Mokronog - Zbure,36,48,135.8,0.9,01.06.2026 10:05:00,Normalen promet
,Zbure - Mokronog2460190.00.301.06.2026 10:05:00Normalen promet,Zbure - Mokronog,24,60,190.0,0.3,01.06.2026 10:05:00,Normalen promet
R2-418,Dobruška vasDobruška vas - Škocjan1806325.22.501.06.2026 10:05:00Normalen promet,Dobruška vas - Škocjan,180,63,25.2,2.5,01.06.2026 10:05:00,Normalen promet
,Škocjan - Dobruška vas1446121.91.801.06.2026 10:05:00Normalen promet,Škocjan - Dobruška vas,144,61,21.9,1.8,01.06.2026 10:05:00,Normalen promet
R2-419,PotokNM Drska - Straža1685023.33.401.06.2026 10:10:00Normalen promet,NM Drska - Straža,168,50,23.3,3.4,01.06.2026 10:10:00,Normalen promet
,Straža - NM Drska1445725.42.101.06.2026 10:10:00Normalen promet,Straža - NM Drska,144,57,25.4,2.1,01.06.2026 10:10:00,Normalen promet
R2-419,Mokro PoljeRatež - Šentjernej1324626.31.901.06.2026 10:05:00Normalen promet,Ratež - Šentjernej,132,46,26.3,1.9,01.06.2026 10:05:00,Normalen promet
,Šentjernej - Ratež1564822.73.001.06.2026 10:05:00Normalen promet,Šentjernej - Ratež,156,48,22.7,3.0,01.06.2026 10:05:00,Normalen promet
R2-419,Malo Mraševo 2Kostanjevica - Križaj1445824.12.001.06.2026 10:05:00Normalen promet,Kostanjevica - Križaj,144,58,24.1,2.0,01.06.2026 10:05:00,Normalen promet
,Križaj - Kostanjevica1205731.51.701.06.2026 10:05:00Normalen promet,Križaj - Kostanjevica,120,57,31.5,1.7,01.06.2026 10:05:00,Normalen promet
R2-419,Župeča vasČatež ob Savi - Križaj1087129.91.101.06.2026 10:05:00Normalen promet,Čatež ob Savi - Križaj,108,71,29.9,1.1,01.06.2026 10:05:00,Normalen promet
,Križaj - Čatež ob Savi966239.21.101.06.2026 10:05:00Normalen promet,Križaj - Čatež ob Savi,96,62,39.2,1.1,01.06.2026 10:05:00,Normalen promet
R2-419,RatežNovo mesto - Ratež1566123.52.001.06.2026 10:15:00Normalen promet,Novo mesto - Ratež,156,61,23.5,2.0,01.06.2026 10:15:00,Normalen promet
,Ratež - Novo mesto1806319.62.401.06.2026 10:15:00Normalen promet,Ratež - Novo mesto,180,63,19.6,2.4,01.06.2026 10:15:00,Normalen promet
R2-419,ŠentjernejKostanjevica - Šentjernej1445125.82.401.06.2026 10:05:00Normalen promet,Kostanjevica - Šentjernej,144,51,25.8,2.4,01.06.2026 10:05:00,Normalen promet
,Šentjernej - Kostanjevica1084330.82.301.06.2026 10:05:00Normalen promet,Šentjernej - Kostanjevica,108,43,30.8,2.3,01.06.2026 10:05:00,Normalen promet
R2-419,Dolenje PoljeSoteska - Straža605272.80.901.06.2026 10:05:00Normalen promet,Soteska - Straža,60,52,72.8,0.9,01.06.2026 10:05:00,Normalen promet
,Straža - Soteska365376.90.501.06.2026 10:05:00Normalen promet,Straža - Soteska,36,53,76.9,0.5,01.06.2026 10:05:00,Normalen promet
R2-420,MostecBrežice - Dobova844851.31.401.06.2026 10:10:00Normalen promet,Brežice - Dobova,84,48,51.3,1.4,01.06.2026 10:10:00,Normalen promet
,Dobova - Brežice844943.21.601.06.2026 10:10:00Normalen promet,Dobova - Brežice,84,49,43.2,1.6,01.06.2026 10:10:00,Normalen promet
R2-420,MP RigonceDobova - MP1084631.61.801.06.2026 10:10:00Normalen promet,Dobova - MP,108,46,31.6,1.8,01.06.2026 10:10:00,Normalen promet
,Dobova - MP1084631.61.801.06.2026 10:10:00Normalen promet,Dobova - MP,108,46,31.6,1.8,01.06.2026 10:10:00,Normalen promet
R2-421,SemičRučetna vas - Štrekljevec1326233.61.701.06.2026 10:00:00Normalen promet,Ručetna vas - Štrekljevec,132,62,33.6,1.7,01.06.2026 10:00:00,Normalen promet
,Štrekljevec - Ručetna vas965239.21.801.06.2026 10:00:00Normalen promet,Štrekljevec - Ručetna vas,96,52,39.2,1.8,01.06.2026 10:00:00,Normalen promet
R2-421,OsojnikJugorje - Semič2452423.90.301.06.2026 10:05:00Normalen promet,Jugorje - Semič,24,52,423.9,0.3,01.06.2026 10:05:00,Normalen promet
,Semič - Jugorje00999.90.001.06.2026 10:05:00Ni prometa,Semič - Jugorje,0,0,999.9,0.0,01.06.2026 10:05:00,Ni prometa
R2-422,SenovoBrestanica - Senovo1805519.62.501.06.2026 10:10:00Normalen promet,Brestanica - Senovo,180,55,19.6,2.5,01.06.2026 10:10:00,Normalen promet
,Senovo - Brestanica3125012.95.001.06.2026 10:10:00Normalen promet,Senovo - Brestanica,312,50,12.9,5.0,01.06.2026 10:10:00,Normalen promet
R2-422,Veliki KamenPodsreda - Senovo605063.21.001.06.2026 10:05:00Normalen promet,Podsreda - Senovo,60,50,63.2,1.0,01.06.2026 10:05:00,Normalen promet
,Senovo - Podsreda965034.01.501.06.2026 10:05:00Normalen promet,Senovo - Podsreda,96,50,34.0,1.5,01.06.2026 10:05:00,Normalen promet
R2-423,JelcaKozje - Šentjur4859118.00.601.06.2026 10:10:00Normalen promet,Kozje - Šentjur,48,59,118.0,0.6,01.06.2026 10:10:00,Normalen promet
,Šentjur - Kozje1262267.10.101.06.2026 10:10:00Normalen promet,Šentjur - Kozje,12,62,267.1,0.1,01.06.2026 10:10:00,Normalen promet
R2-423,KozjeKozje-Podsreda727135.80.801.06.2026 10:05:00Normalen promet,Kozje-Podsreda,72,71,35.8,0.8,01.06.2026 10:05:00,Normalen promet
,Podsreda-Kozje487938.50.401.06.2026 10:05:00Normalen promet,Podsreda-Kozje,48,79,38.5,0.4,01.06.2026 10:05:00,Normalen promet
R2-423,MP Bistrica ob SotliBistrica ob Sotli - Polje3632140.70.801.06.2026 10:10:00Normalen promet,Bistrica ob Sotli - Polje,36,32,140.7,0.8,01.06.2026 10:10:00,Normalen promet
,Polje - Bistrica ob Sotli3626121.91.001.06.2026 10:10:00Normalen promet,Polje - Bistrica ob Sotli,36,26,121.9,1.0,01.06.2026 10:10:00,Normalen promet
R2-423,ČrnolicaČrnolica - Šentjur2764211.35.501.06.2026 10:10:00Normalen promet,Črnolica - Šentjur,276,42,11.3,5.5,01.06.2026 10:10:00,Normalen promet
,Šentjur - Črnolica1924918.03.301.06.2026 10:10:00Normalen promet,Šentjur - Črnolica,192,49,18.0,3.3,01.06.2026 10:10:00,Normalen promet
R2-424,PodgorjePlanina - Sevnica366857.30.601.06.2026 10:05:00Normalen promet,Planina - Sevnica,36,68,57.3,0.6,01.06.2026 10:05:00,Normalen promet
,Sevnica - Planina248094.40.201.06.2026 10:05:00Normalen promet,Sevnica - Planina,24,80,94.4,0.2,01.06.2026 10:05:00,Normalen promet
R2-424,DobjeČrnolica - Dežno1205627.81.701.06.2026 10:10:00Normalen promet,Črnolica - Dežno,120,56,27.8,1.7,01.06.2026 10:10:00,Normalen promet
,Dežno - Črnolica1204631.02.301.06.2026 10:10:00Normalen promet,Dežno - Črnolica,120,46,31.0,2.3,01.06.2026 10:10:00,Normalen promet
R2-425,PesjePesje - Velenje420467.97.901.06.2026 10:10:00Normalen promet,Pesje - Velenje,420,46,7.9,7.9,01.06.2026 10:10:00,Normalen promet
,Velenje - Pesje384509.46.401.06.2026 10:10:00Normalen promet,Velenje - Pesje,384,50,9.4,6.4,01.06.2026 10:10:00,Normalen promet
R2-425,ŠoštanjŠoštanj - Velenje516556.37.901.06.2026 10:10:00Povečan promet,Šoštanj - Velenje,516,55,6.3,7.9,01.06.2026 10:10:00,Povečan promet
,Velenje - Šoštanj408528.56.901.06.2026 10:10:00Normalen promet,Velenje - Šoštanj,408,52,8.5,6.9,01.06.2026 10:10:00,Normalen promet
R2-425,TopolščicaŠentvid - Šoštanj1256157.20.101.06.2026 10:05:00Normalen promet,Šentvid - Šoštanj,12,56,157.2,0.1,01.06.2026 10:05:00,Normalen promet
,Šoštanj - Šentvid365778.90.501.06.2026 10:05:00Normalen promet,Šoštanj - Šentvid,36,57,78.9,0.5,01.06.2026 10:05:00,Normalen promet
R2-425,JavorjeČrna na Koroškem - Šoštanj606091.10.801.06.2026 10:05:00Normalen promet,Črna na Koroškem - Šoštanj,60,60,91.1,0.8,01.06.2026 10:05:00,Normalen promet
,Šoštanj - Črna na Koroškem1255441.80.101.06.2026 10:05:00Normalen promet,Šoštanj - Črna na Koroškem,12,55,441.8,0.1,01.06.2026 10:05:00,Normalen promet
R2-425,MežicaČrna - Mežica485163.30.801.06.2026 10:10:00Normalen promet,Črna - Mežica,48,51,63.3,0.8,01.06.2026 10:10:00,Normalen promet
,Mežica - Črna1204527.72.601.06.2026 10:10:00Normalen promet,Mežica - Črna,120,45,27.7,2.6,01.06.2026 10:10:00,Normalen promet
R2-426,LokovicaGorenje - Pesje2045517.73.501.06.2026 10:05:00Normalen promet,Gorenje - Pesje,204,55,17.7,3.5,01.06.2026 10:05:00,Normalen promet
,Pesje - Gorenje1685820.12.401.06.2026 10:05:00Normalen promet,Pesje - Gorenje,168,58,20.1,2.4,01.06.2026 10:05:00,Normalen promet
R2-426,Rečica ob PakiLetuš - Rečica2463104.30.301.06.2026 10:10:00Normalen promet,Letuš - Rečica,24,63,104.3,0.3,01.06.2026 10:10:00,Normalen promet
,Rečica - Letuš1446023.12.001.06.2026 10:10:00Normalen promet,Rečica - Letuš,144,60,23.1,2.0,01.06.2026 10:10:00,Normalen promet
R2-426,Paska vasGorenje -Rečica726147.21.201.06.2026 10:05:00Normalen promet,Gorenje -Rečica,72,61,47.2,1.2,01.06.2026 10:05:00,Normalen promet
,Rečica - Gorenje1086727.31.301.06.2026 10:05:00Normalen promet,Rečica - Gorenje,108,67,27.3,1.3,01.06.2026 10:05:00,Normalen promet
R2-427,PodmejaPrebold - Trbovlje36045.10.501.06.2026 10:10:00Normalen promet,Prebold - Trbovlje,36,0,45.1,0.5,01.06.2026 10:10:00,Normalen promet
,Trbovlje - Prebold00999.90.001.06.2026 10:10:00Ni prometa,Trbovlje - Prebold,0,0,999.9,0.0,01.06.2026 10:10:00,Ni prometa
R2-427,Latkova vasLatkova vas - Prebold1205530.01.801.06.2026 10:10:00Normalen promet,Latkova vas - Prebold,120,55,30.0,1.8,01.06.2026 10:10:00,Normalen promet
,Prebold - Latkova vas1684821.72.701.06.2026 10:10:00Normalen promet,Prebold - Latkova vas,168,48,21.7,2.7,01.06.2026 10:10:00,Normalen promet
R2-428,SolčavaLjubno->Solcava485077.01.001.06.2026 10:10:00Normalen promet,Ljubno->Solcava,48,50,77.0,1.0,01.06.2026 10:10:00,Normalen promet
,Solcava->Ljubno3638107.60.701.06.2026 10:10:00Normalen promet,Solcava->Ljubno,36,38,107.6,0.7,01.06.2026 10:10:00,Normalen promet
R2-428,LjubnoLuče - Radmirje846247.11.101.06.2026 10:10:00Normalen promet,Luče - Radmirje,84,62,47.1,1.1,01.06.2026 10:10:00,Normalen promet
,Radmirje - Luče966238.61.701.06.2026 10:10:00Normalen promet,Radmirje - Luče,96,62,38.6,1.7,01.06.2026 10:10:00,Normalen promet
R2-429,Črnova 2Črnova - Dobrna724152.41.601.06.2026 10:10:00Normalen promet,Črnova - Dobrna,72,41,52.4,1.6,01.06.2026 10:10:00,Normalen promet
,Dobrna - Črnova1083130.63.001.06.2026 10:10:00Normalen promet,Dobrna - Črnova,108,31,30.6,3.0,01.06.2026 10:10:00,Normalen promet
R2-429,Višnja vasStrmec - Višnja vas1685020.13.001.06.2026 10:10:00Normalen promet,Strmec - Višnja vas,168,50,20.1,3.0,01.06.2026 10:10:00,Normalen promet
,Višnja vas - Strmec1085133.82.001.06.2026 10:10:00Normalen promet,Višnja vas - Strmec,108,51,33.8,2.0,01.06.2026 10:10:00,Normalen promet
R2-430,BukovecFram - Sl. Bistrica1686221.72.201.06.2026 10:05:00Normalen promet,Fram - Sl. Bistrica,168,62,21.7,2.2,01.06.2026 10:05:00,Normalen promet
,Sl. Bistrica - Fram2046617.52.701.06.2026 10:05:00Normalen promet,Sl. Bistrica - Fram,204,66,17.5,2.7,01.06.2026 10:05:00,Normalen promet
R2-430,DobrnežSlov. Konjice - Tepanje372706.14.701.06.2026 10:10:00Povečan promet,Slov. Konjice - Tepanje,372,70,6.1,4.7,01.06.2026 10:10:00,Povečan promet
,Tepanje - Slov. Konjice3006211.64.301.06.2026 10:10:00Normalen promet,Tepanje - Slov. Konjice,300,62,11.6,4.3,01.06.2026 10:10:00,Normalen promet
R2-430,Zece 2Sl.Konjice - Zeče492536.57.601.06.2026 10:10:00Povečan promet,Sl.Konjice - Zeče,492,53,6.5,7.6,01.06.2026 10:10:00,Povečan promet
,Zeče - Sl.Konjice3245310.45.501.06.2026 10:10:00Normalen promet,Zeče - Sl.Konjice,324,53,10.4,5.5,01.06.2026 10:10:00,Normalen promet
R2-430,Slovenska BistricaLožnica - Slov. Bistrica2285715.13.301.06.2026 10:05:00Normalen promet,Ložnica - Slov. Bistrica,228,57,15.1,3.3,01.06.2026 10:05:00,Normalen promet
,Slov. Bistrica - Ložnica336539.95.101.06.2026 10:05:00Povečan promet,Slov. Bistrica - Ložnica,336,53,9.9,5.1,01.06.2026 10:05:00,Povečan promet
R2-430,ZečeDobrava - Stranice384458.67.401.06.2026 10:10:00Normalen promet,Dobrava - Stranice,384,45,8.6,7.4,01.06.2026 10:10:00,Normalen promet
,Stranice - Dobrava2884112.16.001.06.2026 10:10:00Normalen promet,Stranice - Dobrava,288,41,12.1,6.0,01.06.2026 10:10:00,Normalen promet
R2-430,VrholeLožnica - Tepanje1565521.72.401.06.2026 10:10:00Normalen promet,Ložnica - Tepanje,156,55,21.7,2.4,01.06.2026 10:10:00,Normalen promet
,Tepanje - Ložnica2044818.63.501.06.2026 10:10:00Normalen promet,Tepanje - Ložnica,204,48,18.6,3.5,01.06.2026 10:10:00,Normalen promet
R2-430,StraniceStranice - Višnja vas1565823.42.001.06.2026 10:05:00Normalen promet,Stranice - Višnja vas,156,58,23.4,2.0,01.06.2026 10:05:00,Normalen promet
,Višnja vas - Stranice1925118.13.301.06.2026 10:05:00Normalen promet,Višnja vas - Stranice,192,51,18.1,3.3,01.06.2026 10:05:00,Normalen promet
R2-430,VojnikCelje AC - Višnja vas636464.911.801.06.2026 10:10:00Povečan promet,Celje AC - Višnja vas,636,46,4.9,11.8,01.06.2026 10:10:00,Povečan promet
,Višnja vas - Celje AC612475.211.001.06.2026 10:10:00Povečan promet,Višnja vas - Celje AC,612,47,5.2,11.0,01.06.2026 10:10:00,Povečan promet
R2-430,Celje (Hudinja)Celje - Celje AC (v)468366.612.601.06.2026 10:10:00Povečan promet,Celje - Celje AC (v),468,36,6.6,12.6,01.06.2026 10:10:00,Povečan promet
,Celje - Celje AC (p)432436.88.001.06.2026 10:10:00Povečan promet,Celje - Celje AC (p),432,43,6.8,8.0,01.06.2026 10:10:00,Povečan promet
,Celje AC - Celje (v)408417.28.301.06.2026 10:10:00Povečan promet,Celje AC - Celje (v),408,41,7.2,8.3,01.06.2026 10:10:00,Povečan promet
,Celje AC - Celje (p)624455.710.701.06.2026 10:10:00Povečan promet,Celje AC - Celje (p),624,45,5.7,10.7,01.06.2026 10:10:00,Povečan promet
R2-430,RadizelFram - Slivnica336479.66.801.06.2026 10:10:00Povečan promet,Fram - Slivnica,336,47,9.6,6.8,01.06.2026 10:10:00,Povečan promet
,Slivnica - Fram3484810.35.901.06.2026 10:10:00Povečan promet,Slivnica - Fram,348,48,10.3,5.9,01.06.2026 10:10:00,Povečan promet
R2-431,VitanjeGor. Dolič - Stranice1204426.42.201.06.2026 10:10:00Normalen promet,Gor. Dolič - Stranice,120,44,26.4,2.2,01.06.2026 10:10:00,Normalen promet
,Stranice - Gor. Dolič844244.21.501.06.2026 10:10:00Normalen promet,Stranice - Gor. Dolič,84,42,44.2,1.5,01.06.2026 10:10:00,Normalen promet
R2-432,LovrencApaški križ - Majšperk1924915.93.201.06.2026 10:10:00Normalen promet,Apaški križ - Majšperk,192,49,15.9,3.2,01.06.2026 10:10:00,Normalen promet
,Majšperk - Apaški križ1204925.41.901.06.2026 10:10:00Normalen promet,Majšperk - Apaški križ,120,49,25.4,1.9,01.06.2026 10:10:00,Normalen promet
R2-432,Kidričevo obvozniaKidricevo-Lovrenc na Drav. polju1272319.20.101.06.2026 10:00:00Normalen promet,Kidricevo-Lovrenc na Drav. polju,12,72,319.2,0.1,01.06.2026 10:00:00,Normalen promet
,Lovrenc na Drav. polju-Kidričevo3678122.10.501.06.2026 10:00:00Normalen promet,Lovrenc na Drav. polju-Kidričevo,36,78,122.1,0.5,01.06.2026 10:00:00,Normalen promet
R2-433,MT TrateAvstrija - Slovenija601239.65.201.06.2026 10:10:00Normalen promet,Avstrija - Slovenija,60,12,39.6,5.2,01.06.2026 10:10:00,Normalen promet
,Slovenija - Avstrija481969.22.801.06.2026 10:10:00Normalen promet,Slovenija - Avstrija,48,19,69.2,2.8,01.06.2026 10:10:00,Normalen promet
R2-433,Žerjavcikrižišče Sv. Ana - Lenart1807620.91.901.06.2026 10:10:00Normalen promet,križišče Sv. Ana - Lenart,180,76,20.9,1.9,01.06.2026 10:10:00,Normalen promet
,Lenart - križišče Sv. Ana1446731.22.001.06.2026 10:10:00Normalen promet,Lenart - križišče Sv. Ana,144,67,31.2,2.0,01.06.2026 10:10:00,Normalen promet
R2-436,Zgornja KungotaKungota - Maribor00999.90.001.06.2026 10:10:00Ni prometa,Kungota - Maribor,0,0,999.9,0.0,01.06.2026 10:10:00,Ni prometa
,Maribor - Kungota252014.95.801.06.2026 10:10:00Normalen promet,Maribor - Kungota,252,0,14.9,5.8,01.06.2026 10:10:00,Normalen promet
R2-436,MT JurijJurij - Zg. Kungota00999.90.001.06.2026 10:10:00Ni prometa,Jurij - Zg. Kungota,0,0,999.9,0.0,01.06.2026 10:10:00,Ni prometa
,Zg. Kungota - Jurij6035125.61.301.06.2026 10:10:00Normalen promet,Zg. Kungota - Jurij,60,35,125.6,1.3,01.06.2026 10:10:00,Normalen promet
R2-437,RancaPesnica - Šentilj1445923.32.201.06.2026 10:10:00Normalen promet,Pesnica - Šentilj,144,59,23.3,2.2,01.06.2026 10:10:00,Normalen promet
,Šentilj-Pesnica966842.11.101.06.2026 10:10:00Normalen promet,Šentilj-Pesnica,96,68,42.1,1.1,01.06.2026 10:10:00,Normalen promet
R2-437,MT Šentilj SCMT Šentilj - Šentilj (v)2166517.42.801.06.2026 10:10:00Normalen promet,MT Šentilj - Šentilj (v),216,65,17.4,2.8,01.06.2026 10:10:00,Normalen promet
,MT Šentilj - Šentilj (p)1280313.40.101.06.2026 10:10:00Normalen promet,MT Šentilj - Šentilj (p),12,80,313.4,0.1,01.06.2026 10:10:00,Normalen promet
,Šentilj - MT Šentilj (v)00999.90.001.06.2026 10:10:00Ni prometa,Šentilj - MT Šentilj (v),0,0,999.9,0.0,01.06.2026 10:10:00,Ni prometa
,Šentilj - MT Šentilj (p)2166616.12.801.06.2026 10:10:00Normalen promet,Šentilj - MT Šentilj (p),216,66,16.1,2.8,01.06.2026 10:10:00,Normalen promet
R2-438,Selnica ob MuriŠentilj - Trate2454136.20.301.06.2026 10:10:00Normalen promet,Šentilj - Trate,24,54,136.2,0.3,01.06.2026 10:10:00,Normalen promet
,Trate - Šentilj366098.70.401.06.2026 10:10:00Normalen promet,Trate - Šentilj,36,60,98.7,0.4,01.06.2026 10:10:00,Normalen promet
R2-438,ApačeGornja Radgona - Trate605173.50.901.06.2026 10:10:00Normalen promet,Gornja Radgona - Trate,60,51,73.5,0.9,01.06.2026 10:10:00,Normalen promet
,Trate - Gornja Radgona964836.61.801.06.2026 10:10:00Normalen promet,Trate - Gornja Radgona,96,48,36.6,1.8,01.06.2026 10:10:00,Normalen promet
R2-439,RenkovciBeltinci - Dobrovnik728443.90.601.06.2026 10:10:00Normalen promet,Beltinci - Dobrovnik,72,84,43.9,0.6,01.06.2026 10:10:00,Normalen promet
,Dobrovnik - Beltinci487031.50.501.06.2026 10:10:00Normalen promet,Dobrovnik - Beltinci,48,70,31.5,0.5,01.06.2026 10:10:00,Normalen promet
R2-439,DokležovjeDokležovje - Križevci1205423.21.901.06.2026 10:10:00Normalen promet,Dokležovje - Križevci,120,54,23.2,1.9,01.06.2026 10:10:00,Normalen promet
,Križevci - Dokležovje1325126.72.201.06.2026 10:10:00Normalen promet,Križevci - Dokležovje,132,51,26.7,2.2,01.06.2026 10:10:00,Normalen promet
R2-439,KraljevciLenart - Sv. Jurij1267358.40.101.06.2026 10:10:00Normalen promet,Lenart - Sv. Jurij,12,67,358.4,0.1,01.06.2026 10:10:00,Normalen promet
,Sv. Jurij - Lenart6065132.40.701.06.2026 10:10:00Normalen promet,Sv. Jurij - Lenart,60,65,132.4,0.7,01.06.2026 10:10:00,Normalen promet
R2-439,DobrovnikDobrovnik - Renkovci3656141.60.501.06.2026 10:10:00Normalen promet,Dobrovnik - Renkovci,36,56,141.6,0.5,01.06.2026 10:10:00,Normalen promet
,Renkovci - Dobrovnik246440.30.201.06.2026 10:10:00Normalen promet,Renkovci - Dobrovnik,24,64,40.3,0.2,01.06.2026 10:10:00,Normalen promet
R2-439,JamnaVidem - Žihlava846834.01.101.06.2026 10:05:00Normalen promet,Videm - Žihlava,84,68,34.0,1.1,01.06.2026 10:05:00,Normalen promet
,Žihlava - Videm486687.70.701.06.2026 10:05:00Normalen promet,Žihlava - Videm,48,66,87.7,0.7,01.06.2026 10:05:00,Normalen promet
R2-440,CankovaCankova - Večeslavci1805820.22.601.06.2026 10:10:00Normalen promet,Cankova - Večeslavci,180,58,20.2,2.6,01.06.2026 10:10:00,Normalen promet
,Večeslavci - Cankova1925115.42.901.06.2026 10:10:00Normalen promet,Večeslavci - Cankova,192,51,15.4,2.9,01.06.2026 10:10:00,Normalen promet
R2-440,SodišinciGederovci - Petanjci3638127.21.401.06.2026 10:10:00Normalen promet,Gederovci - Petanjci,36,38,127.2,1.4,01.06.2026 10:10:00,Normalen promet
,Petanjci - Gederovci3642110.20.701.06.2026 10:10:00Normalen promet,Petanjci - Gederovci,36,42,110.2,0.7,01.06.2026 10:10:00,Normalen promet
R2-440,MP KuzmaCankova - MP Kuzma724445.61.201.06.2026 10:05:00Normalen promet,Cankova - MP Kuzma,72,44,45.6,1.2,01.06.2026 10:05:00,Normalen promet
,MP Kuzma - Cankova2461122.20.301.06.2026 10:05:00Normalen promet,MP Kuzma - Cankova,24,61,122.2,0.3,01.06.2026 10:05:00,Normalen promet
R2-441,MP GederovciGederovci - MP Gederovci724748.11.201.06.2026 10:10:00Normalen promet,Gederovci - MP Gederovci,72,47,48.1,1.2,01.06.2026 10:10:00,Normalen promet
,MP Gederovci - Gederovci1804715.13.001.06.2026 10:10:00Normalen promet,MP Gederovci - Gederovci,180,47,15.1,3.0,01.06.2026 10:10:00,Normalen promet
R2-441,GederovciGederovci - Veščica2044517.03.901.06.2026 10:10:00Normalen promet,Gederovci - Veščica,204,45,17.0,3.9,01.06.2026 10:10:00,Normalen promet
,Veščica - Gederovci1924220.74.201.06.2026 10:10:00Normalen promet,Veščica - Gederovci,192,42,20.7,4.2,01.06.2026 10:10:00,Normalen promet
R2-441,ČernelavciMurska Sobota - Veščica2525112.04.701.06.2026 10:05:00Normalen promet,Murska Sobota - Veščica,252,51,12.0,4.7,01.06.2026 10:05:00,Normalen promet
,Veščica - Murska Sobota3245210.34.901.06.2026 10:05:00Normalen promet,Veščica - Murska Sobota,324,52,10.3,4.9,01.06.2026 10:05:00,Normalen promet
R2-442,MostjeDobrovnik - rondo Dolga vas844432.11.501.06.2026 10:05:00Normalen promet,Dobrovnik - rondo Dolga vas,84,44,32.1,1.5,01.06.2026 10:05:00,Normalen promet
,rondo Dolga vas - Dobrovnik604252.11.101.06.2026 10:05:00Normalen promet,rondo Dolga vas - Dobrovnik,60,42,52.1,1.1,01.06.2026 10:05:00,Normalen promet
R2-442,MartjanciM.Sobota - Moravske Toplice2405914.13.501.06.2026 10:10:00Normalen promet,M.Sobota - Moravske Toplice,240,59,14.1,3.5,01.06.2026 10:10:00,Normalen promet
,Moravske Toplice - M.Sobota1805719.52.501.06.2026 10:10:00Normalen promet,Moravske Toplice - M.Sobota,180,57,19.5,2.5,01.06.2026 10:10:00,Normalen promet
R2-442,FilovciDobrovnik - Martjanci722623.42.401.06.2026 10:10:00Normalen promet,Dobrovnik - Martjanci,72,26,23.4,2.4,01.06.2026 10:10:00,Normalen promet
,Martjanci - Dobrovnik966238.51.201.06.2026 10:10:00Normalen promet,Martjanci - Dobrovnik,96,62,38.5,1.2,01.06.2026 10:10:00,Normalen promet
R2-443,LipovciBratonci - Lipovci420417.612.401.06.2026 10:10:00Normalen promet,Bratonci - Lipovci,420,41,7.6,12.4,01.06.2026 10:10:00,Normalen promet
,Lipovci - Bratonci336599.25.001.06.2026 10:10:00Normalen promet,Lipovci - Bratonci,336,59,9.2,5.0,01.06.2026 10:10:00,Normalen promet
R2-443,MP PinceLendava - Madžarska00999.90.001.06.2026 10:05:00Ni prometa,Lendava - Madžarska,0,0,999.9,0.0,01.06.2026 10:05:00,Ni prometa
,Madžarska - Lendava127846.90.101.06.2026 10:05:00Normalen promet,Madžarska - Lendava,12,78,46.9,0.1,01.06.2026 10:05:00,Normalen promet
R2-443,OdranciBeltinci - Črenšovci1804921.22.901.06.2026 10:10:00Normalen promet,Beltinci - Črenšovci,180,49,21.2,2.9,01.06.2026 10:10:00,Normalen promet
,Črenšovci - Beltinci2285315.53.701.06.2026 10:10:00Normalen promet,Črenšovci - Beltinci,228,53,15.5,3.7,01.06.2026 10:10:00,Normalen promet
R2-443,HotizaČrenšovci - Dolnji Lakoš1086625.31.501.06.2026 10:05:00Normalen promet,Črenšovci - Dolnji Lakoš,108,66,25.3,1.5,01.06.2026 10:05:00,Normalen promet
,Dolnji Lakoš - Črenšovci1325817.52.001.06.2026 10:05:00Normalen promet,Dolnji Lakoš - Črenšovci,132,58,17.5,2.0,01.06.2026 10:05:00,Normalen promet
R2-443,LendavaDol. Lakoš - Lendava1446832.21.701.06.2026 10:05:00Normalen promet,Dol. Lakoš - Lendava,144,68,32.2,1.7,01.06.2026 10:05:00,Normalen promet
,Lendava - Dol. Lakoš2765913.13.801.06.2026 10:05:00Normalen promet,Lendava - Dol. Lakoš,276,59,13.1,3.8,01.06.2026 10:05:00,Normalen promet
R2-444,Rožna dolinaNova Gorica - Selo1805820.72.501.06.2026 10:10:00Normalen promet,Nova Gorica - Selo,180,58,20.7,2.5,01.06.2026 10:10:00,Normalen promet
,Selo - Nova Gorica965236.61.401.06.2026 10:10:00Normalen promet,Selo - Nova Gorica,96,52,36.6,1.4,01.06.2026 10:10:00,Normalen promet
R2-444,Log pri VipaviAjdovščina - Vipava1325723.21.901.06.2026 10:10:00Normalen promet,Ajdovščina - Vipava,132,57,23.2,1.9,01.06.2026 10:10:00,Normalen promet
,Vipava - Ajdovščina2525413.34.101.06.2026 10:10:00Normalen promet,Vipava - Ajdovščina,252,54,13.3,4.1,01.06.2026 10:10:00,Normalen promet
R2-444,PodgričPodnanos - Razdrto3646181.70.501.06.2026 10:15:00Normalen promet,Podnanos - Razdrto,36,46,181.7,0.5,01.06.2026 10:15:00,Normalen promet
,Razdrto - Podnanos364454.01.001.06.2026 10:15:00Normalen promet,Razdrto - Podnanos,36,44,54.0,1.0,01.06.2026 10:15:00,Normalen promet
R2-444,MT Rožna dolinaNova Gorica - Rožna dolina2403314.65.601.06.2026 10:05:00Normalen promet,Nova Gorica - Rožna dolina,240,33,14.6,5.6,01.06.2026 10:05:00,Normalen promet
,Rožna dolina -Nova Gorica336349.47.801.06.2026 10:05:00Normalen promet,Rožna dolina -Nova Gorica,336,34,9.4,7.8,01.06.2026 10:05:00,Normalen promet
R2-444,Ajdovščina 2Ajdovščina - Selo2405812.93.301.06.2026 10:05:00Normalen promet,Ajdovščina - Selo,240,58,12.9,3.3,01.06.2026 10:05:00,Normalen promet
,Ajdovščina - Selo2046217.42.701.06.2026 10:05:00Normalen promet,Ajdovščina - Selo,204,62,17.4,2.7,01.06.2026 10:05:00,Normalen promet
R2-444,Tri hišeAjševica - Ozeljan2286812.92.701.06.2026 10:10:00Normalen promet,Ajševica - Ozeljan,228,68,12.9,2.7,01.06.2026 10:10:00,Normalen promet
,Ozeljan - Ajševica348629.94.601.06.2026 10:10:00Normalen promet,Ozeljan - Ajševica,348,62,9.9,4.6,01.06.2026 10:10:00,Normalen promet
R2-444,Gradišče pri VipaviManče - Vipava1445626.42.201.06.2026 10:05:00Normalen promet,Manče - Vipava,144,56,26.4,2.2,01.06.2026 10:05:00,Normalen promet
,Vipava - Manče2046418.12.701.06.2026 10:05:00Normalen promet,Vipava - Manče,204,64,18.1,2.7,01.06.2026 10:05:00,Normalen promet
R2-444,OzeljanSelo - Tri hiše2165016.33.501.06.2026 10:05:00Normalen promet,Selo - Tri hiše,216,50,16.3,3.5,01.06.2026 10:05:00,Normalen promet
,Tri hiše - Selo2165316.03.401.06.2026 10:05:00Normalen promet,Tri hiše - Selo,216,53,16.0,3.4,01.06.2026 10:05:00,Normalen promet
R2-445,SenadoličeSenožeče - Sežana3672115.40.401.06.2026 10:05:00Normalen promet,Senožeče - Sežana,36,72,115.4,0.4,01.06.2026 10:05:00,Normalen promet
,Sežana - Senožeče488970.60.401.06.2026 10:05:00Normalen promet,Sežana - Senožeče,48,89,70.6,0.4,01.06.2026 10:05:00,Normalen promet
R2-445,ŠtorjeSenožeče - Sežana1088730.60.901.06.2026 10:05:00Normalen promet,Senožeče - Sežana,108,87,30.6,0.9,01.06.2026 10:05:00,Normalen promet
,Sežana - Senožeče728449.70.701.06.2026 10:05:00Normalen promet,Sežana - Senožeče,72,84,49.7,0.7,01.06.2026 10:05:00,Normalen promet
R2-445,Sežana 3Fernetiči - Sežana420377.69.401.06.2026 10:05:00Normalen promet,Fernetiči - Sežana,420,37,7.6,9.4,01.06.2026 10:05:00,Normalen promet
,Sežana - Fernetiči612365.013.701.06.2026 10:05:00Povečan promet,Sežana - Fernetiči,612,36,5.0,13.7,01.06.2026 10:05:00,Povečan promet
R2-446,SežanaDivača - Sežana1564319.82.901.06.2026 10:05:00Normalen promet,Divača - Sežana,156,43,19.8,2.9,01.06.2026 10:05:00,Normalen promet
,Sežana - Divača1325424.02.001.06.2026 10:05:00Normalen promet,Sežana - Divača,132,54,24.0,2.0,01.06.2026 10:05:00,Normalen promet
R2-447,ŠentvidLukovica - Želodnik2404714.04.401.06.2026 10:10:00Normalen promet,Lukovica - Želodnik,240,47,14.0,4.4,01.06.2026 10:10:00,Normalen promet
,Želodnik - Lukovica2044317.24.101.06.2026 10:10:00Normalen promet,Želodnik - Lukovica,204,43,17.2,4.1,01.06.2026 10:10:00,Normalen promet
R2-447,Depala vasDomžale - Trzin780623.910.801.06.2026 10:05:00Zgoščen promet,Domžale - Trzin,780,62,3.9,10.8,01.06.2026 10:05:00,Zgoščen promet
,Trzin - Domžale600665.47.801.06.2026 10:05:00Povečan promet,Trzin - Domžale,600,66,5.4,7.8,01.06.2026 10:05:00,Povečan promet
R2-447,ŠempeterŠempeter - Vrbensko polje576545.59.301.06.2026 10:10:00Povečan promet,Šempeter - Vrbensko polje,576,54,5.5,9.3,01.06.2026 10:10:00,Povečan promet
,Vrbensko polje - Šempeter600444.912.501.06.2026 10:10:00Povečan promet,Vrbensko polje - Šempeter,600,44,4.9,12.5,01.06.2026 10:10:00,Povečan promet
R2-447,ŽelodnikDomžale - Želodnik396549.07.101.06.2026 10:10:00Normalen promet,Domžale - Želodnik,396,54,9.0,7.1,01.06.2026 10:10:00,Normalen promet
,Želodnik - Domžale2765612.34.401.06.2026 10:10:00Normalen promet,Želodnik - Domžale,276,56,12.3,4.4,01.06.2026 10:10:00,Normalen promet
R2-447,TaborŠentrupert - Vransko966838.91.101.06.2026 10:10:00Normalen promet,Šentrupert - Vransko,96,68,38.9,1.1,01.06.2026 10:10:00,Normalen promet
,Vransko - Šentrupert1086636.11.601.06.2026 10:10:00Normalen promet,Vransko - Šentrupert,108,66,36.1,1.6,01.06.2026 10:10:00,Normalen promet
R2-447,Trojane 2Ločica - Trojane1205937.81.701.06.2026 10:05:00Normalen promet,Ločica - Trojane,120,59,37.8,1.7,01.06.2026 10:05:00,Normalen promet
,Trojane - Ločica725957.40.901.06.2026 10:05:00Normalen promet,Trojane - Ločica,72,59,57.4,0.9,01.06.2026 10:05:00,Normalen promet
R2-447,TrojaneLukovica - Trojane725647.21.201.06.2026 10:10:00Normalen promet,Lukovica - Trojane,72,56,47.2,1.2,01.06.2026 10:10:00,Normalen promet
,Trojane - Lukovica726551.40.901.06.2026 10:10:00Normalen promet,Trojane - Lukovica,72,65,51.4,0.9,01.06.2026 10:10:00,Normalen promet
R2-447,Žalec (Tuš)Šempeter - Žalec2525615.13.501.06.2026 10:10:00Normalen promet,Šempeter - Žalec,252,56,15.1,3.5,01.06.2026 10:10:00,Normalen promet
,Zalec - Šempeter552506.19.701.06.2026 10:10:00Povečan promet,Zalec - Šempeter,552,50,6.1,9.7,01.06.2026 10:10:00,Povečan promet
R2-447,VranskoLočica - Vransko966438.41.301.06.2026 10:10:00Normalen promet,Ločica - Vransko,96,64,38.4,1.3,01.06.2026 10:10:00,Normalen promet
,Vransko - Ločica1927017.02.101.06.2026 10:10:00Normalen promet,Vransko - Ločica,192,70,17.0,2.1,01.06.2026 10:10:00,Normalen promet
R2-447,DomžaleDomžale - Trzin516517.18.401.06.2026 10:05:00Povečan promet,Domžale - Trzin,516,51,7.1,8.4,01.06.2026 10:05:00,Povečan promet
,Trzin - Domžale360528.85.501.06.2026 10:05:00Normalen promet,Trzin - Domžale,360,52,8.8,5.5,01.06.2026 10:05:00,Normalen promet
R2-448,KarteljevoPriklj. NM zahod - Sentjurij1086137.11.901.06.2026 10:10:00Normalen promet,Priklj. NM zahod - Sentjurij,108,61,37.1,1.9,01.06.2026 10:10:00,Normalen promet
,Šentjurij - priklj. NM Zahod1805819.92.501.06.2026 10:10:00Normalen promet,Šentjurij - priklj. NM Zahod,180,58,19.9,2.5,01.06.2026 10:10:00,Normalen promet
R2-448,OtočecLešnica - Otočec3128411.23.201.06.2026 10:10:00Normalen promet,Lešnica - Otočec,312,84,11.2,3.2,01.06.2026 10:10:00,Normalen promet
,Otočec - Lešnica3248210.83.301.06.2026 10:10:00Normalen promet,Otočec - Lešnica,324,82,10.8,3.3,01.06.2026 10:10:00,Normalen promet
R2-448,Trebnje 2Priklj. Trebnje zahod - Trebnje2287415.83.101.06.2026 10:10:00Normalen promet,Priklj. Trebnje zahod - Trebnje,228,74,15.8,3.1,01.06.2026 10:10:00,Normalen promet
,Trebnje - Priklj. Trebnje zahod2407214.43.201.06.2026 10:10:00Normalen promet,Trebnje - Priklj. Trebnje zahod,240,72,14.4,3.2,01.06.2026 10:10:00,Normalen promet
R2-448,Mačkovec 2Mačkovec - NM Ločna420528.47.001.06.2026 10:05:00Normalen promet,Mačkovec - NM Ločna,420,52,8.4,7.0,01.06.2026 10:05:00,Normalen promet
,NM Ločna - Mačkovec360539.76.501.06.2026 10:05:00Normalen promet,NM Ločna - Mačkovec,360,53,9.7,6.5,01.06.2026 10:05:00,Normalen promet
R2-448,TrebnjeNovo Mesto - Trebnje609664.20.501.06.2026 10:05:00Normalen promet,Novo Mesto - Trebnje,60,96,64.2,0.5,01.06.2026 10:05:00,Normalen promet
,Trebnje - Novo Mesto609033.20.601.06.2026 10:05:00Normalen promet,Trebnje - Novo Mesto,60,90,33.2,0.6,01.06.2026 10:05:00,Normalen promet
R2-448,DragaDolenje Kronovo - Gor. Gomila485281.80.701.06.2026 10:10:00Normalen promet,Dolenje Kronovo - Gor. Gomila,48,52,81.8,0.7,01.06.2026 10:10:00,Normalen promet
,Gor. Gomila - Dolenje Kronovo605355.70.801.06.2026 10:10:00Normalen promet,Gor. Gomila - Dolenje Kronovo,60,53,55.7,0.8,01.06.2026 10:10:00,Normalen promet
R2-448,Gorenje KronovoKronovo - Otočec2166216.42.701.06.2026 10:05:00Normalen promet,Kronovo - Otočec,216,62,16.4,2.7,01.06.2026 10:05:00,Normalen promet
,Otočec - Kronovo1566826.22.001.06.2026 10:05:00Normalen promet,Otočec - Kronovo,156,68,26.2,2.0,01.06.2026 10:05:00,Normalen promet
R2-448,MačkovecLešnica - Mačkovec3367210.13.901.06.2026 10:10:00Normalen promet,Lešnica - Mačkovec,336,72,10.1,3.9,01.06.2026 10:10:00,Normalen promet
,Mačkovec - Lešnica3007511.73.501.06.2026 10:10:00Normalen promet,Mačkovec - Lešnica,300,75,11.7,3.5,01.06.2026 10:10:00,Normalen promet
R2-449,LenartLenart - Priključek Lenart396468.77.101.06.2026 10:10:00Normalen promet,Lenart - Priključek Lenart,396,46,8.7,7.1,01.06.2026 10:10:00,Normalen promet
,Priključek Lenart - Lenart396468.67.101.06.2026 10:10:00Normalen promet,Priključek Lenart - Lenart,396,46,8.6,7.1,01.06.2026 10:10:00,Normalen promet
R2-449,Podgrad pri G. RadgoniG. Radgona - Podgrad2525313.44.201.06.2026 10:05:00Normalen promet,G. Radgona - Podgrad,252,53,13.4,4.2,01.06.2026 10:05:00,Normalen promet
,Podgrad - G. Radgona3005010.74.901.06.2026 10:05:00Normalen promet,Podgrad - G. Radgona,300,50,10.7,4.9,01.06.2026 10:05:00,Normalen promet
R2-449,MočnaLenart - Pesnica725048.21.201.06.2026 10:10:00Normalen promet,Lenart - Pesnica,72,50,48.2,1.2,01.06.2026 10:10:00,Normalen promet
,Pesnica - Lenart1807018.92.001.06.2026 10:10:00Normalen promet,Pesnica - Lenart,180,70,18.9,2.0,01.06.2026 10:10:00,Normalen promet
R2-449,IhovaGornja Radgona - Lenart1686720.62.301.06.2026 10:10:00Normalen promet,Gornja Radgona - Lenart,168,67,20.6,2.3,01.06.2026 10:10:00,Normalen promet
,Lenart - Gornja Radgona1327025.12.301.06.2026 10:10:00Normalen promet,Lenart - Gornja Radgona,132,70,25.1,2.3,01.06.2026 10:10:00,Normalen promet
R2-450,RogozaAC priklj. Rogoza - Hoče3126110.74.501.06.2026 10:10:00Normalen promet,AC priklj. Rogoza - Hoče,312,61,10.7,4.5,01.06.2026 10:10:00,Normalen promet
,Hoče - AC priklj. Rogoza2645913.14.301.06.2026 10:10:00Normalen promet,Hoče - AC priklj. Rogoza,264,59,13.1,4.3,01.06.2026 10:10:00,Normalen promet
R2-451,ŽalecArja vas - Žalec2648012.13.001.06.2026 10:10:00Normalen promet,Arja vas - Žalec,264,80,12.1,3.0,01.06.2026 10:10:00,Normalen promet
,Žalec - Arja vas1927318.82.701.06.2026 10:10:00Normalen promet,Žalec - Arja vas,192,73,18.8,2.7,01.06.2026 10:10:00,Normalen promet
R2-452,Jesenice zahodHrušica - Plavž3006812.04.101.06.2026 10:10:00Normalen promet,Hrušica - Plavž,300,68,12.0,4.1,01.06.2026 10:10:00,Normalen promet
,Plavž - Hrušica2046516.42.601.06.2026 10:10:00Normalen promet,Plavž - Hrušica,204,65,16.4,2.6,01.06.2026 10:10:00,Normalen promet
R2-452,Slovenski JavornikJesenice - Sl. Javornik516486.69.101.06.2026 10:10:00Povečan promet,Jesenice - Sl. Javornik,516,48,6.6,9.1,01.06.2026 10:10:00,Povečan promet
,Sl. Javornik - Jesenice636505.010.401.06.2026 10:10:00Povečan promet,Sl. Javornik - Jesenice,636,50,5.0,10.4,01.06.2026 10:10:00,Povečan promet
R2-452,VrbaLesce - Žirovnica1447824.91.701.06.2026 10:10:00Normalen promet,Lesce - Žirovnica,144,78,24.9,1.7,01.06.2026 10:10:00,Normalen promet
,Žirovnica - Lesce3008310.32.901.06.2026 10:10:00Normalen promet,Žirovnica - Lesce,300,83,10.3,2.9,01.06.2026 10:10:00,Normalen promet
R2-452,Moste pri ŽirovniciJavornik - Žirovnica2886912.43.201.06.2026 10:10:00Normalen promet,Javornik - Žirovnica,288,69,12.4,3.2,01.06.2026 10:10:00,Normalen promet
,Žirovnica - Javornik1446525.21.801.06.2026 10:10:00Normalen promet,Žirovnica - Javornik,144,65,25.2,1.8,01.06.2026 10:10:00,Normalen promet
R2-452,RadovljicaKranj - Lesce3366410.74.401.06.2026 10:10:00Normalen promet,Kranj - Lesce,336,64,10.7,4.4,01.06.2026 10:10:00,Normalen promet
,Lesce - Kranj360569.05.401.06.2026 10:10:00Normalen promet,Lesce - Kranj,360,56,9.0,5.4,01.06.2026 10:10:00,Normalen promet
R2-452,Radovljica 2Kranj - Lesce966642.81.501.06.2026 10:05:00Normalen promet,Kranj - Lesce,96,66,42.8,1.5,01.06.2026 10:05:00,Normalen promet
,Lesce - Kranj1326426.61.701.06.2026 10:05:00Normalen promet,Lesce - Kranj,132,64,26.6,1.7,01.06.2026 10:05:00,Normalen promet
R2-454,Miklavž severMaribor - Miklavž3485811.24.801.06.2026 10:10:00Normalen promet,Maribor - Miklavž,348,58,11.2,4.8,01.06.2026 10:10:00,Normalen promet
,Miklavž - Maribor3485410.05.801.06.2026 10:10:00Povečan promet,Miklavž - Maribor,348,54,10.0,5.8,01.06.2026 10:10:00,Povečan promet
R2-454,StaršeHajdina - Miklavž1205732.91.701.06.2026 10:10:00Normalen promet,Hajdina - Miklavž,120,57,32.9,1.7,01.06.2026 10:10:00,Normalen promet
,Miklavž - Hajdnina1084832.71.701.06.2026 10:10:00Normalen promet,Miklavž - Hajdnina,108,48,32.7,1.7,01.06.2026 10:10:00,Normalen promet
R2-454,Zgornja HajdinaHajdina - priključek Hajdina360539.95.601.06.2026 10:10:00Normalen promet,Hajdina - priključek Hajdina,360,53,9.9,5.6,01.06.2026 10:10:00,Normalen promet
,priključek Hajdina - Hajdina1926218.12.701.06.2026 10:10:00Normalen promet,priključek Hajdina - Hajdina,192,62,18.1,2.7,01.06.2026 10:10:00,Normalen promet
R2-454,PobrežjeLancova vas - Turnišče605452.31.001.06.2026 10:10:00Normalen promet,Lancova vas - Turnišče,60,54,52.3,1.0,01.06.2026 10:10:00,Normalen promet
,Turnišče - Lancova vas607537.90.601.06.2026 10:10:00Normalen promet,Turnišče - Lancova vas,60,75,37.9,0.6,01.06.2026 10:10:00,Normalen promet
R3-608,Solkan 2Grgar - Solkan1323615.83.101.06.2026 10:10:00Normalen promet,Grgar - Solkan,132,36,15.8,3.1,01.06.2026 10:10:00,Normalen promet
,Solkan - Grgar483830.10.901.06.2026 10:10:00Normalen promet,Solkan - Grgar,48,38,30.1,0.9,01.06.2026 10:10:00,Normalen promet
R3-611,BatujeDornberk - Selo845035.71.301.06.2026 10:05:00Normalen promet,Dornberk - Selo,84,50,35.7,1.3,01.06.2026 10:05:00,Normalen promet
,Selo - Dornberk245181.10.301.06.2026 10:05:00Normalen promet,Selo - Dornberk,24,51,81.1,0.3,01.06.2026 10:05:00,Normalen promet
R3-613,KromberkAjševica - Kromberk492676.76.301.06.2026 10:10:00Povečan promet,Ajševica - Kromberk,492,67,6.7,6.3,01.06.2026 10:10:00,Povečan promet
,Kromberk - Ajševica456616.95.901.06.2026 10:10:00Povečan promet,Kromberk - Ajševica,456,61,6.9,5.9,01.06.2026 10:10:00,Povečan promet
R3-614,KostanjevicaKomen - Miren2434697.30.501.06.2026 10:10:00Normalen promet,Komen - Miren,24,34,697.3,0.5,01.06.2026 10:10:00,Normalen promet
,Miren - Komen1249487.00.101.06.2026 10:10:00Normalen promet,Miren - Komen,12,49,487.0,0.1,01.06.2026 10:10:00,Normalen promet
R3-614,TomačevicaKomen - Štanjel484593.00.801.06.2026 10:10:00Normalen promet,Komen - Štanjel,48,45,93.0,0.8,01.06.2026 10:10:00,Normalen promet
,Štanjel - Komen1247239.40.301.06.2026 10:10:00Normalen promet,Štanjel - Komen,12,47,239.4,0.3,01.06.2026 10:10:00,Normalen promet
R3-614,MančeManče - Štanjel1247283.10.101.06.2026 10:10:00Normalen promet,Manče - Štanjel,12,47,283.1,0.1,01.06.2026 10:10:00,Normalen promet
,Štanjel - Manče2445116.30.601.06.2026 10:10:00Normalen promet,Štanjel - Manče,24,45,116.3,0.6,01.06.2026 10:10:00,Normalen promet
R3-614,MirenGornji Miren - Miren2045718.02.901.06.2026 10:10:00Normalen promet,Gornji Miren - Miren,204,57,18.0,2.9,01.06.2026 10:10:00,Normalen promet
,Miren - Gornji Miren1085928.21.801.06.2026 10:10:00Normalen promet,Miren - Gornji Miren,108,59,28.2,1.8,01.06.2026 10:10:00,Normalen promet
R3-614,VrtojbaD. Vrtojba - Gornji Miren2047017.52.301.06.2026 10:05:00Normalen promet,D. Vrtojba - Gornji Miren,204,70,17.5,2.3,01.06.2026 10:05:00,Normalen promet
,Gornji Miren - D. Vrtojba2286715.52.801.06.2026 10:05:00Normalen promet,Gornji Miren - D. Vrtojba,228,67,15.5,2.8,01.06.2026 10:05:00,Normalen promet
R3-615,VogrskoPriključek Vogrsko - Tri Hiše2526316.64.201.06.2026 10:10:00Normalen promet,Priključek Vogrsko - Tri Hiše,252,63,16.6,4.2,01.06.2026 10:10:00,Normalen promet
,Tri Hiše - Priključek Vogrsko1807121.92.101.06.2026 10:10:00Normalen promet,Tri Hiše - Priključek Vogrsko,180,71,21.9,2.1,01.06.2026 10:10:00,Normalen promet
R3-615,Vogrsko 2Tri hiše - Volčja Draga1207129.81.401.06.2026 10:10:00Normalen promet,Tri hiše - Volčja Draga,120,71,29.8,1.4,01.06.2026 10:10:00,Normalen promet
,Volčja Draga - Tri hiše1326823.61.901.06.2026 10:10:00Normalen promet,Volčja Draga - Tri hiše,132,68,23.6,1.9,01.06.2026 10:10:00,Normalen promet
R3-617,KomenGorjansko - Komen364142.30.601.06.2026 10:10:00Normalen promet,Gorjansko - Komen,36,41,42.3,0.6,01.06.2026 10:10:00,Normalen promet
,Komen - Gorjansko484037.90.901.06.2026 10:10:00Normalen promet,Komen - Gorjansko,48,40,37.9,0.9,01.06.2026 10:10:00,Normalen promet
R3-619,Dol pri VogljahDutovlje - Repentabor365479.10.501.06.2026 10:10:00Normalen promet,Dutovlje - Repentabor,36,54,79.1,0.5,01.06.2026 10:10:00,Normalen promet
,Repentabor - Dutovlje3667161.70.401.06.2026 10:10:00Normalen promet,Repentabor - Dutovlje,36,67,161.7,0.4,01.06.2026 10:10:00,Normalen promet
R3-620,KazljeŠtanjel - Štorje2446258.00.401.06.2026 10:10:00Normalen promet,Štanjel - Štorje,24,46,258.0,0.4,01.06.2026 10:10:00,Normalen promet
,Štorje - Štanjel1244312.20.201.06.2026 10:10:00Normalen promet,Štorje - Štanjel,12,44,312.2,0.2,01.06.2026 10:10:00,Normalen promet
R3-621,HrušicaCol - Kalce365960.70.401.06.2026 10:10:00Normalen promet,Col - Kalce,36,59,60.7,0.4,01.06.2026 10:10:00,Normalen promet
,Kalce - Col4874108.80.301.06.2026 10:10:00Normalen promet,Kalce - Col,48,74,108.8,0.3,01.06.2026 10:10:00,Normalen promet
R3-625,VrtineBertoki - Sv. Anton1684620.43.501.06.2026 10:00:00Normalen promet,Bertoki - Sv. Anton,168,46,20.4,3.5,01.06.2026 10:00:00,Normalen promet
,Sv. Anton - Bertoki1804925.03.201.06.2026 10:00:00Normalen promet,Sv. Anton - Bertoki,180,49,25.0,3.2,01.06.2026 10:00:00,Normalen promet
R3-627,GabrovicaČrni Kal - Osp2439122.60.601.06.2026 10:10:00Normalen promet,Črni Kal - Osp,24,39,122.6,0.6,01.06.2026 10:10:00,Normalen promet
,Osp - Črni Kal122798.70.301.06.2026 10:10:00Normalen promet,Osp - Črni Kal,12,27,98.7,0.3,01.06.2026 10:10:00,Normalen promet
R3-628,DragonjaDragonja - Sečovlje967637.91.001.06.2026 10:10:00Normalen promet,Dragonja - Sečovlje,96,76,37.9,1.0,01.06.2026 10:10:00,Normalen promet
,Sečovlje - Dragonja486489.60.601.06.2026 10:10:00Normalen promet,Sečovlje - Dragonja,48,64,89.6,0.6,01.06.2026 10:10:00,Normalen promet
R3-629,Beli KrižPiran - Beli Križ - Valeta3243310.17.901.06.2026 10:05:00Normalen promet,Piran - Beli Križ - Valeta,324,33,10.1,7.9,01.06.2026 10:05:00,Normalen promet
,Valeta - Beli Križ - Piran2043914.74.301.06.2026 10:05:00Normalen promet,Valeta - Beli Križ - Piran,204,39,14.7,4.3,01.06.2026 10:05:00,Normalen promet
R3-632,VrbovoIlirska Bistrica - Zabiče727538.40.701.06.2026 10:10:00Normalen promet,Ilirska Bistrica - Zabiče,72,75,38.4,0.7,01.06.2026 10:10:00,Normalen promet
,Zabiče - Ilirska Bistrica3656119.20.501.06.2026 10:10:00Normalen promet,Zabiče - Ilirska Bistrica,36,56,119.2,0.5,01.06.2026 10:10:00,Normalen promet
R3-633,Srednja vasJereka - Jezero603264.82.601.06.2026 10:10:00Normalen promet,Jereka - Jezero,60,32,64.8,2.6,01.06.2026 10:10:00,Normalen promet
,Jezero - Jereka364495.40.601.06.2026 10:10:00Normalen promet,Jezero - Jereka,36,44,95.4,0.6,01.06.2026 10:10:00,Normalen promet
R3-634,Spodnje GorjeBled - Gorje216335.95.001.06.2026 10:10:00Povečan promet,Bled - Gorje,216,33,5.9,5.0,01.06.2026 10:10:00,Povečan promet
,Gorje - Bled252367.96.101.06.2026 10:10:00Normalen promet,Gorje - Bled,252,36,7.9,6.1,01.06.2026 10:10:00,Normalen promet
R3-634,KočnaBled - Jesenice605352.30.801.06.2026 10:05:00Normalen promet,Bled - Jesenice,60,53,52.3,0.8,01.06.2026 10:05:00,Normalen promet
,Jesenice - Bled1325330.42.001.06.2026 10:05:00Normalen promet,Jesenice - Bled,132,53,30.4,2.0,01.06.2026 10:05:00,Normalen promet
R3-635,Kamna GoricaLesce - Naklo1328141.91.001.06.2026 10:05:00Normalen promet,Lesce - Naklo,132,81,41.9,1.0,01.06.2026 10:05:00,Normalen promet
,Naklo-Lesce487355.90.601.06.2026 10:05:00Normalen promet,Naklo-Lesce,48,73,55.9,0.6,01.06.2026 10:05:00,Normalen promet
R3-636,PodtaborPodtabor - Zvirče965048.31.601.06.2026 10:05:00Normalen promet,Podtabor - Zvirče,96,50,48.3,1.6,01.06.2026 10:05:00,Normalen promet
,Zvirče - Podtabor1085031.61.901.06.2026 10:05:00Normalen promet,Zvirče - Podtabor,108,50,31.6,1.9,01.06.2026 10:05:00,Normalen promet
R3-638,ZabreznicaBegunje - Žirovnica963926.71.901.06.2026 10:00:00Normalen promet,Begunje - Žirovnica,96,39,26.7,1.9,01.06.2026 10:00:00,Normalen promet
,Žirovnica - Begunje723748.21.501.06.2026 10:00:00Normalen promet,Žirovnica - Begunje,72,37,48.2,1.5,01.06.2026 10:00:00,Normalen promet
R3-639,PovodjeŠmartno - Vodice606537.20.701.06.2026 10:10:00Normalen promet,Šmartno - Vodice,60,65,37.2,0.7,01.06.2026 10:10:00,Normalen promet
,Vodice - Šmartno1086533.31.301.06.2026 10:10:00Normalen promet,Vodice - Šmartno,108,65,33.3,1.3,01.06.2026 10:10:00,Normalen promet
R3-639,LJ TacenLJ Šentvid - LJ Šmartno3124411.05.801.06.2026 10:10:00Normalen promet,LJ Šentvid - LJ Šmartno,312,44,11.0,5.8,01.06.2026 10:10:00,Normalen promet
,LJ Šmartno - LJ Šentvid2643912.86.001.06.2026 10:10:00Normalen promet,LJ Šmartno - LJ Šentvid,264,39,12.8,6.0,01.06.2026 10:10:00,Normalen promet
R3-639,VodiceSp. Brnik - Vodice3363910.17.601.06.2026 10:10:00Normalen promet,Sp. Brnik - Vodice,336,39,10.1,7.6,01.06.2026 10:10:00,Normalen promet
,Vodice - Sp. Brnik964531.11.701.06.2026 10:10:00Normalen promet,Vodice - Sp. Brnik,96,45,31.1,1.7,01.06.2026 10:10:00,Normalen promet
R3-639,Zgornji BrnikCerklje - Sp. Brnik1925117.73.301.06.2026 10:10:00Normalen promet,Cerklje - Sp. Brnik,192,51,17.7,3.3,01.06.2026 10:10:00,Normalen promet
,Sp. Brnik - Cerklje965342.21.701.06.2026 10:10:00Normalen promet,Sp. Brnik - Cerklje,96,53,42.2,1.7,01.06.2026 10:10:00,Normalen promet
R3-640,Laze pri LogatcuLogatec - Rakek1259326.20.101.06.2026 10:10:00Normalen promet,Logatec - Rakek,12,59,326.2,0.1,01.06.2026 10:10:00,Normalen promet
,Rakek - Logatec2440314.60.401.06.2026 10:10:00Normalen promet,Rakek - Logatec,24,40,314.6,0.4,01.06.2026 10:10:00,Normalen promet
R3-641,Log pri Polhovem GradcuDobrova - Polhov Gradec1087430.91.301.06.2026 10:10:00Normalen promet,Dobrova - Polhov Gradec,108,74,30.9,1.3,01.06.2026 10:10:00,Normalen promet
,Polhov Gradec - Dobrova726843.51.101.06.2026 10:10:00Normalen promet,Polhov Gradec - Dobrova,72,68,43.5,1.1,01.06.2026 10:10:00,Normalen promet
R3-641,DobrovaDobrova - Ljubljana1804819.42.901.06.2026 10:10:00Normalen promet,Dobrova - Ljubljana,180,48,19.4,2.9,01.06.2026 10:10:00,Normalen promet
,Ljubljana - Dobrova3244810.75.401.06.2026 10:10:00Normalen promet,Ljubljana - Dobrova,324,48,10.7,5.4,01.06.2026 10:10:00,Normalen promet
R3-642,BorovnicaPodpeč - Vrhnika484365.20.901.06.2026 10:10:00Normalen promet,Podpeč - Vrhnika,48,43,65.2,0.9,01.06.2026 10:10:00,Normalen promet
,Vrhnika - Podpeč844642.91.501.06.2026 10:10:00Normalen promet,Vrhnika - Podpeč,84,46,42.9,1.5,01.06.2026 10:10:00,Normalen promet
R3-642,PodkrajIg - Podpeč484745.40.801.06.2026 10:05:00Normalen promet,Ig - Podpeč,48,47,45.4,0.8,01.06.2026 10:05:00,Normalen promet
,Podpeč - Ig365097.80.501.06.2026 10:05:00Normalen promet,Podpeč - Ig,36,50,97.8,0.5,01.06.2026 10:05:00,Normalen promet
R3-642,Ig 2Ig - LJ (Peruzzijeva)1446028.72.001.06.2026 10:10:00Normalen promet,Ig - LJ (Peruzzijeva),144,60,28.7,2.0,01.06.2026 10:10:00,Normalen promet
,LJ (Peruzzijeva) - Ig1686122.02.301.06.2026 10:10:00Normalen promet,LJ (Peruzzijeva) - Ig,168,61,22.0,2.3,01.06.2026 10:10:00,Normalen promet
R3-643,PreserjePodpeč - Rakitna4844124.80.901.06.2026 10:05:00Normalen promet,Podpeč - Rakitna,48,44,124.8,0.9,01.06.2026 10:05:00,Normalen promet
,Rakitna - Podpeč2442166.00.401.06.2026 10:05:00Normalen promet,Rakitna - Podpeč,24,42,166.0,0.4,01.06.2026 10:05:00,Normalen promet
R3-644,SneberjeLJ Sneberje - Šentjakob1924417.03.601.06.2026 10:10:00Normalen promet,LJ Sneberje - Šentjakob,192,44,17.0,3.6,01.06.2026 10:10:00,Normalen promet
,Šentjakob - LJ Sneberje3123910.87.801.06.2026 10:10:00Povečan promet,Šentjakob - LJ Sneberje,312,39,10.8,7.8,01.06.2026 10:10:00,Povečan promet
R3-644,PodgoricaDomžale - Šentjakob3364910.16.601.06.2026 10:05:00Normalen promet,Domžale - Šentjakob,336,49,10.1,6.6,01.06.2026 10:05:00,Normalen promet
,Šentjakob - Domžale348489.86.501.06.2026 10:05:00Normalen promet,Šentjakob - Domžale,348,48,9.8,6.5,01.06.2026 10:05:00,Normalen promet
R3-644,LJ ŠmartnoObvoznica - Sneberje3724310.27.301.06.2026 10:10:00Normalen promet,Obvoznica - Sneberje,372,43,10.2,7.3,01.06.2026 10:10:00,Normalen promet
,Sneberje - Obvoznica468497.07.801.06.2026 10:10:00Normalen promet,Sneberje - Obvoznica,468,49,7.0,7.8,01.06.2026 10:10:00,Normalen promet
R3-645,BesnicaLitija - Zadvor1254133.60.101.06.2026 10:10:00Normalen promet,Litija - Zadvor,12,54,133.6,0.1,01.06.2026 10:10:00,Normalen promet
,Zadvor - Litija2451436.00.301.06.2026 10:10:00Normalen promet,Zadvor - Litija,24,51,436.0,0.3,01.06.2026 10:10:00,Normalen promet
R3-645,ZadvorLjubljana - Zadvor1684119.34.101.06.2026 10:10:00Normalen promet,Ljubljana - Zadvor,168,41,19.3,4.1,01.06.2026 10:10:00,Normalen promet
,Zadvor - Ljubljana1924716.53.401.06.2026 10:10:00Normalen promet,Zadvor - Ljubljana,192,47,16.5,3.4,01.06.2026 10:10:00,Normalen promet
R3-646,CikavaCikava - Grosuplje408538.16.901.06.2026 10:10:00Povečan promet,Cikava - Grosuplje,408,53,8.1,6.9,01.06.2026 10:10:00,Povečan promet
,Grosuplje - Cikava540515.99.801.06.2026 10:10:00Zgoščen promet,Grosuplje - Cikava,540,51,5.9,9.8,01.06.2026 10:10:00,Zgoščen promet
R3-646,Šmarje SapCikava - Sap - Šmarje1685320.22.801.06.2026 10:10:00Normalen promet,Cikava - Sap - Šmarje,168,53,20.2,2.8,01.06.2026 10:10:00,Normalen promet
,Šmarje - Sap - Cikava1445223.62.301.06.2026 10:10:00Normalen promet,Šmarje - Sap - Cikava,144,52,23.6,2.3,01.06.2026 10:10:00,Normalen promet
R3-646,Ivančna GoricaGrm - Ivančna Gorica2286113.43.301.06.2026 10:10:00Normalen promet,Grm - Ivančna Gorica,228,61,13.4,3.3,01.06.2026 10:10:00,Normalen promet
,Ivančna Gorica - Grm1686023.92.601.06.2026 10:10:00Normalen promet,Ivančna Gorica - Grm,168,60,23.9,2.6,01.06.2026 10:10:00,Normalen promet
R3-646,Zgornja DragaIvančna Gorica - Višnja Gora846937.41.001.06.2026 10:10:00Normalen promet,Ivančna Gorica - Višnja Gora,84,69,37.4,1.0,01.06.2026 10:10:00,Normalen promet
,Višnja Gora - Ivančna Gorica607058.80.701.06.2026 10:10:00Normalen promet,Višnja Gora - Ivančna Gorica,60,70,58.8,0.7,01.06.2026 10:10:00,Normalen promet
R3-647,Veliko MlačevoGrosuplje - Mlačevo1926118.12.701.06.2026 10:05:00Normalen promet,Grosuplje - Mlačevo,192,61,18.1,2.7,01.06.2026 10:05:00,Normalen promet
,Mlačevo - Grosuplje2406817.73.001.06.2026 10:05:00Normalen promet,Mlačevo - Grosuplje,240,68,17.7,3.0,01.06.2026 10:05:00,Normalen promet
R3-647,Malo MlačevoMlačevo - Rašica365274.30.501.06.2026 10:05:00Normalen promet,Mlačevo - Rašica,36,52,74.3,0.5,01.06.2026 10:05:00,Normalen promet
,Rašica - Mlačevo605373.10.901.06.2026 10:05:00Normalen promet,Rašica - Mlačevo,60,53,73.1,0.9,01.06.2026 10:05:00,Normalen promet
R3-647,GrosupljeAC - Grosuplje1684118.83.401.06.2026 10:10:00Normalen promet,AC - Grosuplje,168,41,18.8,3.4,01.06.2026 10:10:00,Normalen promet
,Grosuplje - AC2524313.85.201.06.2026 10:10:00Normalen promet,Grosuplje - AC,252,43,13.8,5.2,01.06.2026 10:10:00,Normalen promet
R3-650,DobravaTrebnje - Žužemberk2469106.00.301.06.2026 10:05:00Normalen promet,Trebnje - Žužemberk,24,69,106.0,0.3,01.06.2026 10:05:00,Normalen promet
,Žužemberk - Trebnje2458229.40.401.06.2026 10:05:00Normalen promet,Žužemberk - Trebnje,24,58,229.4,0.4,01.06.2026 10:05:00,Normalen promet
R3-651,NM KarteljevoPrik. NM zahod-Velika Bučna vas2885611.74.401.06.2026 10:10:00Normalen promet,Prik. NM zahod-Velika Bučna vas,288,56,11.7,4.4,01.06.2026 10:10:00,Normalen promet
,Velika Bučna vas-Prik. NM zahod3125910.74.501.06.2026 10:10:00Normalen promet,Velika Bučna vas-Prik. NM zahod,312,59,10.7,4.5,01.06.2026 10:10:00,Normalen promet
R3-651,Mirna Peč 2AC - Mirna Peč606166.40.901.06.2026 10:10:00Normalen promet,AC - Mirna Peč,60,61,66.4,0.9,01.06.2026 10:10:00,Normalen promet
,Mirna Peč - AC485981.30.601.06.2026 10:10:00Normalen promet,Mirna Peč - AC,48,59,81.3,0.6,01.06.2026 10:10:00,Normalen promet
R3-652,Velika LokaČatež - Trebnje965837.11.401.06.2026 10:10:00Normalen promet,Čatež - Trebnje,96,58,37.1,1.4,01.06.2026 10:10:00,Normalen promet
,Trebnje - Čatež965537.71.401.06.2026 10:10:00Normalen promet,Trebnje - Čatež,96,55,37.7,1.4,01.06.2026 10:10:00,Normalen promet
R3-654,Kočevska RekaKočevska Reka - Štalcerji1243116.90.201.06.2026 10:10:00Normalen promet,Kočevska Reka - Štalcerji,12,43,116.9,0.2,01.06.2026 10:10:00,Normalen promet
,Štalcerji - Kočevska Reka364486.50.601.06.2026 10:10:00Normalen promet,Štalcerji - Kočevska Reka,36,44,86.5,0.6,01.06.2026 10:10:00,Normalen promet
R3-657,Petrina 2Grivac-Mirtoviči - Petrina00999.90.001.06.2026 10:05:00Ni prometa,Grivac-Mirtoviči - Petrina,0,0,999.9,0.0,01.06.2026 10:05:00,Ni prometa
,Petrina - Grivac-Mirtoviči242377.81.201.06.2026 10:05:00Normalen promet,Petrina - Grivac-Mirtoviči,24,23,77.8,1.2,01.06.2026 10:05:00,Normalen promet
R3-658,PredgradBrezovica - Stari trg3641160.70.701.06.2026 10:05:00Normalen promet,Brezovica - Stari trg,36,41,160.7,0.7,01.06.2026 10:05:00,Normalen promet
,Stari trg - Brezovica2455222.20.301.06.2026 10:05:00Normalen promet,Stari trg - Brezovica,24,55,222.2,0.3,01.06.2026 10:05:00,Normalen promet
R3-660,ČrnomeljČrnomelj - Dolenjci724954.21.101.06.2026 10:10:00Normalen promet,Črnomelj - Dolenjci,72,49,54.2,1.1,01.06.2026 10:10:00,Normalen promet
,Dolenjci - Črnomelj603865.11.201.06.2026 10:10:00Normalen promet,Dolenjci - Črnomelj,60,38,65.1,1.2,01.06.2026 10:10:00,Normalen promet
R3-661,DrašičiDrašiči - Metlika00999.90.001.06.2026 10:05:00Ni prometa,Drašiči - Metlika,0,0,999.9,0.0,01.06.2026 10:05:00,Ni prometa
,Metlika - Drašiči2457124.20.301.06.2026 10:05:00Normalen promet,Metlika - Drašiči,24,57,124.2,0.3,01.06.2026 10:05:00,Normalen promet
R3-664,LjubenČrnomelj - Novo Mesto605864.20.801.06.2026 10:05:00Normalen promet,Črnomelj - Novo Mesto,60,58,64.2,0.8,01.06.2026 10:05:00,Normalen promet
,Novo Mesto - Črnomelj366065.60.401.06.2026 10:05:00Normalen promet,Novo Mesto - Črnomelj,36,60,65.6,0.4,01.06.2026 10:05:00,Normalen promet
R3-664,NožiceDomžale - Duplica3004510.05.401.06.2026 10:10:00Normalen promet,Domžale - Duplica,300,45,10.0,5.4,01.06.2026 10:10:00,Normalen promet
,Duplica - Domžale444497.88.001.06.2026 10:10:00Normalen promet,Duplica - Domžale,444,49,7.8,8.0,01.06.2026 10:10:00,Normalen promet
R3-665,JagnjenicaJagnjenica - Radeče1253142.20.101.06.2026 10:10:00Normalen promet,Jagnjenica - Radeče,12,53,142.2,0.1,01.06.2026 10:10:00,Normalen promet
R3-667,Šmarješke TopliceDolenje Kronovo - Šmarješke Topl964839.01.601.06.2026 10:05:00Normalen promet,Dolenje Kronovo - Šmarješke Topl,96,48,39.0,1.6,01.06.2026 10:05:00,Normalen promet
,Šmarješke Topl - Dolenje Kronovo1685818.92.301.06.2026 10:05:00Normalen promet,Šmarješke Topl - Dolenje Kronovo,168,58,18.9,2.3,01.06.2026 10:05:00,Normalen promet
R3-667,Zbure 2Šmarjeta - Zbure2454180.80.301.06.2026 10:05:00Normalen promet,Šmarjeta - Zbure,24,54,180.8,0.3,01.06.2026 10:05:00,Normalen promet
,Zbure - Šmarjeta485163.60.701.06.2026 10:05:00Normalen promet,Zbure - Šmarjeta,48,51,63.6,0.7,01.06.2026 10:05:00,Normalen promet
R3-672,PodlipaSmednik - Zavratec364932.90.701.06.2026 10:05:00Normalen promet,Smednik - Zavratec,36,49,32.9,0.7,01.06.2026 10:05:00,Normalen promet
,Zavratec - Smednik605538.50.801.06.2026 10:05:00Normalen promet,Zavratec - Smednik,60,55,38.5,0.8,01.06.2026 10:05:00,Normalen promet
R3-673,Malo MraševoDrnovo - Križaj724337.11.301.06.2026 10:05:00Normalen promet,Drnovo - Križaj,72,43,37.1,1.3,01.06.2026 10:05:00,Normalen promet
,Križaj - Drnovo1205635.91.801.06.2026 10:05:00Normalen promet,Križaj - Drnovo,120,56,35.9,1.8,01.06.2026 10:05:00,Normalen promet
R3-676,ArtičeKapele - Sp. Pohanca2453130.90.401.06.2026 10:05:00Normalen promet,Kapele - Sp. Pohanca,24,53,130.9,0.4,01.06.2026 10:05:00,Normalen promet
,Sp. Pohanca - Kapele484544.61.201.06.2026 10:05:00Normalen promet,Sp. Pohanca - Kapele,48,45,44.6,1.2,01.06.2026 10:05:00,Normalen promet
R3-679,Gornje BrezovoKrško - Sevnica364915.10.501.06.2026 10:05:00Normalen promet,Krško - Sevnica,36,49,15.1,0.5,01.06.2026 10:05:00,Normalen promet
,Sevnica - Krško1325430.12.101.06.2026 10:05:00Normalen promet,Sevnica - Krško,132,54,30.1,2.1,01.06.2026 10:05:00,Normalen promet
R3-685,TekačevoRogaška Slatina - Tekačevo1685522.12.801.06.2026 10:10:00Normalen promet,Rogaška Slatina - Tekačevo,168,55,22.1,2.8,01.06.2026 10:10:00,Normalen promet
,Tekačevo - Rogaška Slatina1805621.62.701.06.2026 10:10:00Normalen promet,Tekačevo - Rogaška Slatina,180,56,21.6,2.7,01.06.2026 10:10:00,Normalen promet
R3-686,Žiče 2Tepanje - Žiče604552.41.301.06.2026 10:10:00Normalen promet,Tepanje - Žiče,60,45,52.4,1.3,01.06.2026 10:10:00,Normalen promet
,Žiče - Tepanje965431.41.701.06.2026 10:10:00Normalen promet,Žiče - Tepanje,96,54,31.4,1.7,01.06.2026 10:10:00,Normalen promet
R3-687,HotunjeDole - Ponikva245353.10.301.06.2026 10:10:00Normalen promet,Dole - Ponikva,24,53,53.1,0.3,01.06.2026 10:10:00,Normalen promet
,Ponikva - Dole605259.30.901.06.2026 10:10:00Normalen promet,Ponikva - Dole,60,52,59.3,0.9,01.06.2026 10:10:00,Normalen promet
R3-688,ŽičeMlače - Žiče1445224.62.301.06.2026 10:10:00Normalen promet,Mlače - Žiče,144,52,24.6,2.3,01.06.2026 10:10:00,Normalen promet
,Žiče - Mlače1565324.42.501.06.2026 10:10:00Normalen promet,Žiče - Mlače,156,53,24.4,2.5,01.06.2026 10:10:00,Normalen promet
R3-688,Slovenske KonjiceSlov. Konjice - Žiče1565625.12.901.06.2026 10:05:00Normalen promet,Slov. Konjice - Žiče,156,56,25.1,2.9,01.06.2026 10:05:00,Normalen promet
,Žiče - Slov. Konjice2285115.24.101.06.2026 10:05:00Normalen promet,Žiče - Slov. Konjice,228,51,15.2,4.1,01.06.2026 10:05:00,Normalen promet
R3-688,Čadramska vasMlače - Poljčane604648.01.001.06.2026 10:10:00Normalen promet,Mlače - Poljčane,60,46,48.0,1.0,01.06.2026 10:10:00,Normalen promet
,Poljčane - Mlače1325426.82.301.06.2026 10:10:00Normalen promet,Poljčane - Mlače,132,54,26.8,2.3,01.06.2026 10:10:00,Normalen promet
R3-689,ČermožišePtuj - Rogatec00999.90.001.06.2026 10:10:00Ni prometa,Ptuj - Rogatec,0,0,999.9,0.0,01.06.2026 10:10:00,Ni prometa
,Rogatec - Ptuj00999.90.001.06.2026 10:10:00Ni prometa,Rogatec - Ptuj,0,0,999.9,0.0,01.06.2026 10:10:00,Ni prometa
R3-690,VarejaTržec - Zgornji Leskovec483835.80.901.06.2026 10:05:00Normalen promet,Tržec - Zgornji Leskovec,48,38,35.8,0.9,01.06.2026 10:05:00,Normalen promet
,Zgornji Leskovec - Tržec1444924.82.501.06.2026 10:05:00Normalen promet,Zgornji Leskovec - Tržec,144,49,24.8,2.5,01.06.2026 10:05:00,Normalen promet
R3-694,ArnačePolzela - Velenje1325125.52.301.06.2026 10:10:00Normalen promet,Polzela - Velenje,132,51,25.5,2.3,01.06.2026 10:10:00,Normalen promet
,Velenje - Polzela1445822.62.101.06.2026 10:10:00Normalen promet,Velenje - Polzela,144,58,22.6,2.1,01.06.2026 10:10:00,Normalen promet
R3-694,Breg pri PolzeliDobrteša vas - Polzela1804717.73.601.06.2026 10:05:00Normalen promet,Dobrteša vas - Polzela,180,47,17.7,3.6,01.06.2026 10:05:00,Normalen promet
,Polzela - Dobrteša vas2645112.04.101.06.2026 10:05:00Normalen promet,Polzela - Dobrteša vas,264,51,12.0,4.1,01.06.2026 10:05:00,Normalen promet
R3-695,GorenjeGorenje  - Mozirje1084232.91.901.06.2026 10:10:00Normalen promet,Gorenje  - Mozirje,108,42,32.9,1.9,01.06.2026 10:10:00,Normalen promet
,Mozirje - Gorenje1564624.62.901.06.2026 10:10:00Normalen promet,Mozirje - Gorenje,156,46,24.6,2.9,01.06.2026 10:10:00,Normalen promet
R3-696,VelenjeŠkale - Velenje1205135.62.201.06.2026 10:05:00Normalen promet,Škale - Velenje,120,51,35.6,2.2,01.06.2026 10:05:00,Normalen promet
,Velenje - Škale1684721.53.201.06.2026 10:05:00Normalen promet,Velenje - Škale,168,47,21.5,3.2,01.06.2026 10:05:00,Normalen promet
R3-700,OplotnicaOplotnica - Slovenske Konjice606048.20.701.06.2026 10:10:00Normalen promet,Oplotnica - Slovenske Konjice,60,60,48.2,0.7,01.06.2026 10:10:00,Normalen promet
,Slovenske Konjice - Oplotnica2453167.60.501.06.2026 10:10:00Normalen promet,Slovenske Konjice - Oplotnica,24,53,167.6,0.5,01.06.2026 10:10:00,Normalen promet
R3-700,LožnicaLožnica - Oplotnica1566123.32.101.06.2026 10:05:00Normalen promet,Ložnica - Oplotnica,156,61,23.3,2.1,01.06.2026 10:05:00,Normalen promet
,Oplotnica - Ložnica1565623.52.401.06.2026 10:05:00Normalen promet,Oplotnica - Ložnica,156,56,23.5,2.4,01.06.2026 10:05:00,Normalen promet
R3-701,Lovrenc na PohorjuLovrenc na Pohorju - Ruta1566623.71.801.06.2026 10:10:00Normalen promet,Lovrenc na Pohorju - Ruta,156,66,23.7,1.8,01.06.2026 10:10:00,Normalen promet
,Ruta - Lovrenc na Pohorju965827.71.301.06.2026 10:10:00Normalen promet,Ruta - Lovrenc na Pohorju,96,58,27.7,1.3,01.06.2026 10:10:00,Normalen promet
R3-701,ZrečeZeče - Zreče336539.35.401.06.2026 10:10:00Normalen promet,Zeče - Zreče,336,53,9.3,5.4,01.06.2026 10:10:00,Normalen promet
,Zreče - Zeče3485710.05.801.06.2026 10:10:00Normalen promet,Zreče - Zeče,348,57,10.0,5.8,01.06.2026 10:10:00,Normalen promet
R3-701,BoharinaRogla - Zreče4844155.50.801.06.2026 10:10:00Normalen promet,Rogla - Zreče,48,44,155.5,0.8,01.06.2026 10:10:00,Normalen promet
,Zreče - Rogla1222256.00.301.06.2026 10:10:00Normalen promet,Zreče - Rogla,12,22,256.0,0.3,01.06.2026 10:10:00,Normalen promet
R3-704,VuhredRibnica na Pohorju - Vuhred1272172.60.101.06.2026 10:10:00Normalen promet,Ribnica na Pohorju - Vuhred,12,72,172.6,0.1,01.06.2026 10:10:00,Normalen promet
,Vuhred - Ribnica na Pohorju245695.90.301.06.2026 10:10:00Normalen promet,Vuhred - Ribnica na Pohorju,24,56,95.9,0.3,01.06.2026 10:10:00,Normalen promet
R3-704,Janževski vrhBrezno - Ribnica1229247.80.301.06.2026 10:00:00Normalen promet,Brezno - Ribnica,12,29,247.8,0.3,01.06.2026 10:00:00,Normalen promet
,Ribnica - Brezno00999.90.001.06.2026 10:00:00Ni prometa,Ribnica - Brezno,0,0,999.9,0.0,01.06.2026 10:00:00,Ni prometa
R3-709,CelestrinaMB (Malečnik) - Pernica1085134.71.501.06.2026 10:10:00Normalen promet,MB (Malečnik) - Pernica,108,51,34.7,1.5,01.06.2026 10:10:00,Normalen promet
,Pernica - MB (Malečnik)1205134.31.801.06.2026 10:10:00Normalen promet,Pernica - MB (Malečnik),120,51,34.3,1.8,01.06.2026 10:10:00,Normalen promet
R3-709,MalečnikMalečnik - MB (Malečnik-most)2165516.23.201.06.2026 10:10:00Normalen promet,Malečnik - MB (Malečnik-most),216,55,16.2,3.2,01.06.2026 10:10:00,Normalen promet
,MB (Malečnik-most) - Malečnik2524911.34.101.06.2026 10:10:00Normalen promet,MB (Malečnik-most) - Malečnik,252,49,11.3,4.1,01.06.2026 10:10:00,Normalen promet
R3-710,DogošeDvorjane - Maribor3724910.66.401.06.2026 10:10:00Povečan promet,Dvorjane - Maribor,372,49,10.6,6.4,01.06.2026 10:10:00,Povečan promet
,Maribor - Dvorjane2525012.53.801.06.2026 10:10:00Normalen promet,Maribor - Dvorjane,252,50,12.5,3.8,01.06.2026 10:10:00,Normalen promet
R3-710,VurberkDvorjane - Ptuj725151.71.401.06.2026 10:10:00Normalen promet,Dvorjane - Ptuj,72,51,51.7,1.4,01.06.2026 10:10:00,Normalen promet
,Ptuj - Dvorjane484571.11.001.06.2026 10:10:00Normalen promet,Ptuj - Dvorjane,48,45,71.1,1.0,01.06.2026 10:10:00,Normalen promet
R3-710,Ptuj zahodHajdina - Ptuj372488.66.501.06.2026 10:10:00Normalen promet,Hajdina - Ptuj,372,48,8.6,6.5,01.06.2026 10:10:00,Normalen promet
,Ptuj - Hajdina660505.010.301.06.2026 10:10:00Povečan promet,Ptuj - Hajdina,660,50,5.0,10.3,01.06.2026 10:10:00,Povečan promet
R3-710,Turnišče 2Hajdina - Turnišče724861.11.201.06.2026 10:10:00Normalen promet,Hajdina - Turnišče,72,48,61.1,1.2,01.06.2026 10:10:00,Normalen promet
,Turnišče - Hajdina485184.00.801.06.2026 10:10:00Normalen promet,Turnišče - Hajdina,48,51,84.0,0.8,01.06.2026 10:10:00,Normalen promet
R3-711,RačeFram - Rače2164715.63.801.06.2026 10:10:00Normalen promet,Fram - Rače,216,47,15.6,3.8,01.06.2026 10:10:00,Normalen promet
,Rače - Fram3124710.75.201.06.2026 10:10:00Normalen promet,Rače - Fram,312,47,10.7,5.2,01.06.2026 10:10:00,Normalen promet
R3-712,PacinjeGabernik - Rogoznica726957.40.801.06.2026 10:10:00Normalen promet,Gabernik - Rogoznica,72,69,57.4,0.8,01.06.2026 10:10:00,Normalen promet
,Rogoznica - Gabernik366083.00.401.06.2026 10:10:00Normalen promet,Rogoznica - Gabernik,36,60,83.0,0.4,01.06.2026 10:10:00,Normalen promet
R3-713,Rogoznicakrižišče Spuhlja - Ptuj480396.910.201.06.2026 10:10:00Povečan promet,križišče Spuhlja - Ptuj,480,39,6.9,10.2,01.06.2026 10:10:00,Povečan promet
,Ptuj - križišče Spuhlja396408.58.501.06.2026 10:10:00Povečan promet,Ptuj - križišče Spuhlja,396,40,8.5,8.5,01.06.2026 10:10:00,Povečan promet
R3-713,DornavaDornava - Ptuj1808519.11.701.06.2026 10:05:00Normalen promet,Dornava - Ptuj,180,85,19.1,1.7,01.06.2026 10:05:00,Normalen promet
,Ptuj - Dornava2407612.22.601.06.2026 10:05:00Normalen promet,Ptuj - Dornava,240,76,12.2,2.6,01.06.2026 10:05:00,Normalen promet
R3-714,Spodnji Ivanjci 2G.Radgona - Sp.Ivanjci725053.01.501.06.2026 10:10:00Normalen promet,G.Radgona - Sp.Ivanjci,72,50,53.0,1.5,01.06.2026 10:10:00,Normalen promet
,Sp.Ivanjci - G.Radgona844758.01.901.06.2026 10:10:00Normalen promet,Sp.Ivanjci - G.Radgona,84,47,58.0,1.9,01.06.2026 10:10:00,Normalen promet
R3-715,MarkišavciGorica - MS1083925.62.001.06.2026 10:05:00Normalen promet,Gorica - MS,108,39,25.6,2.0,01.06.2026 10:05:00,Normalen promet
,MS - Gorica1083830.32.101.06.2026 10:05:00Normalen promet,MS - Gorica,108,38,30.3,2.1,01.06.2026 10:05:00,Normalen promet
R3-716,BodonciGrad - Lemerje485256.10.801.06.2026 10:10:00Normalen promet,Grad - Lemerje,48,52,56.1,0.8,01.06.2026 10:10:00,Normalen promet
,Lemerje - Grad1253345.80.201.06.2026 10:10:00Normalen promet,Lemerje - Grad,12,53,345.8,0.2,01.06.2026 10:10:00,Normalen promet
R3-725,Ljubečna 2AC - Ljubečna1684621.93.501.06.2026 10:10:00Normalen promet,AC - Ljubečna,168,46,21.9,3.5,01.06.2026 10:10:00,Normalen promet
,Ljubečna - AC1444718.92.501.06.2026 10:10:00Normalen promet,Ljubečna - AC,144,47,18.9,2.5,01.06.2026 10:10:00,Normalen promet
R3-726,Miklavž pri OrmožuPavlovci - Stročja vas484361.00.901.06.2026 10:10:00Normalen promet,Pavlovci - Stročja vas,48,43,61.0,0.9,01.06.2026 10:10:00,Normalen promet
,Stročja vas - Pavlovci2440107.10.401.06.2026 10:10:00Normalen promet,Stročja vas - Pavlovci,24,40,107.1,0.4,01.06.2026 10:10:00,Normalen promet
R3-726,TurniščeČrenšovci - Renkovci844354.01.501.06.2026 10:10:00Normalen promet,Črenšovci - Renkovci,84,43,54.0,1.5,01.06.2026 10:10:00,Normalen promet
,Renkovci - Črenšovci1564719.72.901.06.2026 10:10:00Normalen promet,Renkovci - Črenšovci,156,47,19.7,2.9,01.06.2026 10:10:00,Normalen promet
R3-726,Srednja BistricaČrenšovci - Razkrižje604876.31.001.06.2026 10:10:00Normalen promet,Črenšovci - Razkrižje,60,48,76.3,1.0,01.06.2026 10:10:00,Normalen promet
,Razkrižje - Črenšovci964237.42.001.06.2026 10:10:00Normalen promet,Razkrižje - Črenšovci,96,42,37.4,2.0,01.06.2026 10:10:00,Normalen promet
R3-728,IgIg - Škofljica1203930.02.801.06.2026 10:10:00Normalen promet,Ig - Škofljica,120,39,30.0,2.8,01.06.2026 10:10:00,Normalen promet
,Škofljica - Ig1563922.53.801.06.2026 10:10:00Normalen promet,Škofljica - Ig,156,39,22.5,3.8,01.06.2026 10:10:00,Normalen promet
R3-729,BeltinciBeltinci - Lipa484767.80.701.06.2026 10:10:00Normalen promet,Beltinci - Lipa,48,47,67.8,0.7,01.06.2026 10:10:00,Normalen promet
,Lipa - Beltinci724050.71.601.06.2026 10:10:00Normalen promet,Lipa - Beltinci,72,40,50.7,1.6,01.06.2026 10:10:00,Normalen promet
R3-733,Dolenjske TopliceDolenjske Toplice - Vavta vas1324725.42.501.06.2026 10:10:00Normalen promet,Dolenjske Toplice - Vavta vas,132,47,25.4,2.5,01.06.2026 10:10:00,Normalen promet
,Vavta vas - Dolenjske Toplice605651.90.801.06.2026 10:10:00Normalen promet,Vavta vas - Dolenjske Toplice,60,56,51.9,0.8,01.06.2026 10:10:00,Normalen promet
R3-737,PodovaRače - Šikole605754.51.001.06.2026 10:05:00Normalen promet,Rače - Šikole,60,57,54.5,1.0,01.06.2026 10:05:00,Normalen promet
,Šikole - Rače965442.51.701.06.2026 10:05:00Normalen promet,Šikole - Rače,96,54,42.5,1.7,01.06.2026 10:05:00,Normalen promet
R3-741,Spodnje Škofijerondo - Škofije2285116.23.801.06.2026 10:10:00Normalen promet,rondo - Škofije,228,51,16.2,3.8,01.06.2026 10:10:00,Normalen promet
,Škofije - rondo3365110.05.201.06.2026 10:10:00Povečan promet,Škofije - rondo,336,51,10.0,5.2,01.06.2026 10:10:00,Povečan promet
R3-741,Priključek ŠkofijeIzvoz iz Italije721946.52.801.06.2026 10:05:00Normalen promet,Izvoz iz Italije,72,19,46.5,2.8,01.06.2026 10:05:00,Normalen promet
,Uvoz proti KP482343.52.101.06.2026 10:05:00Normalen promet,Uvoz proti KP,48,23,43.5,2.1,01.06.2026 10:05:00,Normalen promet
R3-741,BertokiBertoki - Koper1445324.32.101.06.2026 10:10:00Normalen promet,Bertoki - Koper,144,53,24.3,2.1,01.06.2026 10:10:00,Normalen promet
,Koper - Bertoki2285116.13.401.06.2026 10:10:00Normalen promet,Koper - Bertoki,228,51,16.1,3.4,01.06.2026 10:10:00,Normalen promet
R3-742,Brezovica 2Brezovica - Podpeč1684812.92.801.06.2026 10:10:00Normalen promet,Brezovica - Podpeč,168,48,12.9,2.8,01.06.2026 10:10:00,Normalen promet
,Podpeč - Brezovica1564521.53.001.06.2026 10:10:00Normalen promet,Podpeč - Brezovica,156,45,21.5,3.0,01.06.2026 10:10:00,Normalen promet
R3-742,Notranje GoriceBrezovica - Podpeč2404116.16.101.06.2026 10:10:00Normalen promet,Brezovica - Podpeč,240,41,16.1,6.1,01.06.2026 10:10:00,Normalen promet
,Podpeč - Brezovica1683422.14.301.06.2026 10:10:00Normalen promet,Podpeč - Brezovica,168,34,22.1,4.3,01.06.2026 10:10:00,Normalen promet
R3-752,LjubečnaAC - Celje2405715.24.101.06.2026 10:10:00Normalen promet,AC - Celje,240,57,15.2,4.1,01.06.2026 10:10:00,Normalen promet
,Celje - AC2286015.13.901.06.2026 10:10:00Normalen promet,Celje - AC,228,60,15.1,3.9,01.06.2026 10:10:00,Normalen promet
RT-292,Hočko PohorjeHoče - Pohorje126136.50.101.06.2026 10:10:00Normalen promet,Hoče - Pohorje,12,61,36.5,0.1,01.06.2026 10:10:00,Normalen promet
,Pohorje - Hoče1252298.40.101.06.2026 10:10:00Normalen promet,Pohorje - Hoče,12,52,298.4,0.1,01.06.2026 10:10:00,Normalen promet
RT-905,KrnicaKrnica - Zatrnik484731.60.801.06.2026 10:10:00Normalen promet,Krnica - Zatrnik,48,47,31.6,0.8,01.06.2026 10:10:00,Normalen promet
,Zatrnik - Krnica484799.80.801.06.2026 10:10:00Normalen promet,Zatrnik - Krnica,48,47,99.8,0.8,01.06.2026 10:10:00,Normalen promet
RT-928,MozirjeGolte - Mozirje725896.20.901.06.2026 10:10:00Normalen promet,Golte - Mozirje,72,58,96.2,0.9,01.06.2026 10:10:00,Normalen promet
,Mozirje - Golte3656119.00.401.06.2026 10:10:00Normalen promet,Mozirje - Golte,36,56,119.0,0.4,01.06.2026 10:10:00,Normalen promet
RT-929,Spodnje HočeSp. Hoče - Zg. Hoče1684822.72.901.06.2026 10:10:00Normalen promet,Sp. Hoče - Zg. Hoče,168,48,22.7,2.9,01.06.2026 10:10:00,Normalen promet
,Zg. Hoče - Sp. Hoče2044815.53.101.06.2026 10:10:00Normalen promet,Zg. Hoče - Sp. Hoče,204,48,15.5,3.1,01.06.2026 10:10:00,Normalen promet
RT-934,Sežana 2Lipica - Sežana1086735.71.601.06.2026 10:10:00Normalen promet,Lipica - Sežana,108,67,35.7,1.6,01.06.2026 10:10:00,Normalen promet
,Sežana - Lipica608148.40.601.06.2026 10:10:00Normalen promet,Sežana - Lipica,60,81,48.4,0.6,01.06.2026 10:10:00,Normalen promet
RT-941,Kapelski vrhRadenci - Videm725450.51.101.06.2026 10:10:00Normalen promet,Radenci - Videm,72,54,50.5,1.1,01.06.2026 10:10:00,Normalen promet
,Videm - Radenci1204938.32.001.06.2026 10:10:00Normalen promet,Videm - Radenci,120,49,38.3,2.0,01.06.2026 10:10:00,Normalen promet
