Cesta,Lokacija,Smer,Št. vozil [N/h],Hitrost [km/h],Razmik [s],Zasedenost [%],Čas,Stanje
AC-A1,R Zadobrova(MB-LJsev)MB-LJsev (v)444977.93.901.06.2026 11:35:00Normalen promet,MB-LJsev (v),444,97,7.9,3.9,01.06.2026 11:35:00,Normalen promet
AC-A1,MB-LJsev (p)504867.06.601.06.2026 11:35:00Povečan promet,MB-LJsev (p),504,86,7.0,6.6,01.06.2026 11:35:00,Povečan promet
AC-A1,R Zadobrova(LJsev-MB)LJsev-MB (v)612905.76.201.06.2026 11:35:00Povečan promet,LJsev-MB (v),612,90,5.7,6.2,01.06.2026 11:35:00,Povečan promet
AC-A1,LJsev-MB (p)33610310.42.701.06.2026 11:35:00Normalen promet,LJsev-MB (p),336,103,10.4,2.7,01.06.2026 11:35:00,Normalen promet
AC-A1,R Zadobrova(LJsev-LJvzh)LJsev-LJvzh (v)696815.66.501.06.2026 11:35:00Povečan promet,LJsev-LJvzh (v),696,81,5.6,6.5,01.06.2026 11:35:00,Povečan promet
AC-A1,LJsev-LJvzh (p)528928.63.701.06.2026 11:35:00Normalen promet,LJsev-LJvzh (p),528,92,8.6,3.7,01.06.2026 11:35:00,Normalen promet
AC-A1,R Zadobrova(LJvzh-LJsev)LJvzh - LJsev (v)852884.77.601.06.2026 11:35:00Povečan promet,LJvzh - LJsev (v),852,88,4.7,7.6,01.06.2026 11:35:00,Povečan promet
AC-A1,LJvzh - LJsev (p)49211112.22.301.06.2026 11:35:00Normalen promet,LJvzh - LJsev (p),492,111,12.2,2.3,01.06.2026 11:35:00,Normalen promet
AC-A1,Zadobrova ACsmer LJvzh (v)000.00.001.06.2026 11:35:00Ni podatka,smer LJvzh (v),0,0,0.0,0.0,01.06.2026 11:35:00,Ni podatka
AC-A1,smer LJvzh (p)000.00.001.06.2026 11:35:00Ni podatka,smer LJvzh (p),0,0,0.0,0.0,01.06.2026 11:35:00,Ni podatka
AC-A1,smer MB (v)684745.010.001.06.2026 11:35:00Povečan promet,smer MB (v),684,74,5.0,10.0,01.06.2026 11:35:00,Povečan promet
AC-A1,smer MB (p)3008712.32.901.06.2026 11:35:00Normalen promet,smer MB (p),300,87,12.3,2.9,01.06.2026 11:35:00,Normalen promet
AC-A1,Gotovljesmer LJ (v)7321025.08.501.06.2026 11:35:00Povečan promet,smer LJ (v),732,102,5.0,8.5,01.06.2026 11:35:00,Povečan promet
AC-A1,smer LJ (p)4081279.52.901.06.2026 11:35:00Normalen promet,smer LJ (p),408,127,9.5,2.9,01.06.2026 11:35:00,Normalen promet
AC-A1,smer MB (v)792974.39.201.06.2026 11:35:00Zgoščen promet,smer MB (v),792,97,4.3,9.2,01.06.2026 11:35:00,Zgoščen promet
AC-A1,smer MB (p)7801254.95.101.06.2026 11:35:00Povečan promet,smer MB (p),780,125,4.9,5.1,01.06.2026 11:35:00,Povečan promet
AC-A1,Podmiljsmer LJ (v)816944.59.301.06.2026 11:35:00Povečan promet,smer LJ (v),816,94,4.5,9.3,01.06.2026 11:35:00,Povečan promet
AC-A1,smer LJ (p)4201138.23.101.06.2026 11:35:00Normalen promet,smer LJ (p),420,113,8.2,3.1,01.06.2026 11:35:00,Normalen promet
AC-A1,smer MB (po)3008313.05.001.06.2026 11:35:00Normalen promet,smer MB (po),300,83,13.0,5.0,01.06.2026 11:35:00,Normalen promet
AC-A1,smer MB (v)5041086.64.101.06.2026 11:35:00Povečan promet,smer MB (v),504,108,6.6,4.1,01.06.2026 11:35:00,Povečan promet
AC-A1,smer MB (p)4561278.42.901.06.2026 11:35:00Normalen promet,smer MB (p),456,127,8.4,2.9,01.06.2026 11:35:00,Normalen promet
AC-A1,Verd ACsmer KP (v)9841003.69.901.06.2026 11:35:00Povečan promet,smer KP (v),984,100,3.6,9.9,01.06.2026 11:35:00,Povečan promet
AC-A1,smer KP (p)9241184.06.601.06.2026 11:35:00Povečan promet,smer KP (p),924,118,4.0,6.6,01.06.2026 11:35:00,Povečan promet
AC-A1,smer KP (po)3007810.77.301.06.2026 11:35:00Normalen promet,smer KP (po),300,78,10.7,7.3,01.06.2026 11:35:00,Normalen promet
AC-A1,smer LJ (v)10201013.412.401.06.2026 11:35:00Zgoščen promet,smer LJ (v),1020,101,3.4,12.4,01.06.2026 11:35:00,Zgoščen promet
AC-A1,smer LJ (p)13441172.89.701.06.2026 11:35:00Povečan promet,smer LJ (p),1344,117,2.8,9.7,01.06.2026 11:35:00,Povečan promet
AC-A1,R KozarjeKP-LJjug (v)1152843.313.301.06.2026 11:35:00Zgoščen promet,KP-LJjug (v),1152,84,3.3,13.3,01.06.2026 11:35:00,Zgoščen promet
AC-A1,KP-LJjug (p)7210841.80.501.06.2026 11:35:00Normalen promet,KP-LJjug (p),72,108,41.8,0.5,01.06.2026 11:35:00,Normalen promet
AC-A1,LJjug-KP (v)792894.410.401.06.2026 11:35:00Zgoščen promet,LJjug-KP (v),792,89,4.4,10.4,01.06.2026 11:35:00,Zgoščen promet
AC-A1,LJjug-KP (p)6121066.54.901.06.2026 11:35:00Povečan promet,LJjug-KP (p),612,106,6.5,4.9,01.06.2026 11:35:00,Povečan promet
AC-A1,R MalenceLJjug-LJvzh (v)564756.68.201.06.2026 11:35:00Povečan promet,LJjug-LJvzh (v),564,75,6.6,8.2,01.06.2026 11:35:00,Povečan promet
AC-A1,LJjug-LJvzh (p)564916.55.101.06.2026 11:35:00Povečan promet,LJjug-LJvzh (p),564,91,6.5,5.1,01.06.2026 11:35:00,Povečan promet
AC-A1,LJvzh-LJjug (v)648895.76.601.06.2026 11:35:00Povečan promet,LJvzh-LJjug (v),648,89,5.7,6.6,01.06.2026 11:35:00,Povečan promet
AC-A1,LJvzh-LJjug (p)624946.06.201.06.2026 11:35:00Povečan promet,LJvzh-LJjug (p),624,94,6.0,6.2,01.06.2026 11:35:00,Povečan promet
AC-A1,LJvzh-NM (v)408848.54.901.06.2026 11:35:00Normalen promet,LJvzh-NM (v),408,84,8.5,4.9,01.06.2026 11:35:00,Normalen promet
AC-A1,LJvzh-NM (p)420958.83.601.06.2026 11:35:00Normalen promet,LJvzh-NM (p),420,95,8.8,3.6,01.06.2026 11:35:00,Normalen promet
AC-A1,NM-LJvzh (v)600916.26.201.06.2026 11:35:00Povečan promet,NM-LJvzh (v),600,91,6.2,6.2,01.06.2026 11:35:00,Povečan promet
AC-A1,NM-LJvzh (p)48104118.10.401.06.2026 11:35:00Normalen promet,NM-LJvzh (p),48,104,118.1,0.4,01.06.2026 11:35:00,Normalen promet
AC-A1,Goli vrh ACsmer KP (po)360798.77.301.06.2026 11:35:00Normalen promet,smer KP (po),360,79,8.7,7.3,01.06.2026 11:35:00,Normalen promet
AC-A1,smer KP (v)6721035.46.301.06.2026 11:35:00Povečan promet,smer KP (v),672,103,5.4,6.3,01.06.2026 11:35:00,Povečan promet
AC-A1,smer KP (p)7561224.75.101.06.2026 11:35:00Povečan promet,smer KP (p),756,122,4.7,5.1,01.06.2026 11:35:00,Povečan promet
AC-A1,smer LJ (v)9601033.99.501.06.2026 11:35:00Povečan promet,smer LJ (v),960,103,3.9,9.5,01.06.2026 11:35:00,Povečan promet
AC-A1,smer LJ (p)4801197.13.301.06.2026 11:35:00Normalen promet,smer LJ (p),480,119,7.1,3.3,01.06.2026 11:35:00,Normalen promet
AC-A1,Počivališče Ravneizvoz iz KP844422.21.501.06.2026 11:35:00Normalen promet,izvoz iz KP,84,44,22.2,1.5,01.06.2026 11:35:00,Normalen promet
AC-A1,izvoz iz LJ000.00.001.06.2026 11:35:00Ni podatka,izvoz iz LJ,0,0,0.0,0.0,01.06.2026 11:35:00,Ni podatka
AC-A1,uvoz proti KP000.00.001.06.2026 11:35:00Ni podatka,uvoz proti KP,0,0,0.0,0.0,01.06.2026 11:35:00,Ni podatka
AC-A1,Priključek Kastelecizvoz iz KP963343.32.401.06.2026 11:35:00Normalen promet,izvoz iz KP,96,33,43.3,2.4,01.06.2026 11:35:00,Normalen promet
AC-A1,Razcep Srminizvoz iz LJ604277.61.601.06.2026 11:35:00Normalen promet,izvoz iz LJ,60,42,77.6,1.6,01.06.2026 11:35:00,Normalen promet
AC-A1,uvoz proti Škofijam1244560.70.201.06.2026 11:35:00Normalen promet,uvoz proti Škofijam,12,44,560.7,0.2,01.06.2026 11:35:00,Normalen promet
AC-A1,Priključek Črni Kalizvoz iz KP726656.40.701.06.2026 11:35:00Normalen promet,izvoz iz KP,72,66,56.4,0.7,01.06.2026 11:35:00,Normalen promet
AC-A1,izvoz iz LJ3662207.90.401.06.2026 11:35:00Normalen promet,izvoz iz LJ,36,62,207.9,0.4,01.06.2026 11:35:00,Normalen promet
AC-A1,Zima ACsmer LJ (v)732975.110.001.06.2026 11:35:00Povečan promet,smer LJ (v),732,97,5.1,10.0,01.06.2026 11:35:00,Povečan promet
AC-A1,smer LJ (p)7441275.04.901.06.2026 11:35:00Povečan promet,smer LJ (p),744,127,5.0,4.9,01.06.2026 11:35:00,Povečan promet
AC-A1,smer MB (v)7561065.17.501.06.2026 11:35:00Povečan promet,smer MB (v),756,106,5.1,7.5,01.06.2026 11:35:00,Povečan promet
AC-A1,smer MB (p)4321228.22.901.06.2026 11:35:00Normalen promet,smer MB (p),432,122,8.2,2.9,01.06.2026 11:35:00,Normalen promet
AC-A1,Celje Center - Vzhodsmer LJ (v)672985.18.901.06.2026 11:35:00Povečan promet,smer LJ (v),672,98,5.1,8.9,01.06.2026 11:35:00,Povečan promet
AC-A1,smer LJ (p)8041275.05.201.06.2026 11:35:00Povečan promet,smer LJ (p),804,127,5.0,5.2,01.06.2026 11:35:00,Povečan promet
AC-A1,smer MB (v)7441024.98.301.06.2026 11:35:00Povečan promet,smer MB (v),744,102,4.9,8.3,01.06.2026 11:35:00,Povečan promet
AC-A1,smer MB (p)5041226.93.401.06.2026 11:35:00Povečan promet,smer MB (p),504,122,6.9,3.4,01.06.2026 11:35:00,Povečan promet
AC-A1,Arja vas ACsmer LJ (v)9601013.711.301.06.2026 11:35:00Zgoščen promet,smer LJ (v),960,101,3.7,11.3,01.06.2026 11:35:00,Zgoščen promet
AC-A1,smer LJ (p)5401266.73.601.06.2026 11:35:00Povečan promet,smer LJ (p),540,126,6.7,3.6,01.06.2026 11:35:00,Povečan promet
AC-A1,smer MB (v)1116963.412.201.06.2026 11:35:00Zgoščen promet,smer MB (v),1116,96,3.4,12.2,01.06.2026 11:35:00,Zgoščen promet
AC-A1,smer MB (p)8761284.15.801.06.2026 11:35:00Povečan promet,smer MB (p),876,128,4.1,5.8,01.06.2026 11:35:00,Povečan promet
AC-A1,Krtina-Domžale ACsmer LJ (v)972854.212.601.06.2026 11:35:00Zgoščen promet,smer LJ (v),972,85,4.2,12.6,01.06.2026 11:35:00,Zgoščen promet
AC-A1,smer LJ (p)7921066.84.201.06.2026 11:35:00Povečan promet,smer LJ (p),792,106,6.8,4.2,01.06.2026 11:35:00,Povečan promet
AC-A1,Priključek LJ Jugizvoz iz R.Kozarje1445223.63.001.06.2026 11:35:00Normalen promet,izvoz iz R.Kozarje,144,52,23.6,3.0,01.06.2026 11:35:00,Normalen promet
AC-A1,izvoz iz R.Malence (v)372659.34.401.06.2026 11:35:00Normalen promet,izvoz iz R.Malence (v),372,65,9.3,4.4,01.06.2026 11:35:00,Normalen promet
AC-A1,izvoz iz R.Malence (p)3007012.64.301.06.2026 11:35:00Normalen promet,izvoz iz R.Malence (p),300,70,12.6,4.3,01.06.2026 11:35:00,Normalen promet
AC-A1,uvoz proti R. Kozarje2285218.54.301.06.2026 11:35:00Normalen promet,uvoz proti R. Kozarje,228,52,18.5,4.3,01.06.2026 11:35:00,Normalen promet
AC-A1,uvoz proti R.Malence708524.712.401.06.2026 11:35:00Povečan promet,uvoz proti R.Malence,708,52,4.7,12.4,01.06.2026 11:35:00,Povečan promet
AC-A1,LJ (južna obvoznica)LJ (Barjanska - Dolenjska) (v)1128983.312.101.06.2026 11:35:00Zgoščen promet,LJ (Barjanska - Dolenjska) (v),1128,98,3.3,12.1,01.06.2026 11:35:00,Zgoščen promet
AC-A1,LJ (Barjanska - Dolenjska) (p)8041264.65.301.06.2026 11:35:00Povečan promet,LJ (Barjanska - Dolenjska) (p),804,126,4.6,5.3,01.06.2026 11:35:00,Povečan promet
AC-A1,LJ (Dolenjska - Barjanska) (v)1320912.814.801.06.2026 11:35:00Zgoščen promet,LJ (Dolenjska - Barjanska) (v),1320,91,2.8,14.8,01.06.2026 11:35:00,Zgoščen promet
AC-A1,LJ (Dolenjska - Barjanska) (p)13801183.07.701.06.2026 11:35:00Zgoščen promet,LJ (Dolenjska - Barjanska) (p),1380,118,3.0,7.7,01.06.2026 11:35:00,Zgoščen promet
AC-A1,LJ (vzh. obvoznica)smer Malence (po)2408615.13.601.06.2026 11:35:00Normalen promet,smer Malence (po),240,86,15.1,3.6,01.06.2026 11:35:00,Normalen promet
AC-A1,smer Malence (v)960933.78.801.06.2026 11:35:00Povečan promet,smer Malence (v),960,93,3.7,8.8,01.06.2026 11:35:00,Povečan promet
AC-A1,smer Malence (p)8401144.56.101.06.2026 11:35:00Povečan promet,smer Malence (p),840,114,4.5,6.1,01.06.2026 11:35:00,Povečan promet
AC-A1,smer Zadobrova (v)1080943.412.501.06.2026 11:35:00Zgoščen promet,smer Zadobrova (v),1080,94,3.4,12.5,01.06.2026 11:35:00,Zgoščen promet
AC-A1,smer Zadobrova (p)7921135.26.001.06.2026 11:35:00Povečan promet,smer Zadobrova (p),792,113,5.2,6.0,01.06.2026 11:35:00,Povečan promet
AC-A1,Lopata ACArja vas - Celje (v)7921064.59.001.06.2026 11:35:00Zgoščen promet,Arja vas - Celje (v),792,106,4.5,9.0,01.06.2026 11:35:00,Zgoščen promet
AC-A1,Arja vas - Celje (p)7321275.74.801.06.2026 11:35:00Povečan promet,Arja vas - Celje (p),732,127,5.7,4.8,01.06.2026 11:35:00,Povečan promet
AC-A1,Celje - Arja vas (v)7801024.79.301.06.2026 11:35:00Zgoščen promet,Celje - Arja vas (v),780,102,4.7,9.3,01.06.2026 11:35:00,Zgoščen promet
AC-A1,Celje - Arja vas (p)7561295.04.901.06.2026 11:35:00Povečan promet,Celje - Arja vas (p),756,129,5.0,4.9,01.06.2026 11:35:00,Povečan promet
AC-A1,Hoče ACFram - Slivnica (v)888984.08.201.06.2026 11:35:00Zgoščen promet,Fram - Slivnica (v),888,98,4.0,8.2,01.06.2026 11:35:00,Zgoščen promet
AC-A1,Fram - Slivnica (p)4201239.82.801.06.2026 11:35:00Normalen promet,Fram - Slivnica (p),420,123,9.8,2.8,01.06.2026 11:35:00,Normalen promet
AC-A1,Slivnica - Fram (v)840953.910.801.06.2026 11:35:00Zgoščen promet,Slivnica - Fram (v),840,95,3.9,10.8,01.06.2026 11:35:00,Zgoščen promet
AC-A1,Slivnica - Fram (p)7321236.24.401.06.2026 11:35:00Povečan promet,Slivnica - Fram (p),732,123,6.2,4.4,01.06.2026 11:35:00,Povečan promet
AC-A1,Dekani ACČrni Kal - Srmin (v)864933.710.201.06.2026 11:35:00Zgoščen promet,Črni Kal - Srmin (v),864,93,3.7,10.2,01.06.2026 11:35:00,Zgoščen promet
AC-A1,Črni Kal - Srmin (p)4441057.73.601.06.2026 11:35:00Normalen promet,Črni Kal - Srmin (p),444,105,7.7,3.6,01.06.2026 11:35:00,Normalen promet
AC-A1,Srmin - Črni Kal (v)852924.09.001.06.2026 11:35:00Zgoščen promet,Srmin - Črni Kal (v),852,92,4.0,9.0,01.06.2026 11:35:00,Zgoščen promet
AC-A1,Srmin - Črni Kal (p)4561148.23.301.06.2026 11:35:00Normalen promet,Srmin - Črni Kal (p),456,114,8.2,3.3,01.06.2026 11:35:00,Normalen promet
AC-A1,Priključek Divačaizvoz KP1086133.21.601.06.2026 11:35:00Normalen promet,izvoz KP,108,61,33.2,1.6,01.06.2026 11:35:00,Normalen promet
AC-A1,izvoz LJ1325027.02.601.06.2026 11:35:00Normalen promet,izvoz LJ,132,50,27.0,2.6,01.06.2026 11:35:00,Normalen promet
AC-A1,uvoz KP606761.80.901.06.2026 11:35:00Normalen promet,uvoz KP,60,67,61.8,0.9,01.06.2026 11:35:00,Normalen promet
AC-A1,uvoz LJ846738.01.201.06.2026 11:35:00Normalen promet,uvoz LJ,84,67,38.0,1.2,01.06.2026 11:35:00,Normalen promet
AC-A1,Čebulovica ACGabrk - Senožeče (v)000.00.001.06.2026 11:35:00Ni podatka,Gabrk - Senožeče (v),0,0,0.0,0.0,01.06.2026 11:35:00,Ni podatka
AC-A1,Gabrk - Senožeče (p)000.00.001.06.2026 11:35:00Ni podatka,Gabrk - Senožeče (p),0,0,0.0,0.0,01.06.2026 11:35:00,Ni podatka
AC-A1,Senožeče - Gabrk (v)8641014.010.601.06.2026 11:35:00Zgoščen promet,Senožeče - Gabrk (v),864,101,4.0,10.6,01.06.2026 11:35:00,Zgoščen promet
AC-A1,Senožeče - Gabrk (p)7201315.24.601.06.2026 11:35:00Povečan promet,Senožeče - Gabrk (p),720,131,5.2,4.6,01.06.2026 11:35:00,Povečan promet
AC-A1,Priključek Kozinaizvoz KP1685423.03.601.06.2026 11:35:00Normalen promet,izvoz KP,168,54,23.0,3.6,01.06.2026 11:35:00,Normalen promet
AC-A1,izvoz LJ1325829.22.201.06.2026 11:35:00Normalen promet,izvoz LJ,132,58,29.2,2.2,01.06.2026 11:35:00,Normalen promet
AC-A1,uvoz KP1924521.05.601.06.2026 11:35:00Normalen promet,uvoz KP,192,45,21.0,5.6,01.06.2026 11:35:00,Normalen promet
AC-A1,uvoz LJ1564624.22.901.06.2026 11:35:00Normalen promet,uvoz LJ,156,46,24.2,2.9,01.06.2026 11:35:00,Normalen promet
AC-A1,Ravbarkomanda ACPostojna - Unec (v)888994.011.701.06.2026 11:35:00Zgoščen promet,Postojna - Unec (v),888,99,4.0,11.7,01.06.2026 11:35:00,Zgoščen promet
AC-A1,Postojna - Unec (p)10321243.66.901.06.2026 11:35:00Povečan promet,Postojna - Unec (p),1032,124,3.6,6.9,01.06.2026 11:35:00,Povečan promet
AC-A1,Unec - Postojna (v)000.00.001.06.2026 11:35:00Ni podatka,Unec - Postojna (v),0,0,0.0,0.0,01.06.2026 11:35:00,Ni podatka
AC-A1,Unec - Postojna (p)000.00.001.06.2026 11:35:00Ni podatka,Unec - Postojna (p),0,0,0.0,0.0,01.06.2026 11:35:00,Ni podatka
AC-A1,Priključek Unecizvoz iz KP724053.92.001.06.2026 11:35:00Normalen promet,izvoz iz KP,72,40,53.9,2.0,01.06.2026 11:35:00,Normalen promet
AC-A1,izvoz iz LJ2764111.66.601.06.2026 11:35:00Normalen promet,izvoz iz LJ,276,41,11.6,6.6,01.06.2026 11:35:00,Normalen promet
AC-A1,uvoz proti KP363688.50.801.06.2026 11:35:00Normalen promet,uvoz proti KP,36,36,88.5,0.8,01.06.2026 11:35:00,Normalen promet
AC-A1,uvoz proti LJ2404814.84.701.06.2026 11:35:00Normalen promet,uvoz proti LJ,240,48,14.8,4.7,01.06.2026 11:35:00,Normalen promet
AC-A1,Priključek Postojnaizvoz KP1324925.02.101.06.2026 11:35:00Normalen promet,izvoz KP,132,49,25.0,2.1,01.06.2026 11:35:00,Normalen promet
AC-A1,izvoz LJ (v)492516.39.601.06.2026 11:35:00Povečan promet,izvoz LJ (v),492,51,6.3,9.6,01.06.2026 11:35:00,Povečan promet
AC-A1,izvoz LJ (p)000.00.001.06.2026 11:35:00Ni prometa,izvoz LJ (p),0,0,0.0,0.0,01.06.2026 11:35:00,Ni prometa
AC-A1,uvoz KP000.00.001.06.2026 11:35:00Ni prometa,uvoz KP,0,0,0.0,0.0,01.06.2026 11:35:00,Ni prometa
AC-A1,uvoz LJ468547.88.201.06.2026 11:35:00Normalen promet,uvoz LJ,468,54,7.8,8.2,01.06.2026 11:35:00,Normalen promet
AC-A1,Priključek Razdrtoizvoz iz KP604462.71.101.06.2026 11:35:00Normalen promet,izvoz iz KP,60,44,62.7,1.1,01.06.2026 11:35:00,Normalen promet
AC-A1,izvoz iz LJ243694.30.601.06.2026 11:35:00Normalen promet,izvoz iz LJ,24,36,94.3,0.6,01.06.2026 11:35:00,Normalen promet
AC-A1,uvoz proti KP2163918.45.701.06.2026 11:35:00Normalen promet,uvoz proti KP,216,39,18.4,5.7,01.06.2026 11:35:00,Normalen promet
AC-A1,uvoz proti LJ000.00.001.06.2026 11:35:00Ni prometa,uvoz proti LJ,0,0,0.0,0.0,01.06.2026 11:35:00,Ni prometa
AC-A1,Pšata ACsmer LJ (v)000.00.001.06.2026 11:35:00Ni podatka,smer LJ (v),0,0,0.0,0.0,01.06.2026 11:35:00,Ni podatka
AC-A1,smer LJ (p)000.00.001.06.2026 11:35:00Ni podatka,smer LJ (p),0,0,0.0,0.0,01.06.2026 11:35:00,Ni podatka
AC-A1,smer MB (v)000.00.001.06.2026 11:35:00Ni podatka,smer MB (v),0,0,0.0,0.0,01.06.2026 11:35:00,Ni podatka
AC-A1,smer MB (p)000.00.001.06.2026 11:35:00Ni podatka,smer MB (p),0,0,0.0,0.0,01.06.2026 11:35:00,Ni podatka
AC-A1,Kompolje ACsmer LJ (v)864974.112.701.06.2026 11:35:00Zgoščen promet,smer LJ (v),864,97,4.1,12.7,01.06.2026 11:35:00,Zgoščen promet
AC-A1,smer LJ (p)7561234.65.001.06.2026 11:35:00Povečan promet,smer LJ (p),756,123,4.6,5.0,01.06.2026 11:35:00,Povečan promet
AC-A1,Priključek Krtinaizvoz CE603971.81.401.06.2026 11:35:00Normalen promet,izvoz CE,60,39,71.8,1.4,01.06.2026 11:35:00,Normalen promet
AC-A1,izvoz LJ1324222.32.501.06.2026 11:35:00Normalen promet,izvoz LJ,132,42,22.3,2.5,01.06.2026 11:35:00,Normalen promet
AC-A1,uvoz CE1324340.63.701.06.2026 11:35:00Normalen promet,uvoz CE,132,43,40.6,3.7,01.06.2026 11:35:00,Normalen promet
AC-A1,uvoz LJ1923417.05.101.06.2026 11:35:00Normalen promet,uvoz LJ,192,34,17.0,5.1,01.06.2026 11:35:00,Normalen promet
AC-A1,Jasovnik ACTrojane - Vransko (v)744994.88.601.06.2026 11:35:00Zgoščen promet,Trojane - Vransko (v),744,99,4.8,8.6,01.06.2026 11:35:00,Zgoščen promet
AC-A1,Trojane - Vransko (p)4801198.43.101.06.2026 11:35:00Normalen promet,Trojane - Vransko (p),480,119,8.4,3.1,01.06.2026 11:35:00,Normalen promet
AC-A1,Vransko - Trojane (v)852944.510.501.06.2026 11:35:00Zgoščen promet,Vransko - Trojane (v),852,94,4.5,10.5,01.06.2026 11:35:00,Zgoščen promet
AC-A1,Vransko - Trojane (p)5161156.93.601.06.2026 11:35:00Povečan promet,Vransko - Trojane (p),516,115,6.9,3.6,01.06.2026 11:35:00,Povečan promet
AC-A1,Pesnica ACsmer Avstrija (v)6241055.47.201.06.2026 11:35:00Povečan promet,smer Avstrija (v),624,105,5.4,7.2,01.06.2026 11:35:00,Povečan promet
AC-A1,smer Avstrija (p)24013216.71.501.06.2026 11:35:00Normalen promet,smer Avstrija (p),240,132,16.7,1.5,01.06.2026 11:35:00,Normalen promet
AC-A1,smer MB (v)5761085.96.101.06.2026 11:35:00Povečan promet,smer MB (v),576,108,5.9,6.1,01.06.2026 11:35:00,Povečan promet
AC-A1,smer MB (p)3601279.92.201.06.2026 11:35:00Normalen promet,smer MB (p),360,127,9.9,2.2,01.06.2026 11:35:00,Normalen promet
AC-A1,Preloge ACSlov. Bistrica - Slov. Konjice (v)8161024.39.001.06.2026 11:35:00Zgoščen promet,Slov. Bistrica - Slov. Konjice (v),816,102,4.3,9.0,01.06.2026 11:35:00,Zgoščen promet
AC-A1,Slov. Bistrica - Slov. Konjice (p)4801237.53.101.06.2026 11:35:00Normalen promet,Slov. Bistrica - Slov. Konjice (p),480,123,7.5,3.1,01.06.2026 11:35:00,Normalen promet
AC-A1,Slov. Konjice - Slov. Bistrica (v)720975.610.101.06.2026 11:35:00Zgoščen promet,Slov. Konjice - Slov. Bistrica (v),720,97,5.6,10.1,01.06.2026 11:35:00,Zgoščen promet
AC-A1,Slov. Konjice - Slov.Bistrica (p)7441235.45.201.06.2026 11:35:00Povečan promet,Slov. Konjice - Slov.Bistrica (p),744,123,5.4,5.2,01.06.2026 11:35:00,Povečan promet
AC-A1,Vransko ACsmer LJ (v)7921004.69.401.06.2026 11:35:00Povečan promet,smer LJ (v),792,100,4.6,9.4,01.06.2026 11:35:00,Povečan promet
AC-A1,smer LJ (p)6001236.44.001.06.2026 11:35:00Povečan promet,smer LJ (p),600,123,6.4,4.0,01.06.2026 11:35:00,Povečan promet
AC-A1,smer MB (v)600976.28.601.06.2026 11:35:00Povečan promet,smer MB (v),600,97,6.2,8.6,01.06.2026 11:35:00,Povečan promet
AC-A1,smer MB (p)7081286.23.801.06.2026 11:35:00Povečan promet,smer MB (p),708,128,6.2,3.8,01.06.2026 11:35:00,Povečan promet
AC-A1,Ptujska ACMaribor - Slivnica (v)7561014.49.101.06.2026 11:35:00Zgoščen promet,Maribor - Slivnica (v),756,101,4.4,9.1,01.06.2026 11:35:00,Zgoščen promet
AC-A1,Maribor - Slivnica (p)5281287.23.301.06.2026 11:35:00Povečan promet,Maribor - Slivnica (p),528,128,7.2,3.3,01.06.2026 11:35:00,Povečan promet
AC-A1,Slivnica - Maribor (v)756964.79.001.06.2026 11:35:00Zgoščen promet,Slivnica - Maribor (v),756,96,4.7,9.0,01.06.2026 11:35:00,Zgoščen promet
AC-A1,Slivnica - Maribor (p)5041278.03.301.06.2026 11:35:00Normalen promet,Slivnica - Maribor (p),504,127,8.0,3.3,01.06.2026 11:35:00,Normalen promet
AC-A1,Priključek Dramljeizvoz CE2044321.83.901.06.2026 11:35:00Normalen promet,izvoz CE,204,43,21.8,3.9,01.06.2026 11:35:00,Normalen promet
AC-A1,izvoz MB725342.51.201.06.2026 11:35:00Normalen promet,izvoz MB,72,53,42.5,1.2,01.06.2026 11:35:00,Normalen promet
AC-A1,uvoz CE2165216.24.001.06.2026 11:35:00Normalen promet,uvoz CE,216,52,16.2,4.0,01.06.2026 11:35:00,Normalen promet
AC-A1,uvoz MB366189.70.401.06.2026 11:35:00Normalen promet,uvoz MB,36,61,89.7,0.4,01.06.2026 11:35:00,Normalen promet
AC-A1,Priključek Framizvoz CE963135.74.001.06.2026 11:35:00Normalen promet,izvoz CE,96,31,35.7,4.0,01.06.2026 11:35:00,Normalen promet
AC-A1,izvoz MB2523815.56.101.06.2026 11:35:00Normalen promet,izvoz MB,252,38,15.5,6.1,01.06.2026 11:35:00,Normalen promet
AC-A1,uvoz CE724647.62.601.06.2026 11:35:00Normalen promet,uvoz CE,72,46,47.6,2.6,01.06.2026 11:35:00,Normalen promet
AC-A1,uvoz MB2524013.16.301.06.2026 11:35:00Normalen promet,uvoz MB,252,40,13.1,6.3,01.06.2026 11:35:00,Normalen promet
AC-A1,Drenov Grič ACBrezovica - Vrhnika (v)1020833.416.801.06.2026 11:35:00Zgoščen promet,Brezovica - Vrhnika (v),1020,83,3.4,16.8,01.06.2026 11:35:00,Zgoščen promet
AC-A1,Brezovica - Vrhnika (p)1764991.914.701.06.2026 11:35:00Gost promet,Brezovica - Vrhnika (p),1764,99,1.9,14.7,01.06.2026 11:35:00,Gost promet
AC-A1,Vrhnika - Brezovica (v)852944.89.801.06.2026 11:35:00Zgoščen promet,Vrhnika - Brezovica (v),852,94,4.8,9.8,01.06.2026 11:35:00,Zgoščen promet
AC-A1,Vrhnika - Brezovica (p)14521142.79.701.06.2026 11:35:00Zgoščen promet,Vrhnika - Brezovica (p),1452,114,2.7,9.7,01.06.2026 11:35:00,Zgoščen promet
AC-A1,Priključek Slov. Bistricaizvoz CE1563924.23.501.06.2026 11:35:00Normalen promet,izvoz CE,156,39,24.2,3.5,01.06.2026 11:35:00,Normalen promet
AC-A1,izvoz MB336399.87.401.06.2026 11:35:00Normalen promet,izvoz MB,336,39,9.8,7.4,01.06.2026 11:35:00,Normalen promet
AC-A1,uvoz CE2524214.35.201.06.2026 11:35:00Normalen promet,uvoz CE,252,42,14.3,5.2,01.06.2026 11:35:00,Normalen promet
AC-A1,uvoz MB1324629.22.401.06.2026 11:35:00Normalen promet,uvoz MB,132,46,29.2,2.4,01.06.2026 11:35:00,Normalen promet
AC-A1,Malečnik ACDragučova - MB (Ptujska) (v)768944.210.601.06.2026 11:35:00Zgoščen promet,Dragučova - MB (Ptujska) (v),768,94,4.2,10.6,01.06.2026 11:35:00,Zgoščen promet
AC-A1,Dragučova - MB (Ptujska) (p)42011210.22.401.06.2026 11:35:00Normalen promet,Dragučova - MB (Ptujska) (p),420,112,10.2,2.4,01.06.2026 11:35:00,Normalen promet
AC-A1,MB (Ptujska) - Dragučova (v)756924.510.501.06.2026 11:35:00Zgoščen promet,MB (Ptujska) - Dragučova (v),756,92,4.5,10.5,01.06.2026 11:35:00,Zgoščen promet
AC-A1,MB (Ptujska) - Dragučova (p)4561168.13.401.06.2026 11:35:00Normalen promet,MB (Ptujska) - Dragučova (p),456,116,8.1,3.4,01.06.2026 11:35:00,Normalen promet
AC-A1,Ravne ACČrni Kal - Kozina (v)000.00.001.06.2026 11:35:00Ni podatka,Črni Kal - Kozina (v),0,0,0.0,0.0,01.06.2026 11:35:00,Ni podatka
AC-A1,Črni Kal - Kozina (p)000.00.001.06.2026 11:35:00Ni podatka,Črni Kal - Kozina (p),0,0,0.0,0.0,01.06.2026 11:35:00,Ni podatka
AC-A1,Kozina - Črni Kal (v)000.00.001.06.2026 11:35:00Ni podatka,Kozina - Črni Kal (v),0,0,0.0,0.0,01.06.2026 11:35:00,Ni podatka
AC-A1,Kozina - Črni Kal (p)000.00.001.06.2026 11:35:00Ni podatka,Kozina - Črni Kal (p),0,0,0.0,0.0,01.06.2026 11:35:00,Ni podatka
AC-A1,Razcep NanosIzvoz iz LJ588745.49.501.06.2026 11:35:00Povečan promet,Izvoz iz LJ,588,74,5.4,9.5,01.06.2026 11:35:00,Povečan promet
AC-A1,Uvoz KP1205327.12.901.06.2026 11:35:00Normalen promet,Uvoz KP,120,53,27.1,2.9,01.06.2026 11:35:00,Normalen promet
AC-A1,Pletovarje ACDramlje - Slovenske Konjice (v)864674.115.101.06.2026 11:35:00Zgoščen promet,Dramlje - Slovenske Konjice (v),864,67,4.1,15.1,01.06.2026 11:35:00,Zgoščen promet
AC-A1,Dramlje - Slovenske Konjice (p)432878.24.301.06.2026 11:35:00Normalen promet,Dramlje - Slovenske Konjice (p),432,87,8.2,4.3,01.06.2026 11:35:00,Normalen promet
AC-A1,Slovenske Konjice - Dramlje (v)000.00.001.06.2026 11:35:00Ni podatka,Slovenske Konjice - Dramlje (v),0,0,0.0,0.0,01.06.2026 11:35:00,Ni podatka
AC-A1,Slovenske Konjice - Dramlje (p)000.00.001.06.2026 11:35:00Ni podatka,Slovenske Konjice - Dramlje (p),0,0,0.0,0.0,01.06.2026 11:35:00,Ni podatka
AC-A1,Laze ACLogatec - Unec (v)888974.112.501.06.2026 11:35:00Zgoščen promet,Logatec - Unec (v),888,97,4.1,12.5,01.06.2026 11:35:00,Zgoščen promet
AC-A1,Logatec - Unec (p)12601213.09.001.06.2026 11:35:00Zgoščen promet,Logatec - Unec (p),1260,121,3.0,9.0,01.06.2026 11:35:00,Zgoščen promet
AC-A1,Unec - Logatec (v)1044983.312.401.06.2026 11:35:00Zgoščen promet,Unec - Logatec (v),1044,98,3.3,12.4,01.06.2026 11:35:00,Zgoščen promet
AC-A1,Unec - Logatec (p)11281184.36.001.06.2026 11:35:00Zgoščen promet,Unec - Logatec (p),1128,118,4.3,6.0,01.06.2026 11:35:00,Zgoščen promet
AC-A2,R KosezeBrdo-KR (v)864944.39.601.06.2026 11:35:00Povečan promet,Brdo-KR (v),864,94,4.3,9.6,01.06.2026 11:35:00,Povečan promet
AC-A2,Brdo-KR (p)7801144.75.701.06.2026 11:35:00Povečan promet,Brdo-KR (p),780,114,4.7,5.7,01.06.2026 11:35:00,Povečan promet
AC-A2,KR-Brdo (v)1068893.912.301.06.2026 11:35:00Zgoščen promet,KR-Brdo (v),1068,89,3.9,12.3,01.06.2026 11:35:00,Zgoščen promet
AC-A2,KR-Brdo (p)7921084.46.001.06.2026 11:35:00Povečan promet,KR-Brdo (p),792,108,4.4,6.0,01.06.2026 11:35:00,Povečan promet
AC-A2,KR-LJsev (v)480758.05.601.06.2026 11:35:00Normalen promet,KR-LJsev (v),480,75,8.0,5.6,01.06.2026 11:35:00,Normalen promet
AC-A2,KR-LJsev (p)2496159.70.201.06.2026 11:35:00Normalen promet,KR-LJsev (p),24,96,159.7,0.2,01.06.2026 11:35:00,Normalen promet
AC-A2,LJsev-KR624556.010.201.06.2026 11:35:00Normalen promet,LJsev-KR,624,55,6.0,10.2,01.06.2026 11:35:00,Normalen promet
AC-A2,Hrastje ACsmer LJ (v)9241043.99.501.06.2026 11:35:00Povečan promet,smer LJ (v),924,104,3.9,9.5,01.06.2026 11:35:00,Povečan promet
AC-A2,smer LJ (p)8761313.85.701.06.2026 11:35:00Povečan promet,smer LJ (p),876,131,3.8,5.7,01.06.2026 11:35:00,Povečan promet
AC-A2,smer NM (v)9361054.18.701.06.2026 11:35:00Povečan promet,smer NM (v),936,105,4.1,8.7,01.06.2026 11:35:00,Povečan promet
AC-A2,smer NM (p)5521286.83.501.06.2026 11:35:00Povečan promet,smer NM (p),552,128,6.8,3.5,01.06.2026 11:35:00,Povečan promet
AC-A2,R KozarjeKP-LJBrdo (v)732884.69.201.06.2026 11:35:00Povečan promet,KP-LJBrdo (v),732,88,4.6,9.2,01.06.2026 11:35:00,Povečan promet
AC-A2,KP-LJBrdo (p)8641064.46.401.06.2026 11:35:00Povečan promet,KP-LJBrdo (p),864,106,4.4,6.4,01.06.2026 11:35:00,Povečan promet
AC-A2,LJBrdo-KP (v)1188812.914.601.06.2026 11:35:00Zgoščen promet,LJBrdo-KP (v),1188,81,2.9,14.6,01.06.2026 11:35:00,Zgoščen promet
AC-A2,LJBrdo-KP (p)588996.84.501.06.2026 11:35:00Povečan promet,LJBrdo-KP (p),588,99,6.8,4.5,01.06.2026 11:35:00,Povečan promet
AC-A2,LJBrdo-LJjug (v)696884.97.601.06.2026 11:35:00Povečan promet,LJBrdo-LJjug (v),696,88,4.9,7.6,01.06.2026 11:35:00,Povečan promet
AC-A2,LJBrdo-LJjug (p)4801038.43.401.06.2026 11:35:00Normalen promet,LJBrdo-LJjug (p),480,103,8.4,3.4,01.06.2026 11:35:00,Normalen promet
AC-A2,LJjug-LJBrdo (v)1152892.912.301.06.2026 11:35:00Zgoščen promet,LJjug-LJBrdo (v),1152,89,2.9,12.3,01.06.2026 11:35:00,Zgoščen promet
AC-A2,LJjug-LJBrdo (p)30011013.32.301.06.2026 11:35:00Normalen promet,LJjug-LJBrdo (p),300,110,13.3,2.3,01.06.2026 11:35:00,Normalen promet
AC-A2,R MalenceLJjug-NM (v)000.00.001.06.2026 11:35:00Ni podatka,LJjug-NM (v),0,0,0.0,0.0,01.06.2026 11:35:00,Ni podatka
AC-A2,LJjug-NM (p)000.00.001.06.2026 11:35:00Ni prometa,LJjug-NM (p),0,0,0.0,0.0,01.06.2026 11:35:00,Ni prometa
AC-A2,NM-LJjug (v)744915.09.301.06.2026 11:35:00Povečan promet,NM-LJjug (v),744,91,5.0,9.3,01.06.2026 11:35:00,Povečan promet
AC-A2,NM-LJjug (p)4921107.53.501.06.2026 11:35:00Normalen promet,NM-LJjug (p),492,110,7.5,3.5,01.06.2026 11:35:00,Normalen promet
AC-A2,Novo mesto vzhodsmer HR (Obrežje) (v)3841059.14.901.06.2026 11:35:00Normalen promet,smer HR (Obrežje) (v),384,105,9.1,4.9,01.06.2026 11:35:00,Normalen promet
AC-A2,smer HR (Obrežje) (p)22813217.41.401.06.2026 11:35:00Normalen promet,smer HR (Obrežje) (p),228,132,17.4,1.4,01.06.2026 11:35:00,Normalen promet
AC-A2,smer NM (v)4921066.65.801.06.2026 11:35:00Povečan promet,smer NM (v),492,106,6.6,5.8,01.06.2026 11:35:00,Povečan promet
AC-A2,smer NM (p)26413012.91.601.06.2026 11:35:00Normalen promet,smer NM (p),264,130,12.9,1.6,01.06.2026 11:35:00,Normalen promet
AC-A2,Voklo ACsmer Karavanke (v)1080893.213.601.06.2026 11:35:00Zgoščen promet,smer Karavanke (v),1080,89,3.2,13.6,01.06.2026 11:35:00,Zgoščen promet
AC-A2,smer Karavanke (p)8281105.45.101.06.2026 11:35:00Povečan promet,smer Karavanke (p),828,110,5.4,5.1,01.06.2026 11:35:00,Povečan promet
AC-A2,smer LJ (v)1104873.212.801.06.2026 11:35:00Zgoščen promet,smer LJ (v),1104,87,3.2,12.8,01.06.2026 11:35:00,Zgoščen promet
AC-A2,smer LJ (p)11161093.48.501.06.2026 11:35:00Povečan promet,smer LJ (p),1116,109,3.4,8.5,01.06.2026 11:35:00,Povečan promet
AC-A2,Kranj Z-Kranj Vsmer Karavanke (v)792874.76.001.06.2026 11:35:00Povečan promet,smer Karavanke (v),792,87,4.7,6.0,01.06.2026 11:35:00,Povečan promet
AC-A2,smer Karavanke (p)600786.35.701.06.2026 11:35:00Povečan promet,smer Karavanke (p),600,78,6.3,5.7,01.06.2026 11:35:00,Povečan promet
AC-A2,smer LJ (v)000.00.001.06.2026 11:35:00Ni podatka,smer LJ (v),0,0,0.0,0.0,01.06.2026 11:35:00,Ni podatka
AC-A2,smer LJ (p)000.00.001.06.2026 11:35:00Ni podatka,smer LJ (p),0,0,0.0,0.0,01.06.2026 11:35:00,Ni podatka
AC-A2,Ljubno ACsmer Karavanke (v)9601033.89.001.06.2026 11:35:00Povečan promet,smer Karavanke (v),960,103,3.8,9.0,01.06.2026 11:35:00,Povečan promet
AC-A2,smer Karavanke (p)6241246.24.201.06.2026 11:35:00Povečan promet,smer Karavanke (p),624,124,6.2,4.2,01.06.2026 11:35:00,Povečan promet
AC-A2,smer LJ (v)9121034.09.301.06.2026 11:35:00Povečan promet,smer LJ (v),912,103,4.0,9.3,01.06.2026 11:35:00,Povečan promet
AC-A2,smer LJ (p)9721224.26.601.06.2026 11:35:00Povečan promet,smer LJ (p),972,122,4.2,6.6,01.06.2026 11:35:00,Povečan promet
AC-A2,Brezje ACsmer Karavanke (v)9481004.010.201.06.2026 11:35:00Zgoščen promet,smer Karavanke (v),948,100,4.0,10.2,01.06.2026 11:35:00,Zgoščen promet
AC-A2,smer Karavanke (p)6601286.14.301.06.2026 11:35:00Povečan promet,smer Karavanke (p),660,128,6.1,4.3,01.06.2026 11:35:00,Povečan promet
AC-A2,smer LJ (v)8881063.98.201.06.2026 11:35:00Povečan promet,smer LJ (v),888,106,3.9,8.2,01.06.2026 11:35:00,Povečan promet
AC-A2,smer LJ (p)9361254.06.301.06.2026 11:35:00Povečan promet,smer LJ (p),936,125,4.0,6.3,01.06.2026 11:35:00,Povečan promet
AC-A2,Radovljica ACsmer Karavanke (v)7561084.77.701.06.2026 11:35:00Povečan promet,smer Karavanke (v),756,108,4.7,7.7,01.06.2026 11:35:00,Povečan promet
AC-A2,smer Karavanke (p)5641306.73.601.06.2026 11:35:00Povečan promet,smer Karavanke (p),564,130,6.7,3.6,01.06.2026 11:35:00,Povečan promet
AC-A2,smer LJ (v)7801074.76.801.06.2026 11:35:00Povečan promet,smer LJ (v),780,107,4.7,6.8,01.06.2026 11:35:00,Povečan promet
AC-A2,smer LJ (p)6601256.04.301.06.2026 11:35:00Povečan promet,smer LJ (p),660,125,6.0,4.3,01.06.2026 11:35:00,Povečan promet
AC-A2,Jesenice V ACsmer Karavanke (v)5161016.76.001.06.2026 11:35:00Povečan promet,smer Karavanke (v),516,101,6.7,6.0,01.06.2026 11:35:00,Povečan promet
AC-A2,smer Karavanke (p)16811715.31.201.06.2026 11:35:00Normalen promet,smer Karavanke (p),168,117,15.3,1.2,01.06.2026 11:35:00,Normalen promet
AC-A2,Podbrezje ACsmer Karavanke (po)1448120.73.401.06.2026 11:35:00Normalen promet,smer Karavanke (po),144,81,20.7,3.4,01.06.2026 11:35:00,Normalen promet
AC-A2,smer Karavanke (v)8641044.27.301.06.2026 11:35:00Povečan promet,smer Karavanke (v),864,104,4.2,7.3,01.06.2026 11:35:00,Povečan promet
AC-A2,smer Karavanke (p)7441224.85.101.06.2026 11:35:00Povečan promet,smer Karavanke (p),744,122,4.8,5.1,01.06.2026 11:35:00,Povečan promet
AC-A2,MP Obrežjesmer carina000.00.001.06.2026 11:35:00Ni prometa,smer carina,0,0,0.0,0.0,01.06.2026 11:35:00,Ni prometa
AC-A2,smer HR (Obrežje) (v)372698.75.301.06.2026 11:35:00Normalen promet,smer HR (Obrežje) (v),372,69,8.7,5.3,01.06.2026 11:35:00,Normalen promet
AC-A2,smer HR (Obrežje) (p)608360.80.601.06.2026 11:35:00Normalen promet,smer HR (Obrežje) (p),60,83,60.8,0.6,01.06.2026 11:35:00,Normalen promet
AC-A2,smer HR (Obrežje) (v)000.00.001.06.2026 11:35:00Ni prometa,smer HR (Obrežje) (v),0,0,0.0,0.0,01.06.2026 11:35:00,Ni prometa
AC-A2,smer HR (Obrežje) (p)12561517.90.301.06.2026 11:35:00Normalen promet,smer HR (Obrežje) (p),12,56,1517.9,0.3,01.06.2026 11:35:00,Normalen promet
AC-A2,smer LJ (v)744834.87.501.06.2026 11:35:00Povečan promet,smer LJ (v),744,83,4.8,7.5,01.06.2026 11:35:00,Povečan promet
AC-A2,smer LJ (p)19210519.31.401.06.2026 11:35:00Normalen promet,smer LJ (p),192,105,19.3,1.4,01.06.2026 11:35:00,Normalen promet
AC-A2,smer LJ2164015.48.801.06.2026 11:35:00Normalen promet,smer LJ,216,40,15.4,8.8,01.06.2026 11:35:00,Normalen promet
AC-A2,Čatež ACsmer HR (Obrežje) (v)32410511.33.901.06.2026 11:35:00Normalen promet,smer HR (Obrežje) (v),324,105,11.3,3.9,01.06.2026 11:35:00,Normalen promet
AC-A2,smer HR (Obrežje) (p)16813216.51.001.06.2026 11:35:00Normalen promet,smer HR (Obrežje) (p),168,132,16.5,1.0,01.06.2026 11:35:00,Normalen promet
AC-A2,smer LJ (v)5641096.65.801.06.2026 11:35:00Povečan promet,smer LJ (v),564,109,6.6,5.8,01.06.2026 11:35:00,Povečan promet
AC-A2,smer LJ (p)3841379.72.301.06.2026 11:35:00Normalen promet,smer LJ (p),384,137,9.7,2.3,01.06.2026 11:35:00,Normalen promet
AC-A2,Višnja Gora ACIvančna Gorica - Višnja Gora (v)7561054.77.901.06.2026 11:35:00Zgoščen promet,Ivančna Gorica - Višnja Gora (v),756,105,4.7,7.9,01.06.2026 11:35:00,Zgoščen promet
AC-A2,Ivančna Gorica - Višnja Gora (p)7561285.24.401.06.2026 11:35:00Povečan promet,Ivančna Gorica - Višnja Gora (p),756,128,5.2,4.4,01.06.2026 11:35:00,Povečan promet
AC-A2,Višnja Gora - Ivančna Gorica (v)7441045.36.901.06.2026 11:35:00Povečan promet,Višnja Gora - Ivančna Gorica (v),744,104,5.3,6.9,01.06.2026 11:35:00,Povečan promet
AC-A2,Višnja Gora - Ivančna Gorica (p)4681277.53.001.06.2026 11:35:00Normalen promet,Višnja Gora - Ivančna Gorica (p),468,127,7.5,3.0,01.06.2026 11:35:00,Normalen promet
AC-A2,Draga ACDobruška vas - Kronovo (v)6241075.66.601.06.2026 11:35:00Povečan promet,Dobruška vas - Kronovo (v),624,107,5.6,6.6,01.06.2026 11:35:00,Povečan promet
AC-A2,Dobruška vas - Kronovo (p)38413011.22.401.06.2026 11:35:00Normalen promet,Dobruška vas - Kronovo (p),384,130,11.2,2.4,01.06.2026 11:35:00,Normalen promet
AC-A2,Šmarje Sap ACGrosuplje - Ljubljana (v)1200893.013.001.06.2026 11:35:00Zgoščen promet,Grosuplje - Ljubljana (v),1200,89,3.0,13.0,01.06.2026 11:35:00,Zgoščen promet
AC-A2,Grosuplje - Ljubljana (p)9121074.46.501.06.2026 11:35:00Povečan promet,Grosuplje - Ljubljana (p),912,107,4.4,6.5,01.06.2026 11:35:00,Povečan promet
AC-A2,Ljubljana - Grosuplje (v)1176852.713.601.06.2026 11:35:00Zgoščen promet,Ljubljana - Grosuplje (v),1176,85,2.7,13.6,01.06.2026 11:35:00,Zgoščen promet
AC-A2,Ljubljana - Grosuplje (p)9481063.47.401.06.2026 11:35:00Povečan promet,Ljubljana - Grosuplje (p),948,106,3.4,7.4,01.06.2026 11:35:00,Povečan promet
AC-A2,Lipce ACLesce - Lipce (v)708945.37.001.06.2026 11:35:00Povečan promet,Lesce - Lipce (v),708,94,5.3,7.0,01.06.2026 11:35:00,Povečan promet
AC-A2,Lesce - Lipce (p)33610611.62.601.06.2026 11:35:00Normalen promet,Lesce - Lipce (p),336,106,11.6,2.6,01.06.2026 11:35:00,Normalen promet
AC-A2,Lipce - Lesce (v)912874.39.101.06.2026 11:35:00Zgoščen promet,Lipce - Lesce (v),912,87,4.3,9.1,01.06.2026 11:35:00,Zgoščen promet
AC-A2,Lipce - Lesce (p)25210017.12.001.06.2026 11:35:00Normalen promet,Lipce - Lesce (p),252,100,17.1,2.0,01.06.2026 11:35:00,Normalen promet
AC-A2,Naklo ACsmer Karavanke (v)936973.810.501.06.2026 11:35:00Zgoščen promet,smer Karavanke (v),936,97,3.8,10.5,01.06.2026 11:35:00,Zgoščen promet
AC-A2,smer Karavanke (p)8401203.95.701.06.2026 11:35:00Povečan promet,smer Karavanke (p),840,120,3.9,5.7,01.06.2026 11:35:00,Povečan promet
AC-A2,smer LJ (v)924903.810.801.06.2026 11:35:00Zgoščen promet,smer LJ (v),924,90,3.8,10.8,01.06.2026 11:35:00,Zgoščen promet
AC-A2,smer LJ (p)8401064.46.701.06.2026 11:35:00Povečan promet,smer LJ (p),840,106,4.4,6.7,01.06.2026 11:35:00,Povečan promet
AC-A2,Zagorica ACNovo Mesto - Trebnje (v)7081075.38.401.06.2026 11:35:00Zgoščen promet,Novo Mesto - Trebnje (v),708,107,5.3,8.4,01.06.2026 11:35:00,Zgoščen promet
AC-A2,Novo Mesto - Trebnje (p)34812810.72.201.06.2026 11:35:00Normalen promet,Novo Mesto - Trebnje (p),348,128,10.7,2.2,01.06.2026 11:35:00,Normalen promet
AC-A2,Trebnje - Novo Mesto (v)4201028.95.401.06.2026 11:35:00Normalen promet,Trebnje - Novo Mesto (v),420,102,8.9,5.4,01.06.2026 11:35:00,Normalen promet
AC-A2,Trebnje - Novo Mesto (p)22813015.91.401.06.2026 11:35:00Normalen promet,Trebnje - Novo Mesto (p),228,130,15.9,1.4,01.06.2026 11:35:00,Normalen promet
AC-A2,Priključek Lesce-JeseniceIzvoz iz AC - Jesenice2645312.84.101.06.2026 11:35:00Normalen promet,Izvoz iz AC - Jesenice,264,53,12.8,4.1,01.06.2026 11:35:00,Normalen promet
AC-A2,Izvoz iz AC - Kranj480587.57.601.06.2026 11:35:00Normalen promet,Izvoz iz AC - Kranj,480,58,7.5,7.6,01.06.2026 11:35:00,Normalen promet
AC-A2,Uvoz na AC - Jesenice1925918.72.801.06.2026 11:35:00Normalen promet,Uvoz na AC - Jesenice,192,59,18.7,2.8,01.06.2026 11:35:00,Normalen promet
AC-A2,Uvoz na AC - Kranj516517.08.901.06.2026 11:35:00Povečan promet,Uvoz na AC - Kranj,516,51,7.0,8.9,01.06.2026 11:35:00,Povečan promet
AC-A2,Kamna Gorica ACKoseze - Šentvid (v)1272862.714.601.06.2026 11:35:00Zgoščen promet,Koseze - Šentvid (v),1272,86,2.7,14.6,01.06.2026 11:35:00,Zgoščen promet
AC-A2,Koseze - Šentvid (p)10561023.98.401.06.2026 11:35:00Zgoščen promet,Koseze - Šentvid (p),1056,102,3.9,8.4,01.06.2026 11:35:00,Zgoščen promet
AC-A2,Šentvid - Koseze (v)1248903.014.601.06.2026 11:35:00Zgoščen promet,Šentvid - Koseze (v),1248,90,3.0,14.6,01.06.2026 11:35:00,Zgoščen promet
AC-A2,Šentvid - Koseze (p)10321073.77.901.06.2026 11:35:00Povečan promet,Šentvid - Koseze (p),1032,107,3.7,7.9,01.06.2026 11:35:00,Povečan promet
AC-A2,Voglje ACBrnik - Vodice (v)000.00.001.06.2026 11:35:00Ni podatka,Brnik - Vodice (v),0,0,0.0,0.0,01.06.2026 11:35:00,Ni podatka
AC-A2,Brnik - Vodice (p)000.00.001.06.2026 11:35:00Ni podatka,Brnik - Vodice (p),0,0,0.0,0.0,01.06.2026 11:35:00,Ni podatka
AC-A2,Vodice - Brnik (v)972763.510.101.06.2026 11:35:00Zgoščen promet,Vodice - Brnik (v),972,76,3.5,10.1,01.06.2026 11:35:00,Zgoščen promet
AC-A2,Vodice - Brnik (p)000.00.001.06.2026 11:35:00Ni prometa,Vodice - Brnik (p),0,0,0.0,0.0,01.06.2026 11:35:00,Ni prometa
AC-A2,Povodje ACLJ (Šmartno) - Vodice (v)000.00.001.06.2026 11:35:00Ni podatka,LJ (Šmartno) - Vodice (v),0,0,0.0,0.0,01.06.2026 11:35:00,Ni podatka
AC-A2,LJ (Šmartno) - Vodice (p)000.00.001.06.2026 11:35:00Ni prometa,LJ (Šmartno) - Vodice (p),0,0,0.0,0.0,01.06.2026 11:35:00,Ni prometa
AC-A2,Vodice - LJ (Šmartno) (v)9361004.28.701.06.2026 11:35:00Zgoščen promet,Vodice - LJ (Šmartno) (v),936,100,4.2,8.7,01.06.2026 11:35:00,Zgoščen promet
AC-A2,Vodice - LJ (Šmartno) (p)10921213.37.601.06.2026 11:35:00Povečan promet,Vodice - LJ (Šmartno) (p),1092,121,3.3,7.6,01.06.2026 11:35:00,Povečan promet
AC-A2,Bokalce ACBrdo - Kozarje (v)1692852.719.901.06.2026 11:35:00Gost promet,Brdo - Kozarje (v),1692,85,2.7,19.9,01.06.2026 11:35:00,Gost promet
AC-A2,Brdo - Kozarje (p)14641052.612.001.06.2026 11:35:00Zgoščen promet,Brdo - Kozarje (p),1464,105,2.6,12.0,01.06.2026 11:35:00,Zgoščen promet
AC-A2,Kozarje - Brdo (v)1428842.619.301.06.2026 11:35:00Zgoščen promet,Kozarje - Brdo (v),1428,84,2.6,19.3,01.06.2026 11:35:00,Zgoščen promet
AC-A2,Kozarje - Brdo (p)16801032.213.601.06.2026 11:35:00Gost promet,Kozarje - Brdo (p),1680,103,2.2,13.6,01.06.2026 11:35:00,Gost promet
AC-A2,Dob ACBič - Ivančna Gorica (v)564646.49.301.06.2026 11:35:00Povečan promet,Bič - Ivančna Gorica (v),564,64,6.4,9.3,01.06.2026 11:35:00,Povečan promet
AC-A2,Bič - Ivančna Gorica (p)408768.84.701.06.2026 11:35:00Normalen promet,Bič - Ivančna Gorica (p),408,76,8.8,4.7,01.06.2026 11:35:00,Normalen promet
AC-A2,Ivančna Gorica - Bič (v)696704.610.201.06.2026 11:35:00Zgoščen promet,Ivančna Gorica - Bič (v),696,70,4.6,10.2,01.06.2026 11:35:00,Zgoščen promet
AC-A2,Ivančna Gorica - Bič (p)2649212.02.401.06.2026 11:35:00Normalen promet,Ivančna Gorica - Bič (p),264,92,12.0,2.4,01.06.2026 11:35:00,Normalen promet
AC-A2,Priključek Drnovoizvoz Čatež844937.61.401.06.2026 11:35:00Normalen promet,izvoz Čatež,84,49,37.6,1.4,01.06.2026 11:35:00,Normalen promet
AC-A2,izvoz NM1925318.23.701.06.2026 11:35:00Normalen promet,izvoz NM,192,53,18.2,3.7,01.06.2026 11:35:00,Normalen promet
AC-A2,uvoz Čatež606057.40.901.06.2026 11:35:00Normalen promet,uvoz Čatež,60,60,57.4,0.9,01.06.2026 11:35:00,Normalen promet
AC-A2,uvoz NM1325226.02.901.06.2026 11:35:00Normalen promet,uvoz NM,132,52,26.0,2.9,01.06.2026 11:35:00,Normalen promet
AC-A2,Drnovo ACDobruška vas - Drnovo (v)3841129.73.601.06.2026 11:35:00Normalen promet,Dobruška vas - Drnovo (v),384,112,9.7,3.6,01.06.2026 11:35:00,Normalen promet
AC-A2,Dobruška vas - Drnovo (p)2413380.60.201.06.2026 11:35:00Normalen promet,Dobruška vas - Drnovo (p),24,133,80.6,0.2,01.06.2026 11:35:00,Normalen promet
AC-A2,Prik. Drnovo - Smednik (v)5041027.56.701.06.2026 11:35:00Povečan promet,Prik. Drnovo - Smednik (v),504,102,7.5,6.7,01.06.2026 11:35:00,Povečan promet
AC-A2,Prik. Drnovo - Smednik (p)30012812.91.901.06.2026 11:35:00Normalen promet,Prik. Drnovo - Smednik (p),300,128,12.9,1.9,01.06.2026 11:35:00,Normalen promet
AC-A3,Dane ACGabrk - Sežana vzhod (v)31210413.44.201.06.2026 11:35:00Normalen promet,Gabrk - Sežana vzhod (v),312,104,13.4,4.2,01.06.2026 11:35:00,Normalen promet
AC-A3,Gabrk - Sežana vzhod (p)14412636.60.601.06.2026 11:35:00Normalen promet,Gabrk - Sežana vzhod (p),144,126,36.6,0.6,01.06.2026 11:35:00,Normalen promet
AC-A3,Sežana vzhod - Gabrk (v)31211012.23.301.06.2026 11:35:00Normalen promet,Sežana vzhod - Gabrk (v),312,110,12.2,3.3,01.06.2026 11:35:00,Normalen promet
AC-A3,Sežana vzhod - Gabrk (p)13213228.40.601.06.2026 11:35:00Normalen promet,Sežana vzhod - Gabrk (p),132,132,28.4,0.6,01.06.2026 11:35:00,Normalen promet
AC-A4,Podlehniksmer HR (Gruškovje) (v)4441129.23.801.06.2026 11:35:00Normalen promet,smer HR (Gruškovje) (v),444,112,9.2,3.8,01.06.2026 11:35:00,Normalen promet
AC-A4,smer HR (Gruskovje) (p)15613025.91.001.06.2026 11:35:00Normalen promet,smer HR (Gruskovje) (p),156,130,25.9,1.0,01.06.2026 11:35:00,Normalen promet
AC-A4,smer MB (v)4441098.05.001.06.2026 11:35:00Normalen promet,smer MB (v),444,109,8.0,5.0,01.06.2026 11:35:00,Normalen promet
AC-A4,smer MB (p)20413416.41.201.06.2026 11:35:00Normalen promet,smer MB (p),204,134,16.4,1.2,01.06.2026 11:35:00,Normalen promet
AC-A4,Gruškovjesmer HR (MP Gruškovje) (v)3727710.05.301.06.2026 11:35:00Normalen promet,smer HR (MP Gruškovje) (v),372,77,10.0,5.3,01.06.2026 11:35:00,Normalen promet
AC-A4,smer HR (MP Gruškovje) (p)3695100.90.301.06.2026 11:35:00Normalen promet,smer HR (MP Gruškovje) (p),36,95,100.9,0.3,01.06.2026 11:35:00,Normalen promet
AC-A4,smer MB (v)396778.85.101.06.2026 11:35:00Normalen promet,smer MB (v),396,77,8.8,5.1,01.06.2026 11:35:00,Normalen promet
AC-A4,smer MB (p)6010260.90.401.06.2026 11:35:00Normalen promet,smer MB (p),60,102,60.9,0.4,01.06.2026 11:35:00,Normalen promet
AC-A4,Prepolje ACHajdina - Slivnica (v)6601025.38.601.06.2026 11:35:00Zgoščen promet,Hajdina - Slivnica (v),660,102,5.3,8.6,01.06.2026 11:35:00,Zgoščen promet
AC-A4,Hajdina - Slivnica (p)5521296.03.501.06.2026 11:35:00Povečan promet,Hajdina - Slivnica (p),552,129,6.0,3.5,01.06.2026 11:35:00,Povečan promet
AC-A4,Slivnica - Hajdina (v)4921036.45.601.06.2026 11:35:00Povečan promet,Slivnica - Hajdina (v),492,103,6.4,5.6,01.06.2026 11:35:00,Povečan promet
AC-A4,Slivnica - Hajdina (p)32413512.62.001.06.2026 11:35:00Normalen promet,Slivnica - Hajdina (p),324,135,12.6,2.0,01.06.2026 11:35:00,Normalen promet
AC-A5,Dolinsko ACsmer HUN (Pince) (v)24010115.32.801.06.2026 11:35:00Normalen promet,smer HUN (Pince) (v),240,101,15.3,2.8,01.06.2026 11:35:00,Normalen promet
AC-A5,smer HUN (Pince) (p)4812291.90.301.06.2026 11:35:00Normalen promet,smer HUN (Pince) (p),48,122,91.9,0.3,01.06.2026 11:35:00,Normalen promet
AC-A5,smer MB  (v)26410613.73.301.06.2026 11:35:00Normalen promet,smer MB  (v),264,106,13.7,3.3,01.06.2026 11:35:00,Normalen promet
AC-A5,smer MB (p)36124102.80.201.06.2026 11:35:00Normalen promet,smer MB (p),36,124,102.8,0.2,01.06.2026 11:35:00,Normalen promet
AC-A5,Mostje ACsmer HUN (Pince) (v)24011115.02.001.06.2026 11:35:00Normalen promet,smer HUN (Pince) (v),240,111,15.0,2.0,01.06.2026 11:35:00,Normalen promet
AC-A5,smer HUN (Pince) (p)24120338.30.201.06.2026 11:35:00Normalen promet,smer HUN (Pince) (p),24,120,338.3,0.2,01.06.2026 11:35:00,Normalen promet
AC-A5,smer MB (v)24010816.12.501.06.2026 11:35:00Normalen promet,smer MB (v),240,108,16.1,2.5,01.06.2026 11:35:00,Normalen promet
AC-A5,smer MB (p)36144105.90.201.06.2026 11:35:00Normalen promet,smer MB (p),36,144,105.9,0.2,01.06.2026 11:35:00,Normalen promet
AC-A5,Zamarkova ACsmer HUN (Pince) (v)5521007.05.801.06.2026 11:35:00Povečan promet,smer HUN (Pince) (v),552,100,7.0,5.8,01.06.2026 11:35:00,Povečan promet
AC-A5,smer HUN (Pince) (p)9611837.80.701.06.2026 11:35:00Normalen promet,smer HUN (Pince) (p),96,118,37.8,0.7,01.06.2026 11:35:00,Normalen promet
AC-A5,Lormanje ACsmer HUN (Pince) (v)5401026.86.101.06.2026 11:35:00Povečan promet,smer HUN (Pince) (v),540,102,6.8,6.1,01.06.2026 11:35:00,Povečan promet
AC-A5,smer HUN (Pince) (p)14413024.90.801.06.2026 11:35:00Normalen promet,smer HUN (Pince) (p),144,130,24.9,0.8,01.06.2026 11:35:00,Normalen promet
AC-A5,smer MB (v)5041057.75.801.06.2026 11:35:00Povečan promet,smer MB (v),504,105,7.7,5.8,01.06.2026 11:35:00,Povečan promet
AC-A5,smer MB (p)15612223.31.001.06.2026 11:35:00Normalen promet,smer MB (p),156,122,23.3,1.0,01.06.2026 11:35:00,Normalen promet
AC-A5,Brengova ACsmer HUN (Pince) (v)4801076.64.201.06.2026 11:35:00Povečan promet,smer HUN (Pince) (v),480,107,6.6,4.2,01.06.2026 11:35:00,Povečan promet
AC-A5,smer HUN (Pince) (p)21612317.71.201.06.2026 11:35:00Normalen promet,smer HUN (Pince) (p),216,123,17.7,1.2,01.06.2026 11:35:00,Normalen promet
AC-A5,smer MB (v)4801017.76.001.06.2026 11:35:00Normalen promet,smer MB (v),480,101,7.7,6.0,01.06.2026 11:35:00,Normalen promet
AC-A5,smer MB (p)15612727.01.001.06.2026 11:35:00Normalen promet,smer MB (p),156,127,27.0,1.0,01.06.2026 11:35:00,Normalen promet
AC-A5,Cenkova ACsmer HUN (Pince) (v)4801107.55.201.06.2026 11:35:00Normalen promet,smer HUN (Pince) (v),480,110,7.5,5.2,01.06.2026 11:35:00,Normalen promet
AC-A5,smer HUN (Pince) (p)15612823.31.001.06.2026 11:35:00Normalen promet,smer HUN (Pince) (p),156,128,23.3,1.0,01.06.2026 11:35:00,Normalen promet
AC-A5,smer MB (v)4441048.55.101.06.2026 11:35:00Normalen promet,smer MB (v),444,104,8.5,5.1,01.06.2026 11:35:00,Normalen promet
AC-A5,smer MB (p)13212325.90.901.06.2026 11:35:00Normalen promet,smer MB (p),132,123,25.9,0.9,01.06.2026 11:35:00,Normalen promet
AC-A5,Dragotinci ACsmer MB (v)32410411.43.801.06.2026 11:35:00Normalen promet,smer MB (v),324,104,11.4,3.8,01.06.2026 11:35:00,Normalen promet
AC-A5,smer MB (p)12012632.90.801.06.2026 11:35:00Normalen promet,smer MB (p),120,126,32.9,0.8,01.06.2026 11:35:00,Normalen promet
AC-A5,Gančani ACsmer HUN (Pince) (v)2529614.43.701.06.2026 11:35:00Normalen promet,smer HUN (Pince) (v),252,96,14.4,3.7,01.06.2026 11:35:00,Normalen promet
AC-A5,smer HUN (Pince) (p)7211652.60.501.06.2026 11:35:00Normalen promet,smer HUN (Pince) (p),72,116,52.6,0.5,01.06.2026 11:35:00,Normalen promet
AC-A5,Pince ACsmer HUN (Pince) (p)1567317.02.301.06.2026 11:35:00Normalen promet,smer HUN (Pince) (p),156,73,17.0,2.3,01.06.2026 11:35:00,Normalen promet
AC-A5,smer HUN (Pince) (v)1927018.53.101.06.2026 11:35:00Normalen promet,smer HUN (Pince) (v),192,70,18.5,3.1,01.06.2026 11:35:00,Normalen promet
AC-A5,Vučja vas ACsmer HUN (Pince) (v)4921027.84.901.06.2026 11:35:00Normalen promet,smer HUN (Pince) (v),492,102,7.8,4.9,01.06.2026 11:35:00,Normalen promet
AC-A5,smer HUN (Pince) (p)13213328.10.801.06.2026 11:35:00Normalen promet,smer HUN (Pince) (p),132,133,28.1,0.8,01.06.2026 11:35:00,Normalen promet
AC-A5,smer MB (v)4681087.64.801.06.2026 11:35:00Normalen promet,smer MB (v),468,108,7.6,4.8,01.06.2026 11:35:00,Normalen promet
AC-A5,smer MB (p)8412935.20.501.06.2026 11:35:00Normalen promet,smer MB (p),84,129,35.2,0.5,01.06.2026 11:35:00,Normalen promet
AC-A5,Dragučova ACsmer HUN (Pince) (v)5281037.35.401.06.2026 11:35:00Povečan promet,smer HUN (Pince) (v),528,103,7.3,5.4,01.06.2026 11:35:00,Povečan promet
AC-A5,smer HUN (Pince) (p)25213315.81.601.06.2026 11:35:00Normalen promet,smer HUN (Pince) (p),252,133,15.8,1.6,01.06.2026 11:35:00,Normalen promet
AC-A5,smer MB (v)6481085.46.501.06.2026 11:35:00Povečan promet,smer MB (v),648,108,5.4,6.5,01.06.2026 11:35:00,Povečan promet
AC-A5,smer MB (p)24013014.41.401.06.2026 11:35:00Normalen promet,smer MB (p),240,130,14.4,1.4,01.06.2026 11:35:00,Normalen promet
AC-A5,Priključek Pernicaizvoz MB243496.10.701.06.2026 11:35:00Normalen promet,izvoz MB,24,34,96.1,0.7,01.06.2026 11:35:00,Normalen promet
AC-A5,izvoz MS3643157.50.901.06.2026 11:35:00Normalen promet,izvoz MS,36,43,157.5,0.9,01.06.2026 11:35:00,Normalen promet
AC-A5,uvoz MB6038109.31.301.06.2026 11:35:00Normalen promet,uvoz MB,60,38,109.3,1.3,01.06.2026 11:35:00,Normalen promet
AC-A5,uvoz MS2451152.50.301.06.2026 11:35:00Normalen promet,uvoz MS,24,51,152.5,0.3,01.06.2026 11:35:00,Normalen promet
AC-A5,Priključek Vučja vasIzvoz iz MS2458207.80.301.06.2026 11:35:00Normalen promet,Izvoz iz MS,24,58,207.8,0.3,01.06.2026 11:35:00,Normalen promet
AC-A5,Izvoz MB965138.51.601.06.2026 11:35:00Normalen promet,Izvoz MB,96,51,38.5,1.6,01.06.2026 11:35:00,Normalen promet
AC-A5,Uvoz MS365373.70.501.06.2026 11:35:00Normalen promet,Uvoz MS,36,53,73.7,0.5,01.06.2026 11:35:00,Normalen promet
AC-A5,Uvoz proti MB725350.41.101.06.2026 11:35:00Normalen promet,Uvoz proti MB,72,53,50.4,1.1,01.06.2026 11:35:00,Normalen promet
AC-A5,Lendava ACDolga vas - Lendava (v)2528015.43.401.06.2026 11:35:00Normalen promet,Dolga vas - Lendava (v),252,80,15.4,3.4,01.06.2026 11:35:00,Normalen promet
AC-A5,Dolga vas - Lendava (p)3845910.48.001.06.2026 11:35:00Normalen promet,Dolga vas - Lendava (p),384,59,10.4,8.0,01.06.2026 11:35:00,Normalen promet
AC-A5,Lendava - Dolga vas (v)000.00.001.06.2026 11:35:00Ni podatka,Lendava - Dolga vas (v),0,0,0.0,0.0,01.06.2026 11:35:00,Ni podatka
AC-A5,Lendava - Dolga vas (p)000.00.001.06.2026 11:35:00Ni podatka,Lendava - Dolga vas (p),0,0,0.0,0.0,01.06.2026 11:35:00,Ni podatka
AC-A5,Priključek Lendavaizvoz MS724451.72.101.06.2026 11:35:00Normalen promet,izvoz MS,72,44,51.7,2.1,01.06.2026 11:35:00,Normalen promet
AC-A5,izvoz Pince000.00.001.06.2026 11:35:00Ni podatka,izvoz Pince,0,0,0.0,0.0,01.06.2026 11:35:00,Ni podatka
AC-A5,uvoz MS000.00.001.06.2026 11:35:00Ni podatka,uvoz MS,0,0,0.0,0.0,01.06.2026 11:35:00,Ni podatka
AC-A5,uvoz Pince603553.52.201.06.2026 11:35:00Normalen promet,uvoz Pince,60,35,53.5,2.2,01.06.2026 11:35:00,Normalen promet
AC-A5,Priključek Murska Sobotaizvoz Lendava844560.22.001.06.2026 11:35:00Normalen promet,izvoz Lendava,84,45,60.2,2.0,01.06.2026 11:35:00,Normalen promet
AC-A5,izvoz MB2044618.84.201.06.2026 11:35:00Normalen promet,izvoz MB,204,46,18.8,4.2,01.06.2026 11:35:00,Normalen promet
AC-A5,uvoz Lendava844449.51.901.06.2026 11:35:00Normalen promet,uvoz Lendava,84,44,49.5,1.9,01.06.2026 11:35:00,Normalen promet
AC-A5,uvoz MB2164616.34.201.06.2026 11:35:00Normalen promet,uvoz MB,216,46,16.3,4.2,01.06.2026 11:35:00,Normalen promet
HC-H2,Maribor HCMaribor - Tezno (v)840804.38.901.06.2026 11:35:00Povečan promet,Maribor - Tezno (v),840,80,4.3,8.9,01.06.2026 11:35:00,Povečan promet
HC-H2,Maribor - Tezno (p)2289818.61.901.06.2026 11:35:00Normalen promet,Maribor - Tezno (p),228,98,18.6,1.9,01.06.2026 11:35:00,Normalen promet
HC-H2,Tezno - Maribor (v)684815.27.801.06.2026 11:35:00Povečan promet,Tezno - Maribor (v),684,81,5.2,7.8,01.06.2026 11:35:00,Povečan promet
HC-H2,Tezno - Maribor (p)22810216.11.801.06.2026 11:35:00Normalen promet,Tezno - Maribor (p),228,102,16.1,1.8,01.06.2026 11:35:00,Normalen promet
HC-H2,Meljska HCMaribor - Pesnica (v)2527415.22.701.06.2026 11:35:00Normalen promet,Maribor - Pesnica (v),252,74,15.2,2.7,01.06.2026 11:35:00,Normalen promet
HC-H2,Maribor - Pesnica (p)696776.58.001.06.2026 11:35:00Povečan promet,Maribor - Pesnica (p),696,77,6.5,8.0,01.06.2026 11:35:00,Povečan promet
HC-H2,Pesnica - Maribor (v)2288114.42.201.06.2026 11:35:00Normalen promet,Pesnica - Maribor (v),228,81,14.4,2.2,01.06.2026 11:35:00,Normalen promet
HC-H2,Pesnica - Maribor (p)432888.24.301.06.2026 11:35:00Normalen promet,Pesnica - Maribor (p),432,88,8.2,4.3,01.06.2026 11:35:00,Normalen promet
HC-H3,R KosezeBrdo-LJsev (v)1008893.310.701.06.2026 11:35:00Zgoščen promet,Brdo-LJsev (v),1008,89,3.3,10.7,01.06.2026 11:35:00,Zgoščen promet
HC-H3,Brdo-LJsev (p)7321055.25.701.06.2026 11:35:00Povečan promet,Brdo-LJsev (p),732,105,5.2,5.7,01.06.2026 11:35:00,Povečan promet
HC-H3,LJsev-Brdo (v)936884.110.601.06.2026 11:35:00Gost promet,LJsev-Brdo (v),936,88,4.1,10.6,01.06.2026 11:35:00,Gost promet
HC-H3,LJsev-Brdo (p)7321095.05.701.06.2026 11:35:00Povečan promet,LJsev-Brdo (p),732,109,5.0,5.7,01.06.2026 11:35:00,Povečan promet
HC-H3,LJ Podutikizvoz iz KR725948.71.001.06.2026 11:35:00Normalen promet,izvoz iz KR,72,59,48.7,1.0,01.06.2026 11:35:00,Normalen promet
HC-H3,LJ (S obvoznica)LJ (Celovška - Dunajska) (v)1368902.613.801.06.2026 11:35:00Zgoščen promet,LJ (Celovška - Dunajska) (v),1368,90,2.6,13.8,01.06.2026 11:35:00,Zgoščen promet
HC-H3,LJ (Celovška - Dunajska) (p)12001123.28.901.06.2026 11:35:00Zgoščen promet,LJ (Celovška - Dunajska) (p),1200,112,3.2,8.9,01.06.2026 11:35:00,Zgoščen promet
HC-H3,"LJ (Dravlje HC)LJ, Celovška - Koseze (v)1260823.015.101.06.2026 11:35:00Zgoščen promet","LJ, Celovška - Koseze (v)",1260,82,3.0,15.1,01.06.2026 11:35:00,Zgoščen promet
HC-H3,"LJ, Celovška - Koseze (p)9841044.08.001.06.2026 11:35:00Povečan promet","LJ, Celovška - Koseze (p)",984,104,4.0,8.0,01.06.2026 11:35:00,Povečan promet
HC-H3,S Obvoznica BTC HCsmer Koseze (v)1008933.311.301.06.2026 11:35:00Zgoščen promet,smer Koseze (v),1008,93,3.3,11.3,01.06.2026 11:35:00,Zgoščen promet
HC-H3,smer Koseze (p)4801167.83.501.06.2026 11:35:00Povečan promet,smer Koseze (p),480,116,7.8,3.5,01.06.2026 11:35:00,Povečan promet
HC-H3,smer Zadobrova (v)948983.98.401.06.2026 11:35:00Povečan promet,smer Zadobrova (v),948,98,3.9,8.4,01.06.2026 11:35:00,Povečan promet
HC-H3,smer Zadobrova (p)5281147.23.801.06.2026 11:35:00Normalen promet,smer Zadobrova (p),528,114,7.2,3.8,01.06.2026 11:35:00,Normalen promet
HC-H3,PR BTC Leskoškova 0198izvoz R.Zadobrova krak A  (d)2887813.52.701.06.2026 11:35:00Normalen promet,izvoz R.Zadobrova krak A  (d),288,78,13.5,2.7,01.06.2026 11:35:00,Normalen promet
HC-H3,izvoz R.Zadobrova krak A (l)2047916.42.201.06.2026 11:35:00Normalen promet,izvoz R.Zadobrova krak A (l),204,79,16.4,2.2,01.06.2026 11:35:00,Normalen promet
HC-H3,uvoz R.Zadobrova krak D (d)1446725.51.701.06.2026 11:35:00Normalen promet,uvoz R.Zadobrova krak D (d),144,67,25.5,1.7,01.06.2026 11:35:00,Normalen promet
HC-H3,uvoz R.Zadobrova krak D (l)1207827.91.201.06.2026 11:35:00Normalen promet,uvoz R.Zadobrova krak D (l),120,78,27.9,1.2,01.06.2026 11:35:00,Normalen promet
HC-H3,uvoz R.Zadobrova krak E2045316.44.001.06.2026 11:35:00Normalen promet,uvoz R.Zadobrova krak E,204,53,16.4,4.0,01.06.2026 11:35:00,Normalen promet
HC-H4,Priključek Vipavaizvoz iz NG963334.42.201.06.2026 11:35:00Normalen promet,izvoz iz NG,96,33,34.4,2.2,01.06.2026 11:35:00,Normalen promet
HC-H4,izvoz iz Razdrto603664.61.401.06.2026 11:35:00Normalen promet,izvoz iz Razdrto,60,36,64.6,1.4,01.06.2026 11:35:00,Normalen promet
HC-H4,uvoz proti NG364351.40.601.06.2026 11:35:00Normalen promet,uvoz proti NG,36,43,51.4,0.6,01.06.2026 11:35:00,Normalen promet
HC-H4,uvoz proti Razdrto2436135.40.601.06.2026 11:35:00Normalen promet,uvoz proti Razdrto,24,36,135.4,0.6,01.06.2026 11:35:00,Normalen promet
HC-H4,Počivališče Mlake Severuvoz počivališče363144.60.801.06.2026 11:35:00Normalen promet,uvoz počivališče,36,31,44.6,0.8,01.06.2026 11:35:00,Normalen promet
HC-H4,Ajdovščina ACsmer NG (v)408948.76.201.06.2026 11:35:00Normalen promet,smer NG (v),408,94,8.7,6.2,01.06.2026 11:35:00,Normalen promet
HC-H4,smer NG (p)14411623.61.001.06.2026 11:35:00Normalen promet,smer NG (p),144,116,23.6,1.0,01.06.2026 11:35:00,Normalen promet
HC-H4,smer PO (v)408948.94.401.06.2026 11:35:00Normalen promet,smer PO (v),408,94,8.9,4.4,01.06.2026 11:35:00,Normalen promet
HC-H4,smer PO (p)4810577.40.501.06.2026 11:35:00Normalen promet,smer PO (p),48,105,77.4,0.5,01.06.2026 11:35:00,Normalen promet
HC-H4,MT Vrtojbasmer I (v)384389.013.901.06.2026 11:35:00Povečan promet,smer I (v),384,38,9.0,13.9,01.06.2026 11:35:00,Povečan promet
HC-H4,smer I (p)000.00.001.06.2026 11:35:00Ni prometa,smer I (p),0,0,0.0,0.0,01.06.2026 11:35:00,Ni prometa
HC-H4,smer LJ (v)3366311.35.301.06.2026 11:35:00Normalen promet,smer LJ (v),336,63,11.3,5.3,01.06.2026 11:35:00,Normalen promet
HC-H4,smer LJ (p)249587.60.201.06.2026 11:35:00Normalen promet,smer LJ (p),24,95,87.6,0.2,01.06.2026 11:35:00,Normalen promet
HC-H4,Bazara HCŠempeter - Vogrsko (v)384978.44.901.06.2026 11:35:00Normalen promet,Šempeter - Vogrsko (v),384,97,8.4,4.9,01.06.2026 11:35:00,Normalen promet
HC-H4,Šempeter - Vogrsko (p)9612436.70.601.06.2026 11:35:00Normalen promet,Šempeter - Vogrsko (p),96,124,36.7,0.6,01.06.2026 11:35:00,Normalen promet
HC-H4,Vogrsko - Šempeter (v)372989.45.101.06.2026 11:35:00Normalen promet,Vogrsko - Šempeter (v),372,98,9.4,5.1,01.06.2026 11:35:00,Normalen promet
HC-H4,Vogrsko - Šempeter (p)9611836.30.701.06.2026 11:35:00Normalen promet,Vogrsko - Šempeter (p),96,118,36.3,0.7,01.06.2026 11:35:00,Normalen promet
HC-H4,Dolga Poljanasmer NG (v)000.00.001.06.2026 11:35:00Ni prometa,smer NG (v),0,0,0.0,0.0,01.06.2026 11:35:00,Ni prometa
HC-H4,smer NG (p)000.00.001.06.2026 11:35:00Ni prometa,smer NG (p),0,0,0.0,0.0,01.06.2026 11:35:00,Ni prometa
HC-H4,smer PO (v)3961049.44.401.06.2026 11:35:00Normalen promet,smer PO (v),396,104,9.4,4.4,01.06.2026 11:35:00,Normalen promet
HC-H4,smer PO (p)7212730.80.401.06.2026 11:35:00Normalen promet,smer PO (p),72,127,30.8,0.4,01.06.2026 11:35:00,Normalen promet
HC-H4,Priključek Seloizvoz iz NG362666.81.101.06.2026 11:35:00Normalen promet,izvoz iz NG,36,26,66.8,1.1,01.06.2026 11:35:00,Normalen promet
HC-H4,izvoz iz PO483657.21.101.06.2026 11:35:00Normalen promet,izvoz iz PO,48,36,57.2,1.1,01.06.2026 11:35:00,Normalen promet
HC-H4,uvoz proti NG483656.41.101.06.2026 11:35:00Normalen promet,uvoz proti NG,48,36,56.4,1.1,01.06.2026 11:35:00,Normalen promet
HC-H4,uvoz proti PO1242322.70.201.06.2026 11:35:00Normalen promet,uvoz proti PO,12,42,322.7,0.2,01.06.2026 11:35:00,Normalen promet
HC-H4,Šempeter HCsmer I (v)3008713.44.801.06.2026 11:35:00Normalen promet,smer I (v),300,87,13.4,4.8,01.06.2026 11:35:00,Normalen promet
HC-H4,smer I (p)48126141.90.301.06.2026 11:35:00Normalen promet,smer I (p),48,126,141.9,0.3,01.06.2026 11:35:00,Normalen promet
HC-H4,smer LJ (v)2289315.22.801.06.2026 11:35:00Normalen promet,smer LJ (v),228,93,15.2,2.8,01.06.2026 11:35:00,Normalen promet
HC-H4,smer LJ (p)24121111.40.101.06.2026 11:35:00Normalen promet,smer LJ (p),24,121,111.4,0.1,01.06.2026 11:35:00,Normalen promet
HC-H4,Razcep NanosIzvoz iz KP726653.11.101.06.2026 11:35:00Normalen promet,Izvoz iz KP,72,66,53.1,1.1,01.06.2026 11:35:00,Normalen promet
HC-H4,Uvoz LJ (v)2407915.54.301.06.2026 11:35:00Normalen promet,Uvoz LJ (v),240,79,15.5,4.3,01.06.2026 11:35:00,Normalen promet
HC-H4,Uvoz LJ (p)12010531.70.901.06.2026 11:35:00Normalen promet,Uvoz LJ (p),120,105,31.7,0.9,01.06.2026 11:35:00,Normalen promet
HC-H5,Bertoki HCBertoki - Koper (v)1224792.613.401.06.2026 11:35:00Povečan promet,Bertoki - Koper (v),1224,79,2.6,13.4,01.06.2026 11:35:00,Povečan promet
HC-H5,Bertoki - Koper (p)960983.88.201.06.2026 11:35:00Povečan promet,Bertoki - Koper (p),960,98,3.8,8.2,01.06.2026 11:35:00,Povečan promet
HC-H5,Škofije HCŠkofije - Srmin (v)492867.14.801.06.2026 11:35:00Normalen promet,Škofije - Srmin (v),492,86,7.1,4.8,01.06.2026 11:35:00,Normalen promet
HC-H5,Škofije - Srmin (p)16811021.61.201.06.2026 11:35:00Normalen promet,Škofije - Srmin (p),168,110,21.6,1.2,01.06.2026 11:35:00,Normalen promet
HC-H5,Srmin - Škofije (v)708765.19.001.06.2026 11:35:00Zgoščen promet,Srmin - Škofije (v),708,76,5.1,9.0,01.06.2026 11:35:00,Zgoščen promet
HC-H5,Srmin - Škofije (p)2049617.81.901.06.2026 11:35:00Normalen promet,Srmin - Škofije (p),204,96,17.8,1.9,01.06.2026 11:35:00,Normalen promet
HC-H5,Priključek Plavjeizvoz iz KP242973.50.601.06.2026 11:35:00Normalen promet,izvoz iz KP,24,29,73.5,0.6,01.06.2026 11:35:00,Normalen promet
HC-H5,uvoz proti Italiji1802932.04.801.06.2026 11:35:00Normalen promet,uvoz proti Italiji,180,29,32.0,4.8,01.06.2026 11:35:00,Normalen promet
G1-102,Logatec 2CP Logatec - Logatec516436.410.601.06.2026 11:35:00Povečan promet,CP Logatec - Logatec,516,43,6.4,10.6,01.06.2026 11:35:00,Povečan promet
G1-102,Logatec - CP Logatec1443719.23.201.06.2026 11:35:00Normalen promet,Logatec - CP Logatec,144,37,19.2,3.2,01.06.2026 11:35:00,Normalen promet
G1-11,KoperKoper - Šmarje960553.215.401.06.2026 11:30:00Zgoščen promet,Koper - Šmarje,960,55,3.2,15.4,01.06.2026 11:30:00,Zgoščen promet
G1-11,Šmarje - Koper912443.316.201.06.2026 11:30:00Zgoščen promet,Šmarje - Koper,912,44,3.3,16.2,01.06.2026 11:30:00,Zgoščen promet
G1-11,PesjanciDragonja - Šmarje1068592.815.301.06.2026 11:35:00Gost promet,Dragonja - Šmarje,1068,59,2.8,15.3,01.06.2026 11:35:00,Gost promet
G1-11,Šmarje - Dragonja876614.112.401.06.2026 11:35:00Povečan promet,Šmarje - Dragonja,876,61,4.1,12.4,01.06.2026 11:35:00,Povečan promet
G1-111,BelvederIzola - Lucija000.00.024.05.2026 23:10:00Ni podatka,Izola - Lucija,0,0,0.0,0.0,24.05.2026 23:10:00,Ni podatka
G1-111,Lucija - Izola000.00.024.05.2026 23:10:00Ni podatka,Lucija - Izola,0,0,0.0,0.0,24.05.2026 23:10:00,Ni podatka
G1-1,Maribor (Koroški most)Gosposvetska c. - Koroški most (v)396528.56.701.06.2026 11:30:00Normalen promet,Gosposvetska c. - Koroški most (v),396,52,8.5,6.7,01.06.2026 11:30:00,Normalen promet
G1-1,Gosposvetska c. - Koroški most (p)600535.09.101.06.2026 11:30:00Povečan promet,Gosposvetska c. - Koroški most (p),600,53,5.0,9.1,01.06.2026 11:30:00,Povečan promet
G1-1,Koroški most - Gosposvetska c. (v)468517.08.201.06.2026 11:35:00Povečan promet,Koroški most - Gosposvetska c. (v),468,51,7.0,8.2,01.06.2026 11:35:00,Povečan promet
G1-1,Koroški most - Gosposvetska c. (p)468547.37.601.06.2026 11:35:00Normalen promet,Koroški most - Gosposvetska c. (p),468,54,7.3,7.6,01.06.2026 11:35:00,Normalen promet
G1-1,Maribor (Ptujska cesta)Miklavž - Ptujska c. (v)372568.96.301.06.2026 11:35:00Normalen promet,Miklavž - Ptujska c. (v),372,56,8.9,6.3,01.06.2026 11:35:00,Normalen promet
G1-1,Miklavž - Ptujska c. (p)396619.05.701.06.2026 11:35:00Normalen promet,Miklavž - Ptujska c. (p),396,61,9.0,5.7,01.06.2026 11:35:00,Normalen promet
G1-1,Ptujska c. - Miklavž (v)456637.07.401.06.2026 11:35:00Povečan promet,Ptujska c. - Miklavž (v),456,63,7.0,7.4,01.06.2026 11:35:00,Povečan promet
G1-1,Ptujska c. - Miklavž (p)348709.13.901.06.2026 11:35:00Normalen promet,Ptujska c. - Miklavž (p),348,70,9.1,3.9,01.06.2026 11:35:00,Normalen promet
G1-1,OžbaltBrezno - Ruta1925715.43.501.06.2026 11:35:00Normalen promet,Brezno - Ruta,192,57,15.4,3.5,01.06.2026 11:35:00,Normalen promet
G1-1,Ruta - Brezno1326831.82.101.06.2026 11:35:00Normalen promet,Ruta - Brezno,132,68,31.8,2.1,01.06.2026 11:35:00,Normalen promet
G1-1,Zgornji BočRuta - Selnica1207721.01.201.06.2026 11:35:00Normalen promet,Ruta - Selnica,120,77,21.0,1.2,01.06.2026 11:35:00,Normalen promet
G1-1,Selnica - Ruta1207725.61.701.06.2026 11:35:00Normalen promet,Selnica - Ruta,120,77,25.6,1.7,01.06.2026 11:35:00,Normalen promet
G1-1,BreznoBrezno - Radlje1326127.82.101.06.2026 11:25:00Normalen promet,Brezno - Radlje,132,61,27.8,2.1,01.06.2026 11:25:00,Normalen promet
G1-1,Radlje - Brezno1085338.11.901.06.2026 11:25:00Normalen promet,Radlje - Brezno,108,53,38.1,1.9,01.06.2026 11:25:00,Normalen promet
G1-1,GortinaDravograd - Radlje3366211.34.901.06.2026 11:35:00Normalen promet,Dravograd - Radlje,336,62,11.3,4.9,01.06.2026 11:35:00,Normalen promet
G1-1,Radlje - Dravograd3006710.83.901.06.2026 11:35:00Normalen promet,Radlje - Dravograd,300,67,10.8,3.9,01.06.2026 11:35:00,Normalen promet
G1-1,BrestrnicaMaribor (otok) - Selnica2046012.82.801.06.2026 11:30:00Normalen promet,Maribor (otok) - Selnica,204,60,12.8,2.8,01.06.2026 11:30:00,Normalen promet
G1-1,Selnica - Maribor (otok)2406114.33.401.06.2026 11:30:00Normalen promet,Selnica - Maribor (otok),240,61,14.3,3.4,01.06.2026 11:30:00,Normalen promet
G1-1,MT VičDravograd - MT Vič845925.41.901.06.2026 11:35:00Normalen promet,Dravograd - MT Vič,84,59,25.4,1.9,01.06.2026 11:35:00,Normalen promet
G1-1,MT Vič - Dravograd728226.41.001.06.2026 11:35:00Normalen promet,MT Vič - Dravograd,72,82,26.4,1.0,01.06.2026 11:35:00,Normalen promet
G1-1,MB KamnicaMaribor - Selnica552736.37.101.06.2026 11:35:00Povečan promet,Maribor - Selnica,552,73,6.3,7.1,01.06.2026 11:35:00,Povečan promet
G1-1,Selnica - Maribor384809.04.001.06.2026 11:35:00Normalen promet,Selnica - Maribor,384,80,9.0,4.0,01.06.2026 11:35:00,Normalen promet
G1-2,DevinaPragersko - Slovenska Bistrica3246311.64.601.06.2026 11:35:00Normalen promet,Pragersko - Slovenska Bistrica,324,63,11.6,4.6,01.06.2026 11:35:00,Normalen promet
G1-2,Slovenska Bistrica - Pragersko372518.77.801.06.2026 11:35:00Normalen promet,Slovenska Bistrica - Pragersko,372,51,8.7,7.8,01.06.2026 11:35:00,Normalen promet
G1-2,GrabeOrmož - Središče ob Dravi1445030.43.701.06.2026 11:35:00Normalen promet,Ormož - Središče ob Dravi,144,50,30.4,3.7,01.06.2026 11:35:00,Normalen promet
G1-2,Središče ob Dravi - Ormož1085629.92.001.06.2026 11:35:00Normalen promet,Središče ob Dravi - Ormož,108,56,29.9,2.0,01.06.2026 11:35:00,Normalen promet
G1-2,BorovciGorišnica - Spuhlja2645513.63.901.06.2026 11:30:00Normalen promet,Gorišnica - Spuhlja,264,55,13.6,3.9,01.06.2026 11:30:00,Normalen promet
G1-2,Spuhlja - Gorišnica2285215.34.201.06.2026 11:30:00Normalen promet,Spuhlja - Gorišnica,228,52,15.3,4.2,01.06.2026 11:30:00,Normalen promet
G1-2,Šikole 3Kidričevo - Šikole2406914.33.401.06.2026 11:35:00Normalen promet,Kidričevo - Šikole,240,69,14.3,3.4,01.06.2026 11:35:00,Normalen promet
G1-2,Šikole - Kidričevo2287214.22.601.06.2026 11:35:00Normalen promet,Šikole - Kidričevo,228,72,14.2,2.6,01.06.2026 11:35:00,Normalen promet
G1-2,MP Središče ob DraviMP Središče - Središče ob Dravi605444.51.101.06.2026 11:35:00Normalen promet,MP Središče - Središče ob Dravi,60,54,44.5,1.1,01.06.2026 11:35:00,Normalen promet
G1-2,Središče ob Dravi - MP Središče1084557.23.601.06.2026 11:35:00Normalen promet,Središče ob Dravi - MP Središče,108,45,57.2,3.6,01.06.2026 11:35:00,Normalen promet
G1-2,OrmožOrmož vzhod - Ormož zahod1684921.83.201.06.2026 11:35:00Normalen promet,Ormož vzhod - Ormož zahod,168,49,21.8,3.2,01.06.2026 11:35:00,Normalen promet
G1-2,Ormož zahod - Ormož vzhod1805316.63.401.06.2026 11:35:00Normalen promet,Ormož zahod - Ormož vzhod,180,53,16.6,3.4,01.06.2026 11:35:00,Normalen promet
G1-2,CvetkovciGorišnica - Ormož1926019.03.701.06.2026 11:35:00Normalen promet,Gorišnica - Ormož,192,60,19.0,3.7,01.06.2026 11:35:00,Normalen promet
G1-2,Ormož - Gorišnica2285815.93.401.06.2026 11:35:00Normalen promet,Ormož - Gorišnica,228,58,15.9,3.4,01.06.2026 11:35:00,Normalen promet
G1-2,Ptuj vzhodPtuj - Spuhlja480556.88.201.06.2026 11:30:00Povečan promet,Ptuj - Spuhlja,480,55,6.8,8.2,01.06.2026 11:30:00,Povečan promet
G1-2,Spuhlja - Ptuj540505.910.001.06.2026 11:30:00Povečan promet,Spuhlja - Ptuj,540,50,5.9,10.0,01.06.2026 11:30:00,Povečan promet
G1-2,Šikole 2Pragersko - Šikole2168014.72.301.06.2026 11:35:00Normalen promet,Pragersko - Šikole,216,80,14.7,2.3,01.06.2026 11:35:00,Normalen promet
G1-2,Šikole - Pragersko1928218.02.801.06.2026 11:35:00Normalen promet,Šikole - Pragersko,192,82,18.0,2.8,01.06.2026 11:35:00,Normalen promet
G1-2,Ptuj jezeroPtuj - Turnišče540475.811.001.06.2026 11:35:00Povečan promet,Ptuj - Turnišče,540,47,5.8,11.0,01.06.2026 11:35:00,Povečan promet
G1-2,Turnišče - Ptuj516526.38.801.06.2026 11:35:00Povečan promet,Turnišče - Ptuj,516,52,6.3,8.8,01.06.2026 11:35:00,Povečan promet
G1-2,NjiverceHajdina - Kidričevo432567.57.001.06.2026 11:30:00Povečan promet,Hajdina - Kidričevo,432,56,7.5,7.0,01.06.2026 11:30:00,Povečan promet
G1-2,Kidričevo - Hajdina480586.87.701.06.2026 11:30:00Zgoščen promet,Kidričevo - Hajdina,480,58,6.8,7.7,01.06.2026 11:30:00,Zgoščen promet
G1-4,Bukovska vasOtiški Vrh - Slovenj Gradec384539.37.501.06.2026 11:35:00Normalen promet,Otiški Vrh - Slovenj Gradec,384,53,9.3,7.5,01.06.2026 11:35:00,Normalen promet
G1-4,Slovenj Gradec - Otiški Vrh420608.46.501.06.2026 11:35:00Normalen promet,Slovenj Gradec - Otiški Vrh,420,60,8.4,6.5,01.06.2026 11:35:00,Normalen promet
G1-4,ČrnovaČrnova - Velenje468537.38.201.06.2026 11:35:00Povečan promet,Črnova - Velenje,468,53,7.3,8.2,01.06.2026 11:35:00,Povečan promet
G1-4,Velenje - Črnova564505.910.501.06.2026 11:35:00Povečan promet,Velenje - Črnova,564,50,5.9,10.5,01.06.2026 11:35:00,Povečan promet
G1-4,Velika PirešicaArja vas - Črnova372528.88.001.06.2026 11:35:00Povečan promet,Arja vas - Črnova,372,52,8.8,8.0,01.06.2026 11:35:00,Povečan promet
G1-4,Črnova - Arja vas528576.58.901.06.2026 11:35:00Povečan promet,Črnova - Arja vas,528,57,6.5,8.9,01.06.2026 11:35:00,Povečan promet
G1-4,Paka pri VelenjuVelenje - Zgornji Dolič2884610.26.301.06.2026 11:35:00Normalen promet,Velenje - Zgornji Dolič,288,46,10.2,6.3,01.06.2026 11:35:00,Normalen promet
G1-4,Zgornji Dolič - Velenje456507.98.901.06.2026 11:35:00Normalen promet,Zgornji Dolič - Velenje,456,50,7.9,8.9,01.06.2026 11:35:00,Normalen promet
G1-4,Šmartno pri SGSlovenj Gradec - Šmartno444667.26.701.06.2026 11:35:00Normalen promet,Slovenj Gradec - Šmartno,444,66,7.2,6.7,01.06.2026 11:35:00,Normalen promet
G1-4,Šmartno - Slovenj Gradec2167116.32.501.06.2026 11:35:00Normalen promet,Šmartno - Slovenj Gradec,216,71,16.3,2.5,01.06.2026 11:35:00,Normalen promet
G1-4,DravogradDravograd - Otiški Vrh408468.09.201.06.2026 11:35:00Normalen promet,Dravograd - Otiški Vrh,408,46,8.0,9.2,01.06.2026 11:35:00,Normalen promet
G1-4,Otiški Vrh - Dravograd492456.710.601.06.2026 11:35:00Povečan promet,Otiški Vrh - Dravograd,492,45,6.7,10.6,01.06.2026 11:35:00,Povečan promet
G1-4,MislinjaMislinja - Zgornji Dolič360388.98.401.06.2026 11:30:00Normalen promet,Mislinja - Zgornji Dolič,360,38,8.9,8.4,01.06.2026 11:30:00,Normalen promet
G1-4,Zgornji Dolič - Mislinja588324.919.201.06.2026 11:30:00Povečan promet,Zgornji Dolič - Mislinja,588,32,4.9,19.2,01.06.2026 11:30:00,Povečan promet
G1-5,VrhovoBoštanj - Radeče845934.21.201.06.2026 11:30:00Normalen promet,Boštanj - Radeče,84,59,34.2,1.2,01.06.2026 11:30:00,Normalen promet
G1-5,Radeče - Boštanj2045815.43.701.06.2026 11:30:00Normalen promet,Radeče - Boštanj,204,58,15.4,3.7,01.06.2026 11:30:00,Normalen promet
G1-5,Celje (Lava)Celje - Medlog408638.35.701.06.2026 11:30:00Normalen promet,Celje - Medlog,408,63,8.3,5.7,01.06.2026 11:30:00,Normalen promet
G1-5,Medlog - Celje3486710.54.801.06.2026 11:30:00Normalen promet,Medlog - Celje,348,67,10.5,4.8,01.06.2026 11:30:00,Normalen promet
G1-5,StrmcaLaško - Šmarjeta3366510.44.601.06.2026 11:35:00Normalen promet,Laško - Šmarjeta,336,65,10.4,4.6,01.06.2026 11:35:00,Normalen promet
G1-5,Šmarjeta - Laško3247010.83.801.06.2026 11:35:00Normalen promet,Šmarjeta - Laško,324,70,10.8,3.8,01.06.2026 11:35:00,Normalen promet
G1-5,BoštanjBoštanj - Brestanica348369.69.001.06.2026 11:35:00Povečan promet,Boštanj - Brestanica,348,36,9.6,9.0,01.06.2026 11:35:00,Povečan promet
G1-5,Brestanica - Boštanj432296.114.401.06.2026 11:35:00Zgoščen promet,Brestanica - Boštanj,432,29,6.1,14.4,01.06.2026 11:35:00,Zgoščen promet
G1-5,ImpoljcaBrestanica - Impoljca1567521.22.101.06.2026 11:35:00Normalen promet,Brestanica - Impoljca,156,75,21.2,2.1,01.06.2026 11:35:00,Normalen promet
G1-5,Impoljca - Brestanica2047014.43.001.06.2026 11:35:00Normalen promet,Impoljca - Brestanica,204,70,14.4,3.0,01.06.2026 11:35:00,Normalen promet
G1-5,MedlogAC - Celje348659.24.701.06.2026 11:35:00Normalen promet,AC - Celje,348,65,9.2,4.7,01.06.2026 11:35:00,Normalen promet
G1-5,Celje - AC2885813.44.501.06.2026 11:35:00Normalen promet,Celje - AC,288,58,13.4,4.5,01.06.2026 11:35:00,Normalen promet
G1-5,Zidani mostRimske Toplice - Zidani Most2645513.54.601.06.2026 11:30:00Normalen promet,Rimske Toplice - Zidani Most,264,55,13.5,4.6,01.06.2026 11:30:00,Normalen promet
G1-5,Zidani Most - Rimske Toplice3366212.15.201.06.2026 11:30:00Normalen promet,Zidani Most - Rimske Toplice,336,62,12.1,5.2,01.06.2026 11:30:00,Normalen promet
G1-5,KošnicaCelje - Laško468565.37.301.06.2026 11:25:00Povečan promet,Celje - Laško,468,56,5.3,7.3,01.06.2026 11:25:00,Povečan promet
G1-5,Laško - Celje480577.27.601.06.2026 11:25:00Povečan promet,Laško - Celje,480,57,7.2,7.6,01.06.2026 11:25:00,Povečan promet
G1-5,Rimske TopliceRimske Toplice - Šmarjeta3364411.67.701.06.2026 11:35:00Normalen promet,Rimske Toplice - Šmarjeta,336,44,11.6,7.7,01.06.2026 11:35:00,Normalen promet
G1-5,Šmarjeta - Rimske Toplice2285214.74.201.06.2026 11:35:00Normalen promet,Šmarjeta - Rimske Toplice,228,52,14.7,4.2,01.06.2026 11:35:00,Normalen promet
G1-5,RadečeRadeče - Zidani Most1447724.51.501.06.2026 11:35:00Normalen promet,Radeče - Zidani Most,144,77,24.5,1.5,01.06.2026 11:35:00,Normalen promet
G1-5,Zidani Most - Radeče1086729.71.801.06.2026 11:35:00Normalen promet,Zidani Most - Radeče,108,67,29.7,1.8,01.06.2026 11:35:00,Normalen promet
G1-5,Leskovec pri KrškemDrnovo - Leskovec480346.812.701.06.2026 11:35:00Povečan promet,Drnovo - Leskovec,480,34,6.8,12.7,01.06.2026 11:35:00,Povečan promet
G1-5,Leskovec - Drnovo384488.37.301.06.2026 11:35:00Normalen promet,Leskovec - Drnovo,384,48,8.3,7.3,01.06.2026 11:35:00,Normalen promet
G1-5,Log pri SevniciBoštanj - Impoljca2165517.13.501.06.2026 11:35:00Normalen promet,Boštanj - Impoljca,216,55,17.1,3.5,01.06.2026 11:35:00,Normalen promet
G1-5,Impoljca - Boštanj2285417.24.101.06.2026 11:35:00Normalen promet,Impoljca - Boštanj,228,54,17.2,4.1,01.06.2026 11:35:00,Normalen promet
G1-5,ŽadovinekDrnovo - Krško1325026.82.501.06.2026 11:35:00Normalen promet,Drnovo - Krško,132,50,26.8,2.5,01.06.2026 11:35:00,Normalen promet
G1-5,Krško - Drnovo1804818.84.001.06.2026 11:35:00Normalen promet,Krško - Drnovo,180,48,18.8,4.0,01.06.2026 11:35:00,Normalen promet
G1-6,Dolnja BitnjaPrem - Ribnica2645312.74.501.06.2026 11:35:00Normalen promet,Prem - Ribnica,264,53,12.7,4.5,01.06.2026 11:35:00,Normalen promet
G1-6,Ribnica - Prem1924617.34.101.06.2026 11:35:00Normalen promet,Ribnica - Prem,192,46,17.3,4.1,01.06.2026 11:35:00,Normalen promet
G1-6,MP JelšaneDolnji Zemon - MP Jelšane2405311.83.801.06.2026 11:35:00Normalen promet,Dolnji Zemon - MP Jelšane,240,53,11.8,3.8,01.06.2026 11:35:00,Normalen promet
G1-6,MP Jelšane - Dolnji Zemon468527.48.701.06.2026 11:35:00Normalen promet,MP Jelšane - Dolnji Zemon,468,52,7.4,8.7,01.06.2026 11:35:00,Normalen promet
G1-6,Mala PristavaPivka - Ribnica00999.90.001.06.2026 11:35:00Ni prometa,Pivka - Ribnica,0,0,999.9,0.0,01.06.2026 11:35:00,Ni prometa
G1-6,Ribnica - Pivka00999.90.001.06.2026 11:35:00Ni prometa,Ribnica - Pivka,0,0,999.9,0.0,01.06.2026 11:35:00,Ni prometa
G1-6,PrestranekPivka - Postojna564525.89.701.06.2026 11:30:00Povečan promet,Pivka - Postojna,564,52,5.8,9.7,01.06.2026 11:30:00,Povečan promet
G1-6,Postojna - Pivka504476.38.901.06.2026 11:30:00Povečan promet,Postojna - Pivka,504,47,6.3,8.9,01.06.2026 11:30:00,Povečan promet
G1-6,KosezeDolnji Zemon - Ilirska Bistrica432477.08.201.06.2026 11:35:00Povečan promet,Dolnji Zemon - Ilirska Bistrica,432,47,7.0,8.2,01.06.2026 11:35:00,Povečan promet
G1-6,Ilirska Bistrica - Dolnji Zemon396479.07.601.06.2026 11:35:00Normalen promet,Ilirska Bistrica - Dolnji Zemon,396,47,9.0,7.6,01.06.2026 11:35:00,Normalen promet
G1-6,"Ilirska Bistrica, obvoznicaIlirska Bistrica - Koseze3005610.64.901.06.2026 11:35:00Normalen promet",Ilirska Bistrica - Koseze,300,56,10.6,4.9,01.06.2026 11:35:00,Normalen promet
G1-6,Koseze - Ilirska Bistrica2646213.13.801.06.2026 11:35:00Normalen promet,Koseze - Ilirska Bistrica,264,62,13.1,3.8,01.06.2026 11:35:00,Normalen promet
G1-7,MP StarodMP Starod - Podgrad2525314.14.401.06.2026 11:30:00Normalen promet,MP Starod - Podgrad,252,53,14.1,4.4,01.06.2026 11:30:00,Normalen promet
G1-7,Podgrad - MP Starod2165413.63.101.06.2026 11:30:00Normalen promet,Podgrad - MP Starod,216,54,13.6,3.1,01.06.2026 11:30:00,Normalen promet
G1-7,Male LočeObrov - Podgrad2165916.33.901.06.2026 11:35:00Normalen promet,Obrov - Podgrad,216,59,16.3,3.9,01.06.2026 11:35:00,Normalen promet
G1-7,Podgrad - Obrov408668.56.001.06.2026 11:35:00Normalen promet,Podgrad - Obrov,408,66,8.5,6.0,01.06.2026 11:35:00,Normalen promet
G1-7,GradiščeKozina - Obrov2404611.84.801.06.2026 11:30:00Normalen promet,Kozina - Obrov,240,46,11.8,4.8,01.06.2026 11:30:00,Normalen promet
G1-7,Obrov - Kozina1805112.54.001.06.2026 11:30:00Normalen promet,Obrov - Kozina,180,51,12.5,4.0,01.06.2026 11:30:00,Normalen promet
G1-7,MP KozinaKozina - MP Kozina2884911.84.801.06.2026 11:35:00Normalen promet,Kozina - MP Kozina,288,49,11.8,4.8,01.06.2026 11:35:00,Normalen promet
G1-7,Kozina - MP Kozina396438.56.601.06.2026 11:35:00Normalen promet,Kozina - MP Kozina,396,43,8.5,6.6,01.06.2026 11:35:00,Normalen promet
G1-8,LJ (Celovška Dravlje)obvoznica - Šentvid (v)612535.511.001.06.2026 11:30:00Povečan promet,obvoznica - Šentvid (v),612,53,5.5,11.0,01.06.2026 11:30:00,Povečan promet
G1-8,obvoznica - Šentvid (p)720604.710.001.06.2026 11:30:00Povečan promet,obvoznica - Šentvid (p),720,60,4.7,10.0,01.06.2026 11:30:00,Povečan promet
G1-8,Šentvid - obvoznica (v)420557.77.501.06.2026 11:35:00Povečan promet,Šentvid - obvoznica (v),420,55,7.7,7.5,01.06.2026 11:35:00,Povečan promet
G1-8,Šentvid - obvoznica (p)768584.011.201.06.2026 11:35:00Zgoščen promet,Šentvid - obvoznica (p),768,58,4.0,11.2,01.06.2026 11:35:00,Zgoščen promet
G-1,Radeljska obvoznicaBrezno - Dravograd2285715.23.401.06.2026 11:35:00Normalen promet,Brezno - Dravograd,228,57,15.2,3.4,01.06.2026 11:35:00,Normalen promet
G-1,Dravograd - Brezno2405714.93.901.06.2026 11:35:00Normalen promet,Dravograd - Brezno,240,57,14.9,3.9,01.06.2026 11:35:00,Normalen promet
G2-101,KovorTržič - Zvirče396929.03.301.06.2026 11:35:00Normalen promet,Tržič - Zvirče,396,92,9.0,3.3,01.06.2026 11:35:00,Normalen promet
G2-101,Zvirče - Tržič3248910.82.901.06.2026 11:35:00Normalen promet,Zvirče - Tržič,324,89,10.8,2.9,01.06.2026 11:35:00,Normalen promet
G2-101,MT LjubeljMT Ljubelj - Tržič1323825.82.301.06.2026 11:30:00Normalen promet,MT Ljubelj - Tržič,132,38,25.8,2.3,01.06.2026 11:30:00,Normalen promet
G2-101,Tržič - MT Ljubelj1204228.22.401.06.2026 11:30:00Normalen promet,Tržič - MT Ljubelj,120,42,28.2,2.4,01.06.2026 11:30:00,Normalen promet
G2-102,HotedršicaGodovič - Kalce2405617.53.601.06.2026 11:35:00Normalen promet,Godovič - Kalce,240,56,17.5,3.6,01.06.2026 11:35:00,Normalen promet
G2-102,Kalce - Godovič965543.81.701.06.2026 11:35:00Normalen promet,Kalce - Godovič,96,55,43.8,1.7,01.06.2026 11:35:00,Normalen promet
G2-102,Slap ob IdrijciBača - Dolenja Trebuša725556.71.001.06.2026 11:35:00Normalen promet,Bača - Dolenja Trebuša,72,55,56.7,1.0,01.06.2026 11:35:00,Normalen promet
G2-102,Dolenja Trebuša - Bača1205320.71.801.06.2026 11:35:00Normalen promet,Dolenja Trebuša - Bača,120,53,20.7,1.8,01.06.2026 11:35:00,Normalen promet
G2-102,PrapetnoMost na Soči - Peršeti1926524.62.401.06.2026 11:30:00Normalen promet,Most na Soči - Peršeti,192,65,24.6,2.4,01.06.2026 11:30:00,Normalen promet
G2-102,Peršeti - Most na Soči2167015.92.701.06.2026 11:30:00Normalen promet,Peršeti - Most na Soči,216,70,15.9,2.7,01.06.2026 11:30:00,Normalen promet
G2-102,StopnikIdrija - Tolmin1208125.91.001.06.2026 11:35:00Normalen promet,Idrija - Tolmin,120,81,25.9,1.0,01.06.2026 11:35:00,Normalen promet
G2-102,Tolmin - Idrija487051.80.601.06.2026 11:35:00Normalen promet,Tolmin - Idrija,48,70,51.8,0.6,01.06.2026 11:35:00,Normalen promet
G2-102,OtaležSp. Idrija (Marof) - Želin1565521.82.501.06.2026 11:35:00Normalen promet,Sp. Idrija (Marof) - Želin,156,55,21.8,2.5,01.06.2026 11:35:00,Normalen promet
G2-102,Želin - Sp. Idrija (Marof)1085328.91.601.06.2026 11:35:00Normalen promet,Želin - Sp. Idrija (Marof),108,53,28.9,1.6,01.06.2026 11:35:00,Normalen promet
G2-102,IdrijaGodovič - Sp. Idrija1804517.63.201.06.2026 11:35:00Normalen promet,Godovič - Sp. Idrija,180,45,17.6,3.2,01.06.2026 11:35:00,Normalen promet
G2-102,Sp. Idrija - Godovič1445116.32.601.06.2026 11:35:00Normalen promet,Sp. Idrija - Godovič,144,51,16.3,2.6,01.06.2026 11:35:00,Normalen promet
G2-102,MP RobičKobarid - MT Robič365194.40.601.06.2026 11:30:00Normalen promet,Kobarid - MT Robič,36,51,94.4,0.6,01.06.2026 11:30:00,Normalen promet
G2-102,MT Robič - Kobarid3652117.70.501.06.2026 11:30:00Normalen promet,MT Robič - Kobarid,36,52,117.7,0.5,01.06.2026 11:30:00,Normalen promet
G2-102,IdrskoIdrsko - Kobarid3004512.55.401.06.2026 11:35:00Normalen promet,Idrsko - Kobarid,300,45,12.5,5.4,01.06.2026 11:35:00,Normalen promet
G2-102,Kobarid - Idrsko1924618.53.501.06.2026 11:35:00Normalen promet,Kobarid - Idrsko,192,46,18.5,3.5,01.06.2026 11:35:00,Normalen promet
G2-102,KalceKalce - Logatec2766312.34.101.06.2026 11:35:00Normalen promet,Kalce - Logatec,276,63,12.3,4.1,01.06.2026 11:35:00,Normalen promet
G2-102,Logatec - Kalce3125611.44.601.06.2026 11:35:00Normalen promet,Logatec - Kalce,312,56,11.4,4.6,01.06.2026 11:35:00,Normalen promet
G2-102,Staro SeloKobarid - Robič1923320.04.601.06.2026 11:30:00Normalen promet,Kobarid - Robič,192,33,20.0,4.6,01.06.2026 11:30:00,Normalen promet
G2-102,Robič - Kobarid964142.61.801.06.2026 11:30:00Normalen promet,Robič - Kobarid,96,41,42.6,1.8,01.06.2026 11:30:00,Normalen promet
G2-102,PeršetiIdrsko - Peršeti228358.45.401.06.2026 11:35:00Normalen promet,Idrsko - Peršeti,228,35,8.4,5.4,01.06.2026 11:35:00,Normalen promet
G2-102,Peršeti - Idrsko1804918.82.701.06.2026 11:35:00Normalen promet,Peršeti - Idrsko,180,49,18.8,2.7,01.06.2026 11:35:00,Normalen promet
G2-103,PanovecKromberk - Rožna dolina1032573.114.501.06.2026 11:35:00Gost promet,Kromberk - Rožna dolina,1032,57,3.1,14.5,01.06.2026 11:35:00,Gost promet
G2-103,Rožna dolina - Kromberk924543.214.101.06.2026 11:35:00Gost promet,Rožna dolina - Kromberk,924,54,3.2,14.1,01.06.2026 11:35:00,Gost promet
G2-103,Šempeter RDNG Rožna dolina - Šempeter3366910.03.801.06.2026 11:35:00Normalen promet,NG Rožna dolina - Šempeter,336,69,10.0,3.8,01.06.2026 11:35:00,Normalen promet
G2-103,Šempeter - NG Rožna dolina480687.26.201.06.2026 11:35:00Normalen promet,Šempeter - NG Rožna dolina,480,68,7.2,6.2,01.06.2026 11:35:00,Normalen promet
G2-103,DoblarKanal - Ušnik244154.40.601.06.2026 11:35:00Normalen promet,Kanal - Ušnik,24,41,54.4,0.6,01.06.2026 11:35:00,Normalen promet
G2-103,Ušnik - Kanal204376.05.501.06.2026 11:35:00Povečan promet,Ušnik - Kanal,204,37,6.0,5.5,01.06.2026 11:35:00,Povečan promet
G2-103,Solkan 3Nova Gorica - Solkan2766912.63.501.06.2026 11:35:00Normalen promet,Nova Gorica - Solkan,276,69,12.6,3.5,01.06.2026 11:35:00,Normalen promet
G2-103,Solkan - Nova Gorica3126111.74.301.06.2026 11:35:00Normalen promet,Solkan - Nova Gorica,312,61,11.7,4.3,01.06.2026 11:35:00,Normalen promet
G2-103,DeskleKanal - Plave1805816.22.801.06.2026 11:30:00Normalen promet,Kanal - Plave,180,58,16.2,2.8,01.06.2026 11:30:00,Normalen promet
G2-103,Plave - Kanal1565221.02.801.06.2026 11:30:00Normalen promet,Plave - Kanal,156,52,21.0,2.8,01.06.2026 11:30:00,Normalen promet
G2-104,TopoleMengeš - Moste3126910.84.301.06.2026 11:35:00Normalen promet,Mengeš - Moste,312,69,10.8,4.3,01.06.2026 11:35:00,Normalen promet
G2-104,Moste - Mengeš444767.96.301.06.2026 11:35:00Normalen promet,Moste - Mengeš,444,76,7.9,6.3,01.06.2026 11:35:00,Normalen promet
G2-104,Loka pri MengšuMengeš - Trzin660584.99.601.06.2026 11:30:00Povečan promet,Mengeš - Trzin,660,58,4.9,9.6,01.06.2026 11:30:00,Povečan promet
G2-104,Trzin - Mengeš648606.29.401.06.2026 11:30:00Povečan promet,Trzin - Mengeš,648,60,6.2,9.4,01.06.2026 11:30:00,Povečan promet
G2-104,LJ (severna vpadnica)Črnuče - LJ (Brnčičeva) (v)576555.69.601.06.2026 11:35:00Povečan promet,Črnuče - LJ (Brnčičeva) (v),576,55,5.6,9.6,01.06.2026 11:35:00,Povečan promet
G2-104,Črnuče - LJ (Brnčičeva) (p)624686.27.601.06.2026 11:35:00Povečan promet,Črnuče - LJ (Brnčičeva) (p),624,68,6.2,7.6,01.06.2026 11:35:00,Povečan promet
G2-104,LJ (Brnčičeva) - Črnuče (v)684484.914.401.06.2026 11:30:00Povečan promet,LJ (Brnčičeva) - Črnuče (v),684,48,4.9,14.4,01.06.2026 11:30:00,Povečan promet
G2-104,LJ (Brnčičeva) - Črnuče (p)936613.612.901.06.2026 11:30:00Gost promet,LJ (Brnčičeva) - Črnuče (p),936,61,3.6,12.9,01.06.2026 11:30:00,Gost promet
G2-104,Kranj (Primskovo 1)Brnik - Kranj840583.612.401.06.2026 11:30:00Gost promet,Brnik - Kranj,840,58,3.6,12.4,01.06.2026 11:30:00,Gost promet
G2-104,Kranj - Brnik1068542.718.301.06.2026 11:30:00Gost promet,Kranj - Brnik,1068,54,2.7,18.3,01.06.2026 11:30:00,Gost promet
G2-104,BrnikLetališče Brnik - Sp. Brnik2645312.84.001.06.2026 11:35:00Normalen promet,Letališče Brnik - Sp. Brnik,264,53,12.8,4.0,01.06.2026 11:35:00,Normalen promet
G2-104,Sp. Brnik - Letališče Brnik420517.87.501.06.2026 11:35:00Normalen promet,Sp. Brnik - Letališče Brnik,420,51,7.8,7.5,01.06.2026 11:35:00,Normalen promet
G2-104,TrzinLJ (Črnuče) - Trzin (v)588715.28.101.06.2026 11:35:00Povečan promet,LJ (Črnuče) - Trzin (v),588,71,5.2,8.1,01.06.2026 11:35:00,Povečan promet
G2-104,LJ (Črnuče) - Trzin (p)936743.010.701.06.2026 11:35:00Gost promet,LJ (Črnuče) - Trzin (p),936,74,3.0,10.7,01.06.2026 11:35:00,Gost promet
G2-104,Trzin - LJ (Črnuče) (v)780754.19.201.06.2026 11:35:00Povečan promet,Trzin - LJ (Črnuče) (v),780,75,4.1,9.2,01.06.2026 11:35:00,Povečan promet
G2-104,Trzin - LJ (Črnuče) (p)540905.85.001.06.2026 11:35:00Povečan promet,Trzin - LJ (Črnuče) (p),540,90,5.8,5.0,01.06.2026 11:35:00,Povečan promet
G2-104,KomendaMoste - Spodnji Brnik2406913.53.701.06.2026 11:35:00Normalen promet,Moste - Spodnji Brnik,240,69,13.5,3.7,01.06.2026 11:35:00,Normalen promet
G2-104,Spodnji Brnik - Moste2886911.63.901.06.2026 11:35:00Normalen promet,Spodnji Brnik - Moste,288,69,11.6,3.9,01.06.2026 11:35:00,Normalen promet
G2-104,MengesMengeš - Trzin516436.110.601.06.2026 11:35:00Povečan promet,Mengeš - Trzin,516,43,6.1,10.6,01.06.2026 11:35:00,Povečan promet
G2-104,Trzin - Mengeš504466.711.001.06.2026 11:35:00Povečan promet,Trzin - Mengeš,504,46,6.7,11.0,01.06.2026 11:35:00,Povečan promet
G2-105,Novo mesto (obvoznica)Bučna vas - Krka552475.810.401.06.2026 11:30:00Povečan promet,Bučna vas - Krka,552,47,5.8,10.4,01.06.2026 11:30:00,Povečan promet
G2-105,Krka - Bučna vas588515.310.301.06.2026 11:30:00Povečan promet,Krka - Bučna vas,588,51,5.3,10.3,01.06.2026 11:30:00,Povečan promet
G2-105,MP MetlikaMetlika - MP Metlika1084224.82.801.06.2026 11:35:00Normalen promet,Metlika - MP Metlika,108,42,24.8,2.8,01.06.2026 11:35:00,Normalen promet
G2-105,MP Metlika - Metlika843940.91.701.06.2026 11:35:00Normalen promet,MP Metlika - Metlika,84,39,40.9,1.7,01.06.2026 11:35:00,Normalen promet
G2-105,Novo mesto (Žabja vas)NM Krka - NM Revoz444437.212.601.06.2026 11:20:00Povečan promet,NM Krka - NM Revoz,444,43,7.2,12.6,01.06.2026 11:20:00,Povečan promet
G2-105,NM Revoz - NM Krka396618.47.201.06.2026 11:20:00Normalen promet,NM Revoz - NM Krka,396,61,8.4,7.2,01.06.2026 11:20:00,Normalen promet
G2-105,Novo Mesto (Ločna)Krka - Ločna732503.712.901.06.2026 11:35:00Zgoščen promet,Krka - Ločna,732,50,3.7,12.9,01.06.2026 11:35:00,Zgoščen promet
G2-105,Ločna - Krka660565.010.901.06.2026 11:35:00Povečan promet,Ločna - Krka,660,56,5.0,10.9,01.06.2026 11:35:00,Povečan promet
G2-105,GorjanciMetlika - Novo Mesto1685220.02.301.06.2026 11:30:00Normalen promet,Metlika - Novo Mesto,168,52,20.0,2.3,01.06.2026 11:30:00,Normalen promet
G2-105,Novo Mesto - Metlika844945.02.301.06.2026 11:30:00Normalen promet,Novo Mesto - Metlika,84,49,45.0,2.3,01.06.2026 11:30:00,Normalen promet
G2-106,ŽelimljeRašica - Škofljica3127013.14.301.06.2026 11:30:00Normalen promet,Rašica - Škofljica,312,70,13.1,4.3,01.06.2026 11:30:00,Normalen promet
G2-106,Škofljica - Rašica2527414.53.001.06.2026 11:30:00Normalen promet,Škofljica - Rašica,252,74,14.5,3.0,01.06.2026 11:30:00,Normalen promet
G2-106,ŠtalcerjiFara - Livold845844.21.501.06.2026 11:30:00Normalen promet,Fara - Livold,84,58,44.2,1.5,01.06.2026 11:30:00,Normalen promet
G2-106,Livold - Fara1085131.91.801.06.2026 11:30:00Normalen promet,Livold - Fara,108,51,31.9,1.8,01.06.2026 11:30:00,Normalen promet
G2-106,Škofljica 2Škofljica - Šmarje Sap1085332.71.601.06.2026 11:30:00Normalen promet,Škofljica - Šmarje Sap,108,53,32.7,1.6,01.06.2026 11:30:00,Normalen promet
G2-106,Šmarje Sap - Škofljica3125811.24.501.06.2026 11:30:00Normalen promet,Šmarje Sap - Škofljica,312,58,11.2,4.5,01.06.2026 11:30:00,Normalen promet
G2-106,ŽlebičRašica - Žlebič2046119.02.901.06.2026 11:30:00Normalen promet,Rašica - Žlebič,204,61,19.0,2.9,01.06.2026 11:30:00,Normalen promet
G2-106,Žlebič - Rašica2046516.33.001.06.2026 11:30:00Normalen promet,Žlebič - Rašica,204,65,16.3,3.0,01.06.2026 11:30:00,Normalen promet
G2-106,Stara CerkevKočevje - Ljubljana1324820.32.301.06.2026 11:35:00Normalen promet,Kočevje - Ljubljana,132,48,20.3,2.3,01.06.2026 11:35:00,Normalen promet
G2-106,Ljubljana - Kočevje1564721.12.401.06.2026 11:35:00Normalen promet,Ljubljana - Kočevje,156,47,21.1,2.4,01.06.2026 11:35:00,Normalen promet
G2-106,ŠkofljicaLJ (Rudnik) - Škofljica504616.47.001.06.2026 11:35:00Povečan promet,LJ (Rudnik) - Škofljica,504,61,6.4,7.0,01.06.2026 11:35:00,Povečan promet
G2-106,Škofljica - LJ (Rudnik)660624.58.601.06.2026 11:35:00Povečan promet,Škofljica - LJ (Rudnik),660,62,4.5,8.6,01.06.2026 11:35:00,Povečan promet
G2-106,Petrina 1Kočevje - MP604762.11.001.06.2026 11:35:00Normalen promet,Kočevje - MP,60,47,62.1,1.0,01.06.2026 11:35:00,Normalen promet
G2-106,MP - Kočevje00999.90.001.06.2026 11:35:00Ni prometa,MP - Kočevje,0,0,999.9,0.0,01.06.2026 11:35:00,Ni prometa
G2-106,KočevjeKočevje - Livold3004910.55.001.06.2026 11:35:00Normalen promet,Kočevje - Livold,300,49,10.5,5.0,01.06.2026 11:35:00,Normalen promet
G2-106,Livold - Kočevje2524513.74.901.06.2026 11:35:00Normalen promet,Livold - Kočevje,252,45,13.7,4.9,01.06.2026 11:35:00,Normalen promet
G2-106,Goriča vasKočevje - Ribnica228498.24.301.06.2026 11:30:00Normalen promet,Kočevje - Ribnica,228,49,8.2,4.3,01.06.2026 11:30:00,Normalen promet
G2-106,Ribnica - Kočevje2405815.23.501.06.2026 11:30:00Normalen promet,Ribnica - Kočevje,240,58,15.2,3.5,01.06.2026 11:30:00,Normalen promet
G2-107,ŠentjurŠentjur - Štore360608.85.401.06.2026 11:35:00Normalen promet,Šentjur - Štore,360,60,8.8,5.4,01.06.2026 11:35:00,Normalen promet
G2-107,Štore - Šentjur3005111.16.001.06.2026 11:35:00Normalen promet,Štore - Šentjur,300,51,11.1,6.0,01.06.2026 11:35:00,Normalen promet
G2-107,MestinjeMestinje - Šmarje pri Jelšah2766112.14.001.06.2026 11:35:00Normalen promet,Mestinje - Šmarje pri Jelšah,276,61,12.1,4.0,01.06.2026 11:35:00,Normalen promet
G2-107,Šmarje pri Jelšah - Mestinje2886312.23.801.06.2026 11:35:00Normalen promet,Šmarje pri Jelšah - Mestinje,288,63,12.2,3.8,01.06.2026 11:35:00,Normalen promet
G2-107,MP DobovecMP Dobovec - Rogatec3654190.60.501.06.2026 11:35:00Normalen promet,MP Dobovec - Rogatec,36,54,190.6,0.5,01.06.2026 11:35:00,Normalen promet
G2-107,Rogatec - MP Dobovec485744.00.601.06.2026 11:35:00Normalen promet,Rogatec - MP Dobovec,48,57,44.0,0.6,01.06.2026 11:35:00,Normalen promet
G2-107,Celje (Teharje)Celje - Štore504575.27.501.06.2026 11:35:00Povečan promet,Celje - Štore,504,57,5.2,7.5,01.06.2026 11:35:00,Povečan promet
G2-107,Štore - Celje444587.46.901.06.2026 11:35:00Povečan promet,Štore - Celje,444,58,7.4,6.9,01.06.2026 11:35:00,Povečan promet
G2-107,StopčeŠentjur - Šmarje pri Jelšah2886211.54.601.06.2026 11:35:00Normalen promet,Šentjur - Šmarje pri Jelšah,288,62,11.5,4.6,01.06.2026 11:35:00,Normalen promet
G2-107,Šmarje pri Jelšah - Šentjur480658.46.601.06.2026 11:35:00Normalen promet,Šmarje pri Jelšah - Šentjur,480,65,8.4,6.6,01.06.2026 11:35:00,Normalen promet
G2-107,CerovecKotec - Tekačevo1805019.93.301.06.2026 11:35:00Normalen promet,Kotec - Tekačevo,180,50,19.9,3.3,01.06.2026 11:35:00,Normalen promet
G2-107,Tekačevo - Kotec1805222.42.801.06.2026 11:35:00Normalen promet,Tekačevo - Kotec,180,52,22.4,2.8,01.06.2026 11:35:00,Normalen promet
G2-107,BrezovecPodplat - Rogatec000.00.007.04.2025 19:05:00Ni podatka,Podplat - Rogatec,0,0,0.0,0.0,07.04.2025 19:05:00,Ni podatka
G2-107,Rogatec - Podplat000.00.007.04.2025 19:05:00Ni podatka,Rogatec - Podplat,0,0,0.0,0.0,07.04.2025 19:05:00,Ni podatka
G2-108,DolDolsko - Šentjakob2887511.73.101.06.2026 11:35:00Normalen promet,Dolsko - Šentjakob,288,75,11.7,3.1,01.06.2026 11:35:00,Normalen promet
G2-108,Šentjakob - Dolsko348759.93.901.06.2026 11:35:00Normalen promet,Šentjakob - Dolsko,348,75,9.9,3.9,01.06.2026 11:35:00,Normalen promet
G2-108,ŠentjakobČrnuče - Šentjakob3244910.66.101.06.2026 11:35:00Normalen promet,Črnuče - Šentjakob,324,49,10.6,6.1,01.06.2026 11:35:00,Normalen promet
G2-108,Šentjakob - Črnuče360528.86.401.06.2026 11:35:00Normalen promet,Šentjakob - Črnuče,360,52,8.8,6.4,01.06.2026 11:35:00,Normalen promet
G2-108,SenožetiDolsko - Ribče2884811.85.301.06.2026 11:35:00Normalen promet,Dolsko - Ribče,288,48,11.8,5.3,01.06.2026 11:35:00,Normalen promet
G2-108,Ribče - Dolsko2885010.54.501.06.2026 11:35:00Normalen promet,Ribče - Dolsko,288,50,10.5,4.5,01.06.2026 11:35:00,Normalen promet
G2-108,Trbovlje 4Trbovlje - Zagorje2046816.02.501.06.2026 11:35:00Normalen promet,Trbovlje - Zagorje,204,68,16.0,2.5,01.06.2026 11:35:00,Normalen promet
G2-108,Zagorje - Trbovlje1566122.52.101.06.2026 11:35:00Normalen promet,Zagorje - Trbovlje,156,61,22.5,2.1,01.06.2026 11:35:00,Normalen promet
G2-108,HrastnikHrastnik - Trbovlje1446126.32.601.06.2026 11:35:00Normalen promet,Hrastnik - Trbovlje,144,61,26.3,2.6,01.06.2026 11:35:00,Normalen promet
G2-108,Trbovlje - Hrastnik2046016.52.701.06.2026 11:35:00Normalen promet,Trbovlje - Hrastnik,204,60,16.5,2.7,01.06.2026 11:35:00,Normalen promet
G2-108,SuhadolHrastnik - Zidani Most00999.90.001.06.2026 11:30:00Normalen promet,Hrastnik - Zidani Most,0,0,999.9,0.0,01.06.2026 11:30:00,Normalen promet
G2-108,Zidani Most - Hrastnik485669.10.601.06.2026 11:30:00Normalen promet,Zidani Most - Hrastnik,48,56,69.1,0.6,01.06.2026 11:30:00,Normalen promet
G2-108,RenkeLitija - Zagorje1567820.82.001.06.2026 11:30:00Normalen promet,Litija - Zagorje,156,78,20.8,2.0,01.06.2026 11:30:00,Normalen promet
G2-108,Zagorje - Litija1087037.41.401.06.2026 11:30:00Normalen promet,Zagorje - Litija,108,70,37.4,1.4,01.06.2026 11:30:00,Normalen promet
G2-108,Zgornji LogLitija - Ribče2767312.53.401.06.2026 11:35:00Normalen promet,Litija - Ribče,276,73,12.5,3.4,01.06.2026 11:35:00,Normalen promet
G2-108,Ribče - Litija3005611.34.901.06.2026 11:35:00Normalen promet,Ribče - Litija,300,56,11.3,4.9,01.06.2026 11:35:00,Normalen promet
G2-109,MT Dolga vasDolga vas - MT Dolga vas723947.91.401.06.2026 11:35:00Normalen promet,Dolga vas - MT Dolga vas,72,39,47.9,1.4,01.06.2026 11:35:00,Normalen promet
G2-109,MT Dolga vas - Dolga vas723638.52.001.06.2026 11:35:00Normalen promet,MT Dolga vas - Dolga vas,72,36,38.5,2.0,01.06.2026 11:35:00,Normalen promet
G2-109,MP PetišovciMP Petišovci - Petišovci1088432.11.101.06.2026 11:35:00Normalen promet,MP Petišovci - Petišovci,108,84,32.1,1.1,01.06.2026 11:35:00,Normalen promet
G2-109,Petišovci - MP Petišovci1447424.61.801.06.2026 11:35:00Normalen promet,Petišovci - MP Petišovci,144,74,24.6,1.8,01.06.2026 11:35:00,Normalen promet
G2-111,SečaLucija - Sečovlje588455.510.301.06.2026 11:35:00Gost promet z zastoji,Lucija - Sečovlje,588,45,5.5,10.3,01.06.2026 11:35:00,Gost promet z zastoji
G2-111,Sečovlje - Lucija852493.514.101.06.2026 11:35:00Gost promet,Sečovlje - Lucija,852,49,3.5,14.1,01.06.2026 11:35:00,Gost promet
G2-111,Obvoznica IzolaBelveder - Izola888553.413.501.06.2026 11:30:00Povečan promet,Belveder - Izola,888,55,3.4,13.5,01.06.2026 11:30:00,Povečan promet
G2-111,Izola - Belveder708584.510.601.06.2026 11:30:00Povečan promet,Izola - Belveder,708,58,4.5,10.6,01.06.2026 11:30:00,Povečan promet
G2-111,MP SečovljeMP Sečovlje - Sečovlje624183.737.401.06.2026 11:35:00Gost promet z zastoji,MP Sečovlje - Sečovlje,624,18,3.7,37.4,01.06.2026 11:35:00,Gost promet z zastoji
G2-111,Sečovlje - MP Sečovlje2403215.05.601.06.2026 11:35:00Normalen promet,Sečovlje - MP Sečovlje,240,32,15.0,5.6,01.06.2026 11:35:00,Normalen promet
G2-112,PrevaljePoljana - Prevalje3125110.45.401.06.2026 11:35:00Normalen promet,Poljana - Prevalje,312,51,10.4,5.4,01.06.2026 11:35:00,Normalen promet
G2-112,Prevalje - Poljana324479.26.401.06.2026 11:35:00Normalen promet,Prevalje - Poljana,324,47,9.2,6.4,01.06.2026 11:35:00,Normalen promet
G2-112,MT HolmecHolmec - Poljana726124.00.901.06.2026 11:35:00Normalen promet,Holmec - Poljana,72,61,24.0,0.9,01.06.2026 11:35:00,Normalen promet
G2-112,Poljana - Holmec845142.21.201.06.2026 11:35:00Normalen promet,Poljana - Holmec,84,51,42.2,1.2,01.06.2026 11:35:00,Normalen promet
G2-112,Dobja vasPrevalje - Ravne600475.410.801.06.2026 11:30:00Povečan promet,Prevalje - Ravne,600,47,5.4,10.8,01.06.2026 11:30:00,Povečan promet
G2-112,Ravne - Prevalje792383.423.001.06.2026 11:30:00Gost promet,Ravne - Prevalje,792,38,3.4,23.0,01.06.2026 11:30:00,Gost promet
G2-114,Ankaranska vpadnicaBertoki - Luka Koper (v)3246910.35.001.06.2026 11:35:00Povečan promet,Bertoki - Luka Koper (v),324,69,10.3,5.0,01.06.2026 11:35:00,Povečan promet
G2-114,Bertoki - Luka Koper (p)609464.20.501.06.2026 11:35:00Normalen promet,Bertoki - Luka Koper (p),60,94,64.2,0.5,01.06.2026 11:35:00,Normalen promet
G2-114,Luka Koper - Bertoki (v)480736.96.601.06.2026 11:30:00Povečan promet,Luka Koper - Bertoki (v),480,73,6.9,6.6,01.06.2026 11:30:00,Povečan promet
G2-114,Luka Koper - Bertoki (p)3610838.70.201.06.2026 11:30:00Normalen promet,Luka Koper - Bertoki (p),36,108,38.7,0.2,01.06.2026 11:30:00,Normalen promet
R1-201,Gozd MartuljekDovje - Gozd Martuljek2285314.23.401.06.2026 11:35:00Normalen promet,Dovje - Gozd Martuljek,228,53,14.2,3.4,01.06.2026 11:35:00,Normalen promet
R1-201,Gozd Martuljek - Dovje1804817.73.201.06.2026 11:35:00Normalen promet,Gozd Martuljek - Dovje,180,48,17.7,3.2,01.06.2026 11:35:00,Normalen promet
R1-201,MT Korensko sedloMT Korensko sedlo - Podkoren2165017.92.401.06.2026 11:35:00Normalen promet,MT Korensko sedlo - Podkoren,216,50,17.9,2.4,01.06.2026 11:35:00,Normalen promet
R1-201,Podkoren - MT Korensko sedlo725046.01.001.06.2026 11:35:00Normalen promet,Podkoren - MT Korensko sedlo,72,50,46.0,1.0,01.06.2026 11:35:00,Normalen promet
R1-201,DovjeDovje - Mojstrana (Kraje)1206529.61.401.06.2026 11:30:00Normalen promet,Dovje - Mojstrana (Kraje),120,65,29.6,1.4,01.06.2026 11:30:00,Normalen promet
R1-201,Mojstrana (Kraje) - Dovje2525415.14.001.06.2026 11:30:00Normalen promet,Mojstrana (Kraje) - Dovje,252,54,15.1,4.0,01.06.2026 11:30:00,Normalen promet
R1-201,Kranjska GoraGozd Martuljek - Kranjska Gora2285715.23.201.06.2026 11:35:00Normalen promet,Gozd Martuljek - Kranjska Gora,228,57,15.2,3.2,01.06.2026 11:35:00,Normalen promet
R1-201,Kranjska Gora - Gozd Martuljek1925118.63.001.06.2026 11:35:00Normalen promet,Kranjska Gora - Gozd Martuljek,192,51,18.6,3.0,01.06.2026 11:35:00,Normalen promet
R1-201,HrušicaHrušica - Kraje372688.74.301.06.2026 11:35:00Normalen promet,Hrušica - Kraje,372,68,8.7,4.3,01.06.2026 11:35:00,Normalen promet
R1-201,Kraje - Hrušica965928.61.301.06.2026 11:35:00Normalen promet,Kraje - Hrušica,96,59,28.6,1.3,01.06.2026 11:35:00,Normalen promet
R1-202,MT RatečeJesenice - MT Rateče725455.71.101.06.2026 11:30:00Normalen promet,Jesenice - MT Rateče,72,54,55.7,1.1,01.06.2026 11:30:00,Normalen promet
R1-202,MT Rateče - Jesenice1205427.01.401.06.2026 11:30:00Normalen promet,MT Rateče - Jesenice,120,54,27.0,1.4,01.06.2026 11:30:00,Normalen promet
R1-203,BovecBovec (po obvoznici) - Žaga3484611.35.401.06.2026 11:35:00Normalen promet,Bovec (po obvoznici) - Žaga,348,46,11.3,5.4,01.06.2026 11:35:00,Normalen promet
R1-203,Žaga - Bovec (po obvoznici)1805522.72.501.06.2026 11:35:00Normalen promet,Žaga - Bovec (po obvoznici),180,55,22.7,2.5,01.06.2026 11:35:00,Normalen promet
R1-203,MT PredelBovec - MT Predel1444412.62.201.06.2026 11:35:00Normalen promet,Bovec - MT Predel,144,44,12.6,2.2,01.06.2026 11:35:00,Normalen promet
R1-203,MT Predel - Bovec1684425.22.701.06.2026 11:35:00Normalen promet,MT Predel - Bovec,168,44,25.2,2.7,01.06.2026 11:35:00,Normalen promet
R1-203,SrpenicaBovec - Kobarid1324226.92.701.06.2026 11:30:00Normalen promet,Bovec - Kobarid,132,42,26.9,2.7,01.06.2026 11:30:00,Normalen promet
R1-203,Kobarid - Bovec1564623.82.801.06.2026 11:30:00Normalen promet,Kobarid - Bovec,156,46,23.8,2.8,01.06.2026 11:30:00,Normalen promet
R1-204,PrvačinaDornberk - Volčja Draga1207126.21.301.06.2026 11:35:00Normalen promet,Dornberk - Volčja Draga,120,71,26.2,1.3,01.06.2026 11:35:00,Normalen promet
R1-204,Volčja Draga - Dornberk1206324.81.501.06.2026 11:35:00Normalen promet,Volčja Draga - Dornberk,120,63,24.8,1.5,01.06.2026 11:35:00,Normalen promet
R1-204,BranikDornberk - Štanjel844833.01.501.06.2026 11:35:00Normalen promet,Dornberk - Štanjel,84,48,33.0,1.5,01.06.2026 11:35:00,Normalen promet
R1-204,Štanjel - Dornberk1444922.72.401.06.2026 11:35:00Normalen promet,Štanjel - Dornberk,144,49,22.7,2.4,01.06.2026 11:35:00,Normalen promet
R1-204,TomajDutovlje - Sežana1086126.81.401.06.2026 11:35:00Normalen promet,Dutovlje - Sežana,108,61,26.8,1.4,01.06.2026 11:35:00,Normalen promet
R1-204,Sežana - Dutovlje1085745.02.001.06.2026 11:35:00Normalen promet,Sežana - Dutovlje,108,57,45.0,2.0,01.06.2026 11:35:00,Normalen promet
R1-205,MT LipicaDivača - MT Lipica1925224.92.601.06.2026 11:35:00Normalen promet,Divača - MT Lipica,192,52,24.9,2.6,01.06.2026 11:35:00,Normalen promet
R1-205,MP Lipica - Divača1445124.32.201.06.2026 11:35:00Normalen promet,MP Lipica - Divača,144,51,24.3,2.2,01.06.2026 11:35:00,Normalen promet
R1-206,VršičBovec - Kranjska Gora000.00.007.02.2026 07:50:00Ni podatka,Bovec - Kranjska Gora,0,0,0.0,0.0,07.02.2026 07:50:00,Ni podatka
R1-206,Kranjska Gora - Bovec000.00.007.02.2026 07:50:00Ni podatka,Kranjska Gora - Bovec,0,0,0.0,0.0,07.02.2026 07:50:00,Ni podatka
R1-206,KoritnicaBovec - Vršič1324232.42.601.06.2026 11:35:00Normalen promet,Bovec - Vršič,132,42,32.4,2.6,01.06.2026 11:35:00,Normalen promet
R1-206,Vršič - Bovec1444328.12.601.06.2026 11:35:00Normalen promet,Vršič - Bovec,144,43,28.1,2.6,01.06.2026 11:35:00,Normalen promet
R1-206,ErikaKranjska Gora - Vršič603855.51.301.06.2026 11:35:00Normalen promet,Kranjska Gora - Vršič,60,38,55.5,1.3,01.06.2026 11:35:00,Normalen promet
R1-206,Vršič - Kranjska Gora2443145.50.401.06.2026 11:35:00Normalen promet,Vršič - Kranjska Gora,24,43,145.5,0.4,01.06.2026 11:35:00,Normalen promet
R1-207,GodovičCol - Godovic2463144.90.601.06.2026 11:35:00Normalen promet,Col - Godovic,24,63,144.9,0.6,01.06.2026 11:35:00,Normalen promet
R1-207,Godovič - Col3673104.30.601.06.2026 11:35:00Normalen promet,Godovič - Col,36,73,104.3,0.6,01.06.2026 11:35:00,Normalen promet
R1-207,BudanjeAjdovščina - Col1445820.81.601.06.2026 11:30:00Normalen promet,Ajdovščina - Col,144,58,20.8,1.6,01.06.2026 11:30:00,Normalen promet
R1-207,Col - Ajdovščina1325230.72.501.06.2026 11:30:00Normalen promet,Col - Ajdovščina,132,52,30.7,2.5,01.06.2026 11:30:00,Normalen promet
R1-208,KubedGračišče - Kortine1686919.82.301.06.2026 11:35:00Normalen promet,Gračišče - Kortine,168,69,19.8,2.3,01.06.2026 11:35:00,Normalen promet
R1-208,Kortine - Gračišče2473154.10.301.06.2026 11:35:00Normalen promet,Kortine - Gračišče,24,73,154.1,0.3,01.06.2026 11:35:00,Normalen promet
R1-208,MP SočergaMP Sočerga - Sočerga1683823.74.001.06.2026 11:35:00Normalen promet,MP Sočerga - Sočerga,168,38,23.7,4.0,01.06.2026 11:35:00,Normalen promet
R1-208,Sočerga - MP Sočerga965041.11.401.06.2026 11:35:00Normalen promet,Sočerga - MP Sočerga,96,50,41.1,1.4,01.06.2026 11:35:00,Normalen promet
R1-208,Črni KalČrni Kal - Kortine606664.60.701.06.2026 11:35:00Normalen promet,Črni Kal - Kortine,60,66,64.6,0.7,01.06.2026 11:35:00,Normalen promet
R1-208,Kortine - Črni Kal2406015.23.201.06.2026 11:35:00Normalen promet,Kortine - Črni Kal,240,60,15.2,3.2,01.06.2026 11:35:00,Normalen promet
R1-209,BledBled - Lesce708514.511.701.06.2026 11:30:00Povečan promet,Bled - Lesce,708,51,4.5,11.7,01.06.2026 11:30:00,Povečan promet
R1-209,Lesce - Bled744152.548.301.06.2026 11:30:00Gost promet z zastoji,Lesce - Bled,744,15,2.5,48.3,01.06.2026 11:30:00,Gost promet z zastoji
R1-209,Ribčev LazBled - Bohinj408408.08.801.06.2026 11:35:00Normalen promet,Bled - Bohinj,408,40,8.0,8.8,01.06.2026 11:35:00,Normalen promet
R1-209,Bohinj - Bled1324522.31.801.06.2026 11:35:00Normalen promet,Bohinj - Bled,132,45,22.3,1.8,01.06.2026 11:35:00,Normalen promet
R1-209,NomenjBitnje - Soteska2166115.13.301.06.2026 11:30:00Normalen promet,Bitnje - Soteska,216,61,15.1,3.3,01.06.2026 11:30:00,Normalen promet
R1-209,Soteska - Bitnje2285211.13.901.06.2026 11:30:00Normalen promet,Soteska - Bitnje,228,52,11.1,3.9,01.06.2026 11:30:00,Normalen promet
R1-210,CerknoCerkno - Želin1445423.22.301.06.2026 11:25:00Normalen promet,Cerkno - Želin,144,54,23.2,2.3,01.06.2026 11:25:00,Normalen promet
R1-210,Želin - Cerkno1085634.01.801.06.2026 11:25:00Normalen promet,Želin - Cerkno,108,56,34.0,1.8,01.06.2026 11:25:00,Normalen promet
R1-210,GodešičJeprca - Škofja Loka456477.09.201.06.2026 11:35:00Povečan promet,Jeprca - Škofja Loka,456,47,7.0,9.2,01.06.2026 11:35:00,Povečan promet
R1-210,Škofja Loka - Jeprca588484.912.301.06.2026 11:35:00Povečan promet,Škofja Loka - Jeprca,588,48,4.9,12.3,01.06.2026 11:35:00,Povečan promet
R1-210,DorfarjeKranj - Škofja loka312559.94.501.06.2026 11:35:00Normalen promet,Kranj - Škofja loka,312,55,9.9,4.5,01.06.2026 11:35:00,Normalen promet
R1-210,Škofja loka - Kranj420528.07.101.06.2026 11:35:00Normalen promet,Škofja loka - Kranj,420,52,8.0,7.1,01.06.2026 11:35:00,Normalen promet
R1-210,LogGorenja vas - Škofja Loka3005511.05.301.06.2026 11:35:00Normalen promet,Gorenja vas - Škofja Loka,300,55,11.0,5.3,01.06.2026 11:35:00,Normalen promet
R1-210,Škofja Loka - Gorenja vas3125012.15.601.06.2026 11:35:00Normalen promet,Škofja Loka - Gorenja vas,312,50,12.1,5.6,01.06.2026 11:35:00,Normalen promet
R1-210,KokraJezersko - Kranj365677.70.501.06.2026 11:35:00Normalen promet,Jezersko - Kranj,36,56,77.7,0.5,01.06.2026 11:35:00,Normalen promet
R1-210,Kranj - Jezersko365986.40.701.06.2026 11:35:00Normalen promet,Kranj - Jezersko,36,59,86.4,0.7,01.06.2026 11:35:00,Normalen promet
R1-210,Kranj (Primskovo 2)Labore - Primskovo612445.013.001.06.2026 11:35:00Zgoščen promet,Labore - Primskovo,612,44,5.0,13.0,01.06.2026 11:35:00,Zgoščen promet
R1-210,Primskovo - Labore816553.712.701.06.2026 11:35:00Gost promet,Primskovo - Labore,816,55,3.7,12.7,01.06.2026 11:35:00,Gost promet
R1-210,VisokoKranj - Preddvor1085235.41.601.06.2026 11:35:00Normalen promet,Kranj - Preddvor,108,52,35.4,1.6,01.06.2026 11:35:00,Normalen promet
R1-210,Preddvor - Kranj244880.10.401.06.2026 11:35:00Normalen promet,Preddvor - Kranj,24,48,80.1,0.4,01.06.2026 11:35:00,Normalen promet
R1-210,HotavljeGorenja vas - Trebija1685318.62.701.06.2026 11:35:00Normalen promet,Gorenja vas - Trebija,168,53,18.6,2.7,01.06.2026 11:35:00,Normalen promet
R1-210,Trebija - Gorenja vas1804519.03.601.06.2026 11:35:00Normalen promet,Trebija - Gorenja vas,180,45,19.0,3.6,01.06.2026 11:35:00,Normalen promet
R1-210,TrebijaCerkno - Trebija3669207.80.401.06.2026 11:35:00Normalen promet,Cerkno - Trebija,36,69,207.8,0.4,01.06.2026 11:35:00,Normalen promet
R1-210,Trebija - Cerkno726538.01.001.06.2026 11:35:00Normalen promet,Trebija - Cerkno,72,65,38.0,1.0,01.06.2026 11:35:00,Normalen promet
R1-210,MT JezerskoAvstrija - Kokra1238325.50.201.06.2026 11:30:00Normalen promet,Avstrija - Kokra,12,38,325.5,0.2,01.06.2026 11:30:00,Normalen promet
R1-210,Kokra - Avstrija1234590.70.201.06.2026 11:30:00Normalen promet,Kokra - Avstrija,12,34,590.7,0.2,01.06.2026 11:30:00,Normalen promet
R1-210,Škofja Loka (obvoznica)Suha - Zminec420468.58.701.06.2026 11:30:00Normalen promet,Suha - Zminec,420,46,8.5,8.7,01.06.2026 11:30:00,Normalen promet
R1-210,Zminec - Suha2644812.85.101.06.2026 11:30:00Normalen promet,Zminec - Suha,264,48,12.8,5.1,01.06.2026 11:30:00,Normalen promet
R1-210,Podjelovo brdoCerkno - Sovodenj2463297.00.301.06.2026 11:30:00Normalen promet,Cerkno - Sovodenj,24,63,297.0,0.3,01.06.2026 11:30:00,Normalen promet
R1-210,Sovodenj - Cerkno367294.70.401.06.2026 11:30:00Normalen promet,Sovodenj - Cerkno,36,72,94.7,0.4,01.06.2026 11:30:00,Normalen promet
R1-211,MedvodeJeprca - Medvode624545.48.601.06.2026 11:35:00Povečan promet,Jeprca - Medvode,624,54,5.4,8.6,01.06.2026 11:35:00,Povečan promet
R1-211,Medvode - Jeprca636514.912.201.06.2026 11:35:00Povečan promet,Medvode - Jeprca,636,51,4.9,12.2,01.06.2026 11:35:00,Povečan promet
R1-211,Meja pri KranjuJeprca - Kranj (Labore)2167817.42.201.06.2026 11:35:00Normalen promet,Jeprca - Kranj (Labore),216,78,17.4,2.2,01.06.2026 11:35:00,Normalen promet
R1-211,Kranj (Labore) - Jeprca2647312.73.201.06.2026 11:35:00Normalen promet,Kranj (Labore) - Jeprca,264,73,12.7,3.2,01.06.2026 11:35:00,Normalen promet
R1-211,MednoMedvode - Stanežiče00999.90.001.06.2026 11:35:00Ni podatka,Medvode - Stanežiče,0,0,999.9,0.0,01.06.2026 11:35:00,Ni podatka
R1-211,Stanežiče - Medvode00999.90.001.06.2026 11:35:00Ni podatka,Stanežiče - Medvode,0,0,999.9,0.0,01.06.2026 11:35:00,Ni podatka
R1-212,RakekCerknica - Rakek420508.28.401.06.2026 11:35:00Povečan promet,Cerknica - Rakek,420,50,8.2,8.4,01.06.2026 11:35:00,Povečan promet
R1-212,Rakek - Cerknica2284513.84.201.06.2026 11:35:00Normalen promet,Rakek - Cerknica,228,45,13.8,4.2,01.06.2026 11:35:00,Normalen promet
R1-212,GrahovoBloke - Cerknica1205230.22.301.06.2026 11:35:00Normalen promet,Bloke - Cerknica,120,52,30.2,2.3,01.06.2026 11:35:00,Normalen promet
R1-212,Cerknica - Bloke1684220.84.001.06.2026 11:35:00Normalen promet,Cerknica - Bloke,168,42,20.8,4.0,01.06.2026 11:35:00,Normalen promet
R1-212,ZamostecNova vas - Žlebič365075.51.101.06.2026 11:35:00Normalen promet,Nova vas - Žlebič,36,50,75.5,1.1,01.06.2026 11:35:00,Normalen promet
R1-212,Žlebič - Nova vas605162.51.401.06.2026 11:35:00Normalen promet,Žlebič - Nova vas,60,51,62.5,1.4,01.06.2026 11:35:00,Normalen promet
R1-212,Rakek 2Rakek - Unec396599.56.401.06.2026 11:30:00Normalen promet,Rakek - Unec,396,59,9.5,6.4,01.06.2026 11:30:00,Normalen promet
R1-212,Unec - Rakek1565022.33.001.06.2026 11:30:00Normalen promet,Unec - Rakek,156,50,22.3,3.0,01.06.2026 11:30:00,Normalen promet
R1-213,MP Babno PoljeBabno polje - Stari Trg00999.90.001.06.2026 11:35:00Ni prometa,Babno polje - Stari Trg,0,0,999.9,0.0,01.06.2026 11:35:00,Ni prometa
R1-213,Stari Trg - Babno polje3652151.60.501.06.2026 11:35:00Normalen promet,Stari Trg - Babno polje,36,52,151.6,0.5,01.06.2026 11:35:00,Normalen promet
R1-213,Stari trgBloška polica - Pudob000.00.014.10.2025 10:20:00Ni podatka,Bloška polica - Pudob,0,0,0.0,0.0,14.10.2025 10:20:00,Ni podatka
R1-213,Pudob - Bloška polica000.00.014.10.2025 10:20:00Ni podatka,Pudob - Bloška polica,0,0,0.0,0.0,14.10.2025 10:20:00,Ni podatka
R1-214,SmukaDvor - Kočevje604280.11.401.06.2026 11:30:00Normalen promet,Dvor - Kočevje,60,42,80.1,1.4,01.06.2026 11:30:00,Normalen promet
R1-214,Kočevje - Dvor604177.91.401.06.2026 11:30:00Normalen promet,Kočevje - Dvor,60,41,77.9,1.4,01.06.2026 11:30:00,Normalen promet
R1-215,BistricaMirna - Mokronog605848.50.801.06.2026 11:35:00Normalen promet,Mirna - Mokronog,60,58,48.5,0.8,01.06.2026 11:35:00,Normalen promet
R1-215,Mokronog - Mirna2404912.44.601.06.2026 11:35:00Normalen promet,Mokronog - Mirna,240,49,12.4,4.6,01.06.2026 11:35:00,Normalen promet
R1-215,JelovecBoštanj - Mokronog1204843.92.701.06.2026 11:35:00Normalen promet,Boštanj - Mokronog,120,48,43.9,2.7,01.06.2026 11:35:00,Normalen promet
R1-215,Mokronog- Boštanj725451.21.101.06.2026 11:35:00Normalen promet,Mokronog- Boštanj,72,54,51.2,1.1,01.06.2026 11:35:00,Normalen promet
R1-215,Dol pri TrebnjemMirna - Trebnje1567314.31.701.06.2026 11:30:00Normalen promet,Mirna - Trebnje,156,73,14.3,1.7,01.06.2026 11:30:00,Normalen promet
R1-215,Trebnje - Mirna2647215.23.601.06.2026 11:30:00Normalen promet,Trebnje - Mirna,264,72,15.2,3.6,01.06.2026 11:30:00,Normalen promet
R1-215,GrmGrm - Trebnje2645212.94.501.06.2026 11:35:00Normalen promet,Grm - Trebnje,264,52,12.9,4.5,01.06.2026 11:35:00,Normalen promet
R1-215,Trebnje - Grm2285214.24.001.06.2026 11:35:00Normalen promet,Trebnje - Grm,228,52,14.2,4.0,01.06.2026 11:35:00,Normalen promet
R1-216,DvorDvor - Soteska1447422.51.701.06.2026 11:35:00Normalen promet,Dvor - Soteska,144,74,22.5,1.7,01.06.2026 11:35:00,Normalen promet
R1-216,Soteska - Dvor2286918.32.701.06.2026 11:35:00Normalen promet,Soteska - Dvor,228,69,18.3,2.7,01.06.2026 11:35:00,Normalen promet
R1-216,ZagradecKrka - Žužemberk604455.31.101.06.2026 11:35:00Normalen promet,Krka - Žužemberk,60,44,55.3,1.1,01.06.2026 11:35:00,Normalen promet
R1-216,Žužemberk- Krka964331.52.201.06.2026 11:35:00Normalen promet,Žužemberk- Krka,96,43,31.5,2.2,01.06.2026 11:35:00,Normalen promet
R1-216,Mačkovec pri DvoruDvor - Žužemberk1565121.82.801.06.2026 11:30:00Normalen promet,Dvor - Žužemberk,156,51,21.8,2.8,01.06.2026 11:30:00,Normalen promet
R1-216,Žužemberk - Dvor845144.81.801.06.2026 11:30:00Normalen promet,Žužemberk - Dvor,84,51,44.8,1.8,01.06.2026 11:30:00,Normalen promet
R1-216,PodturnČrmošnjice - Soteska1565418.42.901.06.2026 11:40:00Normalen promet,Črmošnjice - Soteska,156,54,18.4,2.9,01.06.2026 11:40:00,Normalen promet
R1-216,Soteska - Črmošnjice1445222.72.601.06.2026 11:40:00Normalen promet,Soteska - Črmošnjice,144,52,22.7,2.6,01.06.2026 11:40:00,Normalen promet
R1-216,LokveČrnomelj - Ručetna vas3244510.06.001.06.2026 11:35:00Povečan promet,Črnomelj - Ručetna vas,324,45,10.0,6.0,01.06.2026 11:35:00,Povečan promet
R1-216,Ručetna vas - Črnomelj2164615.54.201.06.2026 11:35:00Normalen promet,Ručetna vas - Črnomelj,216,46,15.5,4.2,01.06.2026 11:35:00,Normalen promet
R1-216,Mrzlo PoljeIvančna Gorica - Krka2284813.04.001.06.2026 11:30:00Normalen promet,Ivančna Gorica - Krka,228,48,13.0,4.0,01.06.2026 11:30:00,Normalen promet
R1-216,Krka - Ivančna Gorica1445319.92.301.06.2026 11:30:00Normalen promet,Krka - Ivančna Gorica,144,53,19.9,2.3,01.06.2026 11:30:00,Normalen promet
R1-216,ČrmošnjiceČrmošnjice - Črnomelj1446820.01.701.06.2026 11:35:00Normalen promet,Črmošnjice - Črnomelj,144,68,20.0,1.7,01.06.2026 11:35:00,Normalen promet
R1-216,Črnomelj - Črmošnjice966034.01.401.06.2026 11:35:00Normalen promet,Črnomelj - Črmošnjice,96,60,34.0,1.4,01.06.2026 11:35:00,Normalen promet
R1-217,BlatnikDobliče - Kanižarica367373.00.401.06.2026 11:30:00Normalen promet,Dobliče - Kanižarica,36,73,73.0,0.4,01.06.2026 11:30:00,Normalen promet
R1-217,Kanižarica - Dobliče2471146.90.201.06.2026 11:30:00Normalen promet,Kanižarica - Dobliče,24,71,146.9,0.2,01.06.2026 11:30:00,Normalen promet
R1-217,RajndolČrnomelj - Kočevje488271.00.701.06.2026 11:35:00Normalen promet,Črnomelj - Kočevje,48,82,71.0,0.7,01.06.2026 11:35:00,Normalen promet
R1-217,Kočevje - Črnomelj368132.30.301.06.2026 11:35:00Normalen promet,Kočevje - Črnomelj,36,81,32.3,0.3,01.06.2026 11:35:00,Normalen promet
R1-218,PodzemeljČrnomelj - Podzemelj1685423.72.901.06.2026 11:35:00Normalen promet,Črnomelj - Podzemelj,168,54,23.7,2.9,01.06.2026 11:35:00,Normalen promet
R1-218,Podzemelj - Črnomelj2044816.93.701.06.2026 11:35:00Normalen promet,Podzemelj - Črnomelj,204,48,16.9,3.7,01.06.2026 11:35:00,Normalen promet
R1-218,DragatušKanižarica - Vinica964432.82.401.06.2026 11:35:00Normalen promet,Kanižarica - Vinica,96,44,32.8,2.4,01.06.2026 11:35:00,Normalen promet
R1-218,Vinica - Kanižarica2164712.74.001.06.2026 11:35:00Normalen promet,Vinica - Kanižarica,216,47,12.7,4.0,01.06.2026 11:35:00,Normalen promet
R1-218,KanižaricaČrnomelj - Kanižarica396488.16.901.06.2026 11:35:00Normalen promet,Črnomelj - Kanižarica,396,48,8.1,6.9,01.06.2026 11:35:00,Normalen promet
R1-218,Kanižarica - Črnomelj336489.96.801.06.2026 11:35:00Normalen promet,Kanižarica - Črnomelj,336,48,9.9,6.8,01.06.2026 11:35:00,Normalen promet
R1-218,GrmMetlika - Podzemelj1445524.82.501.06.2026 11:30:00Normalen promet,Metlika - Podzemelj,144,55,24.8,2.5,01.06.2026 11:30:00,Normalen promet
R1-218,Podzemelj - Metlika1926421.82.501.06.2026 11:30:00Normalen promet,Podzemelj - Metlika,192,64,21.8,2.5,01.06.2026 11:30:00,Normalen promet
R1-219,Zgornja BrežnicaPoljčane - Sl. Bistrica1686217.22.501.06.2026 11:30:00Normalen promet,Poljčane - Sl. Bistrica,168,62,17.2,2.5,01.06.2026 11:30:00,Normalen promet
R1-219,Sl. Bistrica - Poljčane2166015.23.301.06.2026 11:30:00Normalen promet,Sl. Bistrica - Poljčane,216,60,15.2,3.3,01.06.2026 11:30:00,Normalen promet
R1-219,PodčetrtekGolobinjek - Mestinje1564918.62.701.06.2026 11:35:00Normalen promet,Golobinjek - Mestinje,156,49,18.6,2.7,01.06.2026 11:35:00,Normalen promet
R1-219,Mestinje - Golobinjek1925017.63.501.06.2026 11:35:00Normalen promet,Mestinje - Golobinjek,192,50,17.6,3.5,01.06.2026 11:35:00,Normalen promet
R1-219,BukošekBizeljsko - Brežice1205530.91.701.06.2026 11:35:00Normalen promet,Bizeljsko - Brežice,120,55,30.9,1.7,01.06.2026 11:35:00,Normalen promet
R1-219,Brežice - Bizeljsko1566426.31.901.06.2026 11:35:00Normalen promet,Brežice - Bizeljsko,156,64,26.3,1.9,01.06.2026 11:35:00,Normalen promet
R1-219,BrežiceBrežice - Čatež360509.46.201.06.2026 11:35:00Normalen promet,Brežice - Čatež,360,50,9.4,6.2,01.06.2026 11:35:00,Normalen promet
R1-219,Čatež - Brežice528445.910.701.06.2026 11:35:00Povečan promet,Čatež - Brežice,528,44,5.9,10.7,01.06.2026 11:35:00,Povečan promet
R1-219,BizeljskoBistrica - Bizeljsko965215.81.801.06.2026 11:35:00Normalen promet,Bistrica - Bizeljsko,96,52,15.8,1.8,01.06.2026 11:35:00,Normalen promet
R1-219,Bizeljsko - Bistrica3651119.20.501.06.2026 11:35:00Normalen promet,Bizeljsko - Bistrica,36,51,119.2,0.5,01.06.2026 11:35:00,Normalen promet
R1-220,Dolenja vasKrško - Spodnja Pohanca1565421.32.501.06.2026 11:35:00Normalen promet,Krško - Spodnja Pohanca,156,54,21.3,2.5,01.06.2026 11:35:00,Normalen promet
R1-220,Spodnja Pohanca - Krško1685318.82.601.06.2026 11:35:00Normalen promet,Spodnja Pohanca - Krško,168,53,18.8,2.6,01.06.2026 11:35:00,Normalen promet
R1-220,Spodnja PohancaBrežice - Krško1325333.82.201.06.2026 11:30:00Normalen promet,Brežice - Krško,132,53,33.8,2.2,01.06.2026 11:30:00,Normalen promet
R1-220,Krško - Brežice1805018.52.801.06.2026 11:30:00Normalen promet,Krško - Brežice,180,50,18.5,2.8,01.06.2026 11:30:00,Normalen promet
R1-221,KisovecIzlake - Zagorje576376.417.801.06.2026 11:35:00Povečan promet,Izlake - Zagorje,576,37,6.4,17.8,01.06.2026 11:35:00,Povečan promet
R1-221,Zagorje - Izlake2885411.84.401.06.2026 11:35:00Normalen promet,Zagorje - Izlake,288,54,11.8,4.4,01.06.2026 11:35:00,Normalen promet
R1-221,BevškoBevško - Zagorje966037.31.201.06.2026 11:35:00Normalen promet,Bevško - Zagorje,96,60,37.3,1.2,01.06.2026 11:35:00,Normalen promet
R1-221,Zagorje - Bevško1685318.92.501.06.2026 11:35:00Normalen promet,Zagorje - Bevško,168,53,18.9,2.5,01.06.2026 11:35:00,Normalen promet
R1-221,MarnoHrastnik - Šmarjeta1204932.12.501.06.2026 11:35:00Normalen promet,Hrastnik - Šmarjeta,120,49,32.1,2.5,01.06.2026 11:35:00,Normalen promet
R1-221,Šmarjeta - Hrastnik1085428.21.501.06.2026 11:35:00Normalen promet,Šmarjeta - Hrastnik,108,54,28.2,1.5,01.06.2026 11:35:00,Normalen promet
R1-221,TrbovljeBevško - Trbovlje3485310.05.301.06.2026 11:35:00Normalen promet,Bevško - Trbovlje,348,53,10.0,5.3,01.06.2026 11:35:00,Normalen promet
R1-221,Trbovlje - Bevško348529.45.401.06.2026 11:35:00Normalen promet,Trbovlje - Bevško,348,52,9.4,5.4,01.06.2026 11:35:00,Normalen promet
R1-222,Zagorje mostmost čez Savo - Zagorje2644013.76.301.06.2026 11:35:00Normalen promet,most čez Savo - Zagorje,264,40,13.7,6.3,01.06.2026 11:35:00,Normalen promet
R1-222,Zagorje - most čez Savo2284114.010.801.06.2026 11:35:00Povečan promet,Zagorje - most čez Savo,228,41,14.0,10.8,01.06.2026 11:35:00,Povečan promet
R1-223,Trbovlje 2Bevško - most čez Savo2765012.94.501.06.2026 11:35:00Normalen promet,Bevško - most čez Savo,276,50,12.9,4.5,01.06.2026 11:35:00,Normalen promet
R1-223,most čez Savo - Bevško2405214.14.001.06.2026 11:35:00Normalen promet,most čez Savo - Bevško,240,52,14.1,4.0,01.06.2026 11:35:00,Normalen promet
R1-224,Hrastnik 2Hrastnik - most čez Savo2164914.03.601.06.2026 11:35:00Normalen promet,Hrastnik - most čez Savo,216,49,14.0,3.6,01.06.2026 11:35:00,Normalen promet
R1-224,most čez Savo - Hrastnik2165013.83.501.06.2026 11:35:00Normalen promet,most čez Savo - Hrastnik,216,50,13.8,3.5,01.06.2026 11:35:00,Normalen promet
R1-225,LetušLetuš - Male Braslovče3124311.27.601.06.2026 11:35:00Normalen promet,Letuš - Male Braslovče,312,43,11.2,7.6,01.06.2026 11:35:00,Normalen promet
R1-225,Male Braslovče - Letuš3004011.47.101.06.2026 11:35:00Normalen promet,Male Braslovče - Letuš,300,40,11.4,7.1,01.06.2026 11:35:00,Normalen promet
R1-225,PrihovaMozirje - Nazarje516606.67.701.06.2026 11:35:00Povečan promet,Mozirje - Nazarje,516,60,6.6,7.7,01.06.2026 11:35:00,Povečan promet
R1-225,Nazarje - Mozirje3125411.65.201.06.2026 11:35:00Normalen promet,Nazarje - Mozirje,312,54,11.6,5.2,01.06.2026 11:35:00,Normalen promet
R1-225,Kamnik FužineKamnik - Spodnje Stranje2405017.64.401.06.2026 11:35:00Normalen promet,Kamnik - Spodnje Stranje,240,50,17.6,4.4,01.06.2026 11:35:00,Normalen promet
R1-225,Spodnje Stranje - Kamnik2285613.44.001.06.2026 11:35:00Normalen promet,Spodnje Stranje - Kamnik,228,56,13.4,4.0,01.06.2026 11:35:00,Normalen promet
R1-225,PodstudenecČrnivec - Stahovica246492.40.301.06.2026 11:30:00Normalen promet,Črnivec - Stahovica,24,64,92.4,0.3,01.06.2026 11:30:00,Normalen promet
R1-225,Stahovica - Črnivec485276.90.701.06.2026 11:30:00Normalen promet,Stahovica - Črnivec,48,52,76.9,0.7,01.06.2026 11:30:00,Normalen promet
R1-225,Gornji GradGornji Grad - Radmirje725229.01.101.06.2026 11:30:00Normalen promet,Gornji Grad - Radmirje,72,52,29.0,1.1,01.06.2026 11:30:00,Normalen promet
R1-225,Radmirje - Gornji Grad1204730.82.301.06.2026 11:30:00Normalen promet,Radmirje - Gornji Grad,120,47,30.8,2.3,01.06.2026 11:30:00,Normalen promet
R1-225,TirošekGornji Grad - Kamnik000.00.011.12.2023 14:05:00Ni podatka,Gornji Grad - Kamnik,0,0,0.0,0.0,11.12.2023 14:05:00,Ni podatka
R1-225,Kamnik - Gornji Grad000.00.011.12.2023 14:05:00Ni podatka,Kamnik - Gornji Grad,0,0,0.0,0.0,11.12.2023 14:05:00,Ni podatka
R1-225,ŠmarcaDuplica - Mengeš324569.44.801.06.2026 11:30:00Normalen promet,Duplica - Mengeš,324,56,9.4,4.8,01.06.2026 11:30:00,Normalen promet
R1-225,Mengeš - Duplica360629.15.301.06.2026 11:30:00Normalen promet,Mengeš - Duplica,360,62,9.1,5.3,01.06.2026 11:30:00,Normalen promet
R1-225,Letuš 2Letuš - Soteska1925028.03.001.06.2026 11:35:00Normalen promet,Letuš - Soteska,192,50,28.0,3.0,01.06.2026 11:35:00,Normalen promet
R1-225,Soteska - Letuš2044810.24.501.06.2026 11:35:00Normalen promet,Soteska - Letuš,204,48,10.2,4.5,01.06.2026 11:35:00,Normalen promet
R1-225,KamnikDuplica - Kamnik000.00.025.01.2025 10:40:00Ni podatka,Duplica - Kamnik,0,0,0.0,0.0,25.01.2025 10:40:00,Ni podatka
R1-225,Kamnik - Duplica000.00.025.01.2025 10:40:00Ni podatka,Kamnik - Duplica,0,0,0.0,0.0,25.01.2025 10:40:00,Ni podatka
R1-225,Orla vasParižlje - Šentrupert3606010.35.701.06.2026 11:35:00Normalen promet,Parižlje - Šentrupert,360,60,10.3,5.7,01.06.2026 11:35:00,Normalen promet
R1-225,Šentrupert - Parižlje3006511.14.301.06.2026 11:35:00Normalen promet,Šentrupert - Parižlje,300,65,11.1,4.3,01.06.2026 11:35:00,Normalen promet
R1-225,LjubijaMozirje - Soteska3124210.67.401.06.2026 11:30:00Normalen promet,Mozirje - Soteska,312,42,10.6,7.4,01.06.2026 11:30:00,Normalen promet
R1-225,Soteska - Mozirje2404113.75.601.06.2026 11:30:00Normalen promet,Soteska - Mozirje,240,41,13.7,5.6,01.06.2026 11:30:00,Normalen promet
R1-227,BrdinjeKotlje - Ravne1564719.02.801.06.2026 11:30:00Normalen promet,Kotlje - Ravne,156,47,19.0,2.8,01.06.2026 11:30:00,Normalen promet
R1-227,Ravne - Kotlje2524413.64.401.06.2026 11:30:00Normalen promet,Ravne - Kotlje,252,44,13.6,4.4,01.06.2026 11:30:00,Normalen promet
R1-227,Stari trg pri SGKotlje - Stari trg1685422.32.401.06.2026 11:35:00Normalen promet,Kotlje - Stari trg,168,54,22.3,2.4,01.06.2026 11:35:00,Normalen promet
R1-227,Stari trg - Kotlje2524713.54.201.06.2026 11:35:00Normalen promet,Stari trg - Kotlje,252,47,13.5,4.2,01.06.2026 11:35:00,Normalen promet
R1-228,MP ZavrčBorl - MP Zavrč (vsi)844344.91.801.06.2026 11:30:00Normalen promet,Borl - MP Zavrč (vsi),84,43,44.9,1.8,01.06.2026 11:30:00,Normalen promet
R1-228,MP Zavrč - Borl724153.92.101.06.2026 11:30:00Normalen promet,MP Zavrč - Borl,72,41,53.9,2.1,01.06.2026 11:30:00,Normalen promet
R1-228,MP Zavrč - Borl (tovorni)000.00.027.02.2025 10:50:00Ni podatka,MP Zavrč - Borl (tovorni),0,0,0.0,0.0,27.02.2025 10:50:00,Ni podatka
R1-228,StojnciMP Zavrč - Spuhlja846839.41.001.06.2026 11:35:00Normalen promet,MP Zavrč - Spuhlja,84,68,39.4,1.0,01.06.2026 11:35:00,Normalen promet
R1-228,Spuhlja - MP Zavrč1566425.02.401.06.2026 11:35:00Normalen promet,Spuhlja - MP Zavrč,156,64,25.0,2.4,01.06.2026 11:35:00,Normalen promet
R1-229,GočovaGomilci - Senarska1445523.32.301.06.2026 11:30:00Normalen promet,Gomilci - Senarska,144,55,23.3,2.3,01.06.2026 11:30:00,Normalen promet
R1-229,Senarska - Gomilci1445621.32.301.06.2026 11:30:00Normalen promet,Senarska - Gomilci,144,56,21.3,2.3,01.06.2026 11:30:00,Normalen promet
R1-229,Nova vas pri PtujuJanežovci - Rogoznica2525614.63.701.06.2026 11:30:00Normalen promet,Janežovci - Rogoznica,252,56,14.6,3.7,01.06.2026 11:30:00,Normalen promet
R1-229,Rogoznica - Janežovci2405714.13.901.06.2026 11:30:00Normalen promet,Rogoznica - Janežovci,240,57,14.1,3.9,01.06.2026 11:30:00,Normalen promet
R1-229,PtujPtuj - Rogoznica2285413.03.401.06.2026 11:30:00Normalen promet,Ptuj - Rogoznica,228,54,13.0,3.4,01.06.2026 11:30:00,Normalen promet
R1-229,Rogoznica - Ptuj2405015.14.001.06.2026 11:30:00Normalen promet,Rogoznica - Ptuj,240,50,15.1,4.0,01.06.2026 11:30:00,Normalen promet
R1-230,OrmožIzstop iz Slo1441733.76.801.06.2026 11:35:00Normalen promet,Izstop iz Slo,144,17,33.7,6.8,01.06.2026 11:35:00,Normalen promet
R1-230,Vstop v Slo962741.72.801.06.2026 11:35:00Normalen promet,Vstop v Slo,96,27,41.7,2.8,01.06.2026 11:35:00,Normalen promet
R1-230,RadenciRadenci - Vučja vas1445327.52.601.06.2026 11:35:00Normalen promet,Radenci - Vučja vas,144,53,27.5,2.6,01.06.2026 11:35:00,Normalen promet
R1-230,Vučja vas - Radenci965732.81.601.06.2026 11:35:00Normalen promet,Vučja vas - Radenci,96,57,32.8,1.6,01.06.2026 11:35:00,Normalen promet
R1-230,NoršinciKriževci - Ljutomer2285213.64.801.06.2026 11:35:00Normalen promet,Križevci - Ljutomer,228,52,13.6,4.8,01.06.2026 11:35:00,Normalen promet
R1-230,Ljutomer - Križevci1444623.22.901.06.2026 11:35:00Normalen promet,Ljutomer - Križevci,144,46,23.2,2.9,01.06.2026 11:35:00,Normalen promet
R1-230,IvanjkovciLjutomer - Ormož1204827.03.101.06.2026 11:30:00Normalen promet,Ljutomer - Ormož,120,48,27.0,3.1,01.06.2026 11:30:00,Normalen promet
R1-230,Ormož - Ljutomer1086237.71.801.06.2026 11:30:00Normalen promet,Ormož - Ljutomer,108,62,37.7,1.8,01.06.2026 11:30:00,Normalen promet
R1-230,PavlovciOrmož - Pavlovci2166115.13.601.06.2026 11:30:00Normalen promet,Ormož - Pavlovci,216,61,15.1,3.6,01.06.2026 11:30:00,Normalen promet
R1-230,Pavlovci - Ormož1445524.12.001.06.2026 11:30:00Normalen promet,Pavlovci - Ormož,144,55,24.1,2.0,01.06.2026 11:30:00,Normalen promet
R1-230,IljaševciKriževci - Vučja vas1326624.21.501.06.2026 11:35:00Normalen promet,Križevci - Vučja vas,132,66,24.2,1.5,01.06.2026 11:35:00,Normalen promet
R1-230,Vučja vas - Križevci725644.51.001.06.2026 11:35:00Normalen promet,Vučja vas - Križevci,72,56,44.5,1.0,01.06.2026 11:35:00,Normalen promet
R1-230,MT Gornja RadgonaG. Radgona - most čez Muro2523012.98.201.06.2026 11:30:00Normalen promet,G. Radgona - most čez Muro,252,30,12.9,8.2,01.06.2026 11:30:00,Normalen promet
R1-230,most čez Muro - G. Radgona2043217.94.801.06.2026 11:30:00Normalen promet,most čez Muro - G. Radgona,204,32,17.9,4.8,01.06.2026 11:30:00,Normalen promet
R1-230,ŠratovciGornja Radgona - Radenci2884914.15.301.06.2026 11:30:00Normalen promet,Gornja Radgona - Radenci,288,49,14.1,5.3,01.06.2026 11:30:00,Normalen promet
R1-230,Radenci - Gornja Radgona3124412.16.401.06.2026 11:30:00Normalen promet,Radenci - Gornja Radgona,312,44,12.1,6.4,01.06.2026 11:30:00,Normalen promet
R1-231,MP GibinaHrvaška - Razkrižje124259.70.201.06.2026 11:35:00Normalen promet,Hrvaška - Razkrižje,12,42,59.7,0.2,01.06.2026 11:35:00,Normalen promet
R1-231,Razkrižje - Hrvaška1255352.40.101.06.2026 11:35:00Normalen promet,Razkrižje - Hrvaška,12,55,352.4,0.1,01.06.2026 11:35:00,Normalen promet
R1-231,Stročja vasLjutomer - Stročja vas724948.51.101.06.2026 11:25:00Normalen promet,Ljutomer - Stročja vas,72,49,48.5,1.1,01.06.2026 11:25:00,Normalen promet
R1-231,Stročja vas - Ljutomer965377.41.501.06.2026 11:25:00Normalen promet,Stročja vas - Ljutomer,96,53,77.4,1.5,01.06.2026 11:25:00,Normalen promet
R1-232,VanečaMačkovci - Martjanci1926318.92.801.06.2026 11:35:00Normalen promet,Mačkovci - Martjanci,192,63,18.9,2.8,01.06.2026 11:35:00,Normalen promet
R1-232,Martjanci - Mačkovci1086333.71.501.06.2026 11:35:00Normalen promet,Martjanci - Mačkovci,108,63,33.7,1.5,01.06.2026 11:35:00,Normalen promet
R1-232,Murska Sobota (Bakša)Lipovci - Murska Sobota492606.66.801.06.2026 11:35:00Povečan promet,Lipovci - Murska Sobota,492,60,6.6,6.8,01.06.2026 11:35:00,Povečan promet
R1-232,Murska Sobota - Lipovci444567.77.301.06.2026 11:35:00Povečan promet,Murska Sobota - Lipovci,444,56,7.7,7.3,01.06.2026 11:35:00,Povečan promet
R1-232,MT HodošMadžarska - Petrovci1280198.50.101.06.2026 11:30:00Normalen promet,Madžarska - Petrovci,12,80,198.5,0.1,01.06.2026 11:30:00,Normalen promet
R1-232,Petrovci - Madžarska00999.90.001.06.2026 11:30:00Ni prometa,Petrovci - Madžarska,0,0,999.9,0.0,01.06.2026 11:30:00,Ni prometa
R1-232,PeskovciHodoš - M. Sobota2489188.80.201.06.2026 11:30:00Normalen promet,Hodoš - M. Sobota,24,89,188.8,0.2,01.06.2026 11:30:00,Normalen promet
R1-232,M. Sobota - Hodoš4891119.40.401.06.2026 11:30:00Normalen promet,M. Sobota - Hodoš,48,91,119.4,0.4,01.06.2026 11:30:00,Normalen promet
R1-232,Murska Sobota severMartjanci - Murska Sobota sever600315.017.301.06.2026 11:35:00Povečan promet,Martjanci - Murska Sobota sever,600,31,5.0,17.3,01.06.2026 11:35:00,Povečan promet
R1-232,Murska Sobota - Martjanci492386.610.801.06.2026 11:35:00Povečan promet,Murska Sobota - Martjanci,492,38,6.6,10.8,01.06.2026 11:35:00,Povečan promet
R1-234,DoleDole - Dramlje348519.85.501.06.2026 11:30:00Normalen promet,Dole - Dramlje,348,51,9.8,5.5,01.06.2026 11:30:00,Normalen promet
R1-234,Dramlje - Dole3125210.96.001.06.2026 11:30:00Normalen promet,Dramlje - Dole,312,52,10.9,6.0,01.06.2026 11:30:00,Normalen promet
R1-234,LokarjeDole - Šentjur504486.49.701.06.2026 11:35:00Povečan promet,Dole - Šentjur,504,48,6.4,9.7,01.06.2026 11:35:00,Povečan promet
R1-234,Šentjur - Dole468456.89.301.06.2026 11:35:00Povečan promet,Šentjur - Dole,468,45,6.8,9.3,01.06.2026 11:35:00,Povečan promet
R1-235,PetanjciPetanjci - Radenci1205928.41.601.06.2026 11:35:00Normalen promet,Petanjci - Radenci,120,59,28.4,1.6,01.06.2026 11:35:00,Normalen promet
R1-235,Radenci - Petanjci1445623.42.201.06.2026 11:35:00Normalen promet,Radenci - Petanjci,144,56,23.4,2.2,01.06.2026 11:35:00,Normalen promet
R1-235,MS KrogM.Sobota (Gaj) - Priklj. M. Sobo1325428.62.801.06.2026 11:30:00Normalen promet,M.Sobota (Gaj) - Priklj. M. Sobo,132,54,28.6,2.8,01.06.2026 11:30:00,Normalen promet
R1-235,Priklj. M.Sobota - M. Sobota (Ga1326027.22.101.06.2026 11:30:00Normalen promet,Priklj. M.Sobota - M. Sobota (Ga,132,60,27.2,2.1,01.06.2026 11:30:00,Normalen promet
R1-235,TropovciM. Sobota (Gaj) - Petanjci1925917.82.701.06.2026 11:35:00Normalen promet,M. Sobota (Gaj) - Petanjci,192,59,17.8,2.7,01.06.2026 11:35:00,Normalen promet
R1-235,Petanjci - M. Sobota (Gaj)2045818.73.001.06.2026 11:35:00Normalen promet,Petanjci - M. Sobota (Gaj),204,58,18.7,3.0,01.06.2026 11:35:00,Normalen promet
R1-235,MS VZH obvoznicaMS jug - MS vzhod1682618.56.001.06.2026 11:30:00Normalen promet,MS jug - MS vzhod,168,26,18.5,6.0,01.06.2026 11:30:00,Normalen promet
R1-235,MS vzhod - MS jug1683817.84.201.06.2026 11:30:00Normalen promet,MS vzhod - MS jug,168,38,17.8,4.2,01.06.2026 11:30:00,Normalen promet
R1-235,MS GajMurska Sobota - Radenci1806117.92.801.06.2026 11:35:00Normalen promet,Murska Sobota - Radenci,180,61,17.9,2.8,01.06.2026 11:35:00,Normalen promet
R1-235,Radenci - Murska Sobota967248.91.301.06.2026 11:35:00Normalen promet,Radenci - Murska Sobota,96,72,48.9,1.3,01.06.2026 11:35:00,Normalen promet
R1-240,Volčja DragaŠempeter - Volčja Draga432578.16.101.06.2026 11:35:00Normalen promet,Šempeter - Volčja Draga,432,57,8.1,6.1,01.06.2026 11:35:00,Normalen promet
R1-240,Volčja Draga - Šempeter3125710.24.401.06.2026 11:35:00Normalen promet,Volčja Draga - Šempeter,312,57,10.2,4.4,01.06.2026 11:35:00,Normalen promet
R2-402,PodsabotinGonjače - Solkan368383.00.301.06.2026 11:35:00Normalen promet,Gonjače - Solkan,36,83,83.0,0.3,01.06.2026 11:35:00,Normalen promet
R2-402,MP NebloMT Neblo - Neblo000.00.001.06.2026 10:40:00Ni podatka,MT Neblo - Neblo,0,0,0.0,0.0,01.06.2026 10:40:00,Ni podatka
R2-402,Neblo - MT Neblo000.00.001.06.2026 10:40:00Ni podatka,Neblo - MT Neblo,0,0,0.0,0.0,01.06.2026 10:40:00,Ni podatka
R2-402,Šmartno v BrdihDobrovo - Gonjače604659.71.001.06.2026 11:35:00Normalen promet,Dobrovo - Gonjače,60,46,59.7,1.0,01.06.2026 11:35:00,Normalen promet
R2-402,Gonjače - Dobrovo1444428.52.701.06.2026 11:35:00Normalen promet,Gonjače - Dobrovo,144,44,28.5,2.7,01.06.2026 11:35:00,Normalen promet
R2-403,Škofja Lokacenter - Ljubljanska c.636424.913.101.06.2026 11:35:00Zgoščen promet,center - Ljubljanska c.,636,42,4.9,13.1,01.06.2026 11:35:00,Zgoščen promet
R2-403,Ljubljanska c. - center648414.413.901.06.2026 11:35:00Zgoščen promet,Ljubljanska c. - center,648,41,4.4,13.9,01.06.2026 11:35:00,Zgoščen promet
R2-403,BačaBača - Kneža485779.00.501.06.2026 11:35:00Normalen promet,Bača - Kneža,48,57,79.0,0.5,01.06.2026 11:35:00,Normalen promet
R2-403,Kneža - Bača486275.20.601.06.2026 11:35:00Normalen promet,Kneža - Bača,48,62,75.2,0.6,01.06.2026 11:35:00,Normalen promet
R2-403,ŽeleznikiBača - Železniki604754.40.901.06.2026 11:35:00Normalen promet,Bača - Železniki,60,47,54.4,0.9,01.06.2026 11:35:00,Normalen promet
R2-403,Železniki - Bača1205136.61.701.06.2026 11:35:00Normalen promet,Železniki - Bača,120,51,36.6,1.7,01.06.2026 11:35:00,Normalen promet
R2-403,BukovicaČešnjica - Škofja Loka2405115.33.901.06.2026 11:35:00Normalen promet,Češnjica - Škofja Loka,240,51,15.3,3.9,01.06.2026 11:35:00,Normalen promet
R2-403,Škofja Loka - Češnjica2525615.73.301.06.2026 11:35:00Normalen promet,Škofja Loka - Češnjica,252,56,15.7,3.3,01.06.2026 11:35:00,Normalen promet
R2-404,RečicaIlirska Bistrica - Podgrad847238.00.901.06.2026 11:30:00Normalen promet,Ilirska Bistrica - Podgrad,84,72,38.0,0.9,01.06.2026 11:30:00,Normalen promet
R2-404,Podgrad - Ilirska Bistrica846037.31.001.06.2026 11:30:00Normalen promet,Podgrad - Ilirska Bistrica,84,60,37.3,1.0,01.06.2026 11:30:00,Normalen promet
R2-404,DrskovčeIlirska Bistrica - Pivka2525513.74.001.06.2026 11:35:00Normalen promet,Ilirska Bistrica - Pivka,252,55,13.7,4.0,01.06.2026 11:35:00,Normalen promet
R2-404,Pivka - Ilirska Bistrica2165714.83.101.06.2026 11:35:00Normalen promet,Pivka - Ilirska Bistrica,216,57,14.8,3.1,01.06.2026 11:35:00,Normalen promet
R2-405,BujeFamlje - Ribnica6076115.10.701.06.2026 11:30:00Normalen promet,Famlje - Ribnica,60,76,115.1,0.7,01.06.2026 11:30:00,Normalen promet
R2-405,Ribnica - Famlje1327526.01.501.06.2026 11:30:00Normalen promet,Ribnica - Famlje,132,75,26.0,1.5,01.06.2026 11:30:00,Normalen promet
R2-406,AnkaranAnkaran - Križ. Moretini3124810.75.401.06.2026 11:30:00Normalen promet,Ankaran - Križ. Moretini,312,48,10.7,5.4,01.06.2026 11:30:00,Normalen promet
R2-406,Križ. Moretini - Ankaran492566.46.201.06.2026 11:30:00Povečan promet,Križ. Moretini - Ankaran,492,56,6.4,6.2,01.06.2026 11:30:00,Povečan promet
R2-406,LazaretAnkaran - MP Lazaret2283620.23.601.06.2026 11:35:00Normalen promet,Ankaran - MP Lazaret,228,36,20.2,3.6,01.06.2026 11:35:00,Normalen promet
R2-406,MP Lazaret - Ankaran604767.81.001.06.2026 11:35:00Normalen promet,MP Lazaret - Ankaran,60,47,67.8,1.0,01.06.2026 11:35:00,Normalen promet
R2-407,HorjulHorjul - Vrhnika725849.00.901.06.2026 11:35:00Normalen promet,Horjul - Vrhnika,72,58,49.0,0.9,01.06.2026 11:35:00,Normalen promet
R2-407,Vrhnika - Horjul1084837.22.001.06.2026 11:35:00Normalen promet,Vrhnika - Horjul,108,48,37.2,2.0,01.06.2026 11:35:00,Normalen promet
R2-408,ZavratecLogatec - Žiri4852112.20.901.06.2026 11:30:00Normalen promet,Logatec - Žiri,48,52,112.2,0.9,01.06.2026 11:30:00,Normalen promet
R2-408,Žiri - Logatec2465303.60.201.06.2026 11:30:00Normalen promet,Žiri - Logatec,24,65,303.6,0.2,01.06.2026 11:30:00,Normalen promet
R2-408,LogatecLogatec - Žiri1085730.61.401.06.2026 11:35:00Normalen promet,Logatec - Žiri,108,57,30.6,1.4,01.06.2026 11:35:00,Normalen promet
R2-408,Žiri - Logatec725027.11.501.06.2026 11:35:00Normalen promet,Žiri - Logatec,72,50,27.1,1.5,01.06.2026 11:35:00,Normalen promet
R2-408,ŽiriTrebija - Žiri1084440.52.701.06.2026 11:25:00Normalen promet,Trebija - Žiri,108,44,40.5,2.7,01.06.2026 11:25:00,Normalen promet
R2-408,Žiri - Trebija724745.71.301.06.2026 11:25:00Normalen promet,Žiri - Trebija,72,47,45.7,1.3,01.06.2026 11:25:00,Normalen promet
R2-409,ZapoljeLogatec - Vrhnika1686720.72.001.06.2026 11:35:00Normalen promet,Logatec - Vrhnika,168,67,20.7,2.0,01.06.2026 11:35:00,Normalen promet
R2-409,Vrhnika - Logatec1326624.91.801.06.2026 11:35:00Normalen promet,Vrhnika - Logatec,132,66,24.9,1.8,01.06.2026 11:35:00,Normalen promet
R2-409,GorjancAC Brezovica - LJ (Vič)480476.38.301.06.2026 11:30:00Povečan promet,AC Brezovica - LJ (Vič),480,47,6.3,8.3,01.06.2026 11:30:00,Povečan promet
R2-409,LJ (Vič) - AC Brezovica444487.68.001.06.2026 11:30:00Normalen promet,LJ (Vič) - AC Brezovica,444,48,7.6,8.0,01.06.2026 11:30:00,Normalen promet
R2-409,SenožečeRazdrto - Senožeče1566115.91.901.06.2026 11:35:00Normalen promet,Razdrto - Senožeče,156,61,15.9,1.9,01.06.2026 11:35:00,Normalen promet
R2-409,Senožeče - Razdrto1086331.51.701.06.2026 11:35:00Normalen promet,Senožeče - Razdrto,108,63,31.5,1.7,01.06.2026 11:35:00,Normalen promet
R2-409,BrezovicaAC Brezovica - Brezovica000.00.011.04.2026 18:45:00Ni podatka,AC Brezovica - Brezovica,0,0,0.0,0.0,11.04.2026 18:45:00,Ni podatka
R2-409,Brezovica - AC Brezovica000.00.011.04.2026 18:45:00Ni podatka,Brezovica - AC Brezovica,0,0,0.0,0.0,11.04.2026 18:45:00,Ni podatka
R2-409,Drenov GričBrezovica - Vrhnika3365110.05.801.06.2026 11:30:00Normalen promet,Brezovica - Vrhnika,336,51,10.0,5.8,01.06.2026 11:30:00,Normalen promet
R2-409,Vrhnika - Brezovica312519.65.201.06.2026 11:30:00Normalen promet,Vrhnika - Brezovica,312,51,9.6,5.2,01.06.2026 11:30:00,Normalen promet
R2-409,RavbarkomandaPlanina - Ravbarkomanda1566921.42.101.06.2026 11:35:00Normalen promet,Planina - Ravbarkomanda,156,69,21.4,2.1,01.06.2026 11:35:00,Normalen promet
R2-409,Ravbarkomanda - Planina967240.61.001.06.2026 11:35:00Normalen promet,Ravbarkomanda - Planina,96,72,40.6,1.0,01.06.2026 11:35:00,Normalen promet
R2-409,PetrinjeKastelec - Kozina1207532.31.401.06.2026 11:35:00Normalen promet,Kastelec - Kozina,120,75,32.3,1.4,01.06.2026 11:35:00,Normalen promet
R2-409,Kozina - Kastelec1447226.21.601.06.2026 11:35:00Normalen promet,Kozina - Kastelec,144,72,26.2,1.6,01.06.2026 11:35:00,Normalen promet
R2-409,ŠkocjanDivača - Matavun2406314.73.101.06.2026 11:35:00Normalen promet,Divača - Matavun,240,63,14.7,3.1,01.06.2026 11:35:00,Normalen promet
R2-409,Matavun - Divača1807419.21.901.06.2026 11:35:00Normalen promet,Matavun - Divača,180,74,19.2,1.9,01.06.2026 11:35:00,Normalen promet
R2-409,GrčarevecKalce - Planina1687820.81.601.06.2026 11:35:00Normalen promet,Kalce - Planina,168,78,20.8,1.6,01.06.2026 11:35:00,Normalen promet
R2-409,Planina - Kalce1206630.62.001.06.2026 11:35:00Normalen promet,Planina - Kalce,120,66,30.6,2.0,01.06.2026 11:35:00,Normalen promet
R2-409,PostojnaPostojna - Razdrto396528.06.601.06.2026 11:35:00Normalen promet,Postojna - Razdrto,396,52,8.0,6.6,01.06.2026 11:35:00,Normalen promet
R2-409,Razdrto - Postojna348489.36.001.06.2026 11:35:00Normalen promet,Razdrto - Postojna,348,48,9.3,6.0,01.06.2026 11:35:00,Normalen promet
R2-409,DivačaDivača - Senožeče728057.70.701.06.2026 11:30:00Normalen promet,Divača - Senožeče,72,80,57.7,0.7,01.06.2026 11:30:00,Normalen promet
R2-409,Senožeče - Divača1086336.81.501.06.2026 11:30:00Normalen promet,Senožeče - Divača,108,63,36.8,1.5,01.06.2026 11:30:00,Normalen promet
R2-409,KačiceKozina - Matavun848637.00.901.06.2026 11:35:00Normalen promet,Kozina - Matavun,84,86,37.0,0.9,01.06.2026 11:35:00,Normalen promet
R2-409,Matavun - Kozina1568922.41.301.06.2026 11:35:00Normalen promet,Matavun - Kozina,156,89,22.4,1.3,01.06.2026 11:35:00,Normalen promet
R2-409,DekaniKoper - Rižana965535.91.601.06.2026 11:35:00Normalen promet,Koper - Rižana,96,55,35.9,1.6,01.06.2026 11:35:00,Normalen promet
R2-409,Rižana - Koper1446519.71.701.06.2026 11:35:00Normalen promet,Rižana - Koper,144,65,19.7,1.7,01.06.2026 11:35:00,Normalen promet
R2-410,TenetišeGolnik - Kokrica846327.41.001.06.2026 11:30:00Normalen promet,Golnik - Kokrica,84,63,27.4,1.0,01.06.2026 11:30:00,Normalen promet
R2-410,Kokrica - Golnik1805419.43.101.06.2026 11:30:00Normalen promet,Kokrica - Golnik,180,54,19.4,3.1,01.06.2026 11:30:00,Normalen promet
R2-410,TržičBistrica - Tržič372418.77.301.06.2026 11:35:00Normalen promet,Bistrica - Tržič,372,41,8.7,7.3,01.06.2026 11:35:00,Normalen promet
R2-410,Tržič - Bistrica324409.96.401.06.2026 11:35:00Normalen promet,Tržič - Bistrica,324,40,9.9,6.4,01.06.2026 11:35:00,Normalen promet
R2-410,SeničnoTržič - Golnik000.00.004.10.2024 15:20:00Ni podatka,Tržič - Golnik,0,0,0.0,0.0,04.10.2024 15:20:00,Ni podatka
R2-410,KokricaKokrica - Kranj3485410.45.201.06.2026 11:35:00Povečan promet,Kokrica - Kranj,348,54,10.4,5.2,01.06.2026 11:35:00,Povečan promet
R2-410,Kranj - Kokrica396508.85.901.06.2026 11:35:00Povečan promet,Kranj - Kokrica,396,50,8.8,5.9,01.06.2026 11:35:00,Povečan promet
R2-411,NakloNaklo - Polica456487.17.701.06.2026 11:30:00Normalen promet,Naklo - Polica,456,48,7.1,7.7,01.06.2026 11:30:00,Normalen promet
R2-411,Polica - Naklo3005211.44.801.06.2026 11:30:00Normalen promet,Polica - Naklo,300,52,11.4,4.8,01.06.2026 11:30:00,Normalen promet
R2-411,Dobro PoljeČrnivec- Gobovce1445425.32.201.06.2026 11:25:00Normalen promet,Črnivec- Gobovce,144,54,25.3,2.2,01.06.2026 11:25:00,Normalen promet
R2-411,Gobovce - Črnivec1445425.32.201.06.2026 11:25:00Normalen promet,Gobovce - Črnivec,144,54,25.3,2.2,01.06.2026 11:25:00,Normalen promet
R2-411,PodbrezjeRadovljica - Kranj2044913.72.901.06.2026 11:30:00Normalen promet,Radovljica - Kranj,204,49,13.7,2.9,01.06.2026 11:30:00,Normalen promet
R2-412,Kranj (Labore)Iskra - Labore000.00.014.12.2023 05:50:00Ni podatka,Iskra - Labore,0,0,0.0,0.0,14.12.2023 05:50:00,Ni podatka
R2-412,Labore - Iskra000.00.014.12.2023 05:50:00Ni podatka,Labore - Iskra,0,0,0.0,0.0,14.12.2023 05:50:00,Ni podatka
R2-412,Kranj (sejem)Iskra - Kidričeva696544.511.001.06.2026 11:35:00Zgoščen promet,Iskra - Kidričeva,696,54,4.5,11.0,01.06.2026 11:35:00,Zgoščen promet
R2-412,Kidričeva - Iskra540545.99.101.06.2026 11:35:00Zgoščen promet,Kidričeva - Iskra,540,54,5.9,9.1,01.06.2026 11:35:00,Zgoščen promet
R2-412,Kranj (Zlato polje)Kidričeva c. - Polica684564.79.401.06.2026 11:35:00Povečan promet,Kidričeva c. - Polica,684,56,4.7,9.4,01.06.2026 11:35:00,Povečan promet
R2-412,Polica - Kidričeva c.708314.130.701.06.2026 11:35:00Gost promet z zastoji,Polica - Kidričeva c.,708,31,4.1,30.7,01.06.2026 11:35:00,Gost promet z zastoji
R2-413,ValburgaVodice - Zbilje1564423.33.601.06.2026 11:35:00Normalen promet,Vodice - Zbilje,156,44,23.3,3.6,01.06.2026 11:35:00,Normalen promet
R2-413,Zbilje - Vodice2884611.26.001.06.2026 11:35:00Normalen promet,Zbilje - Vodice,288,46,11.2,6.0,01.06.2026 11:35:00,Normalen promet
R2-413,ŽejeMoste - Vodice372568.75.801.06.2026 11:35:00Normalen promet,Moste - Vodice,372,56,8.7,5.8,01.06.2026 11:35:00,Normalen promet
R2-413,Vodice - Moste444576.99.301.06.2026 11:35:00Povečan promet,Vodice - Moste,444,57,6.9,9.3,01.06.2026 11:35:00,Povečan promet
R2-413,KrižKamnik - Moste2764813.55.401.06.2026 11:35:00Normalen promet,Kamnik - Moste,276,48,13.5,5.4,01.06.2026 11:35:00,Normalen promet
R2-413,Moste - Kamnik432477.68.501.06.2026 11:35:00Normalen promet,Moste - Kamnik,432,47,7.6,8.5,01.06.2026 11:35:00,Normalen promet
R2-414,LazeKamnik - Tuhinj965143.51.601.06.2026 11:35:00Normalen promet,Kamnik - Tuhinj,96,51,43.5,1.6,01.06.2026 11:35:00,Normalen promet
R2-414,Tuhinj - Kamnik1445526.02.201.06.2026 11:35:00Normalen promet,Tuhinj - Kamnik,144,55,26.0,2.2,01.06.2026 11:35:00,Normalen promet
R2-414,LočicaKamnik - Ločica724468.81.401.06.2026 11:30:00Normalen promet,Kamnik - Ločica,72,44,68.8,1.4,01.06.2026 11:30:00,Normalen promet
R2-414,Ločica - Kamnik1084524.71.901.06.2026 11:30:00Normalen promet,Ločica - Kamnik,108,45,24.7,1.9,01.06.2026 11:30:00,Normalen promet
R2-415,KrtinaAC - Moravče1926818.22.401.06.2026 11:35:00Normalen promet,AC - Moravče,192,68,18.2,2.4,01.06.2026 11:35:00,Normalen promet
R2-415,Moravče - AC348639.65.001.06.2026 11:35:00Normalen promet,Moravče - AC,348,63,9.6,5.0,01.06.2026 11:35:00,Normalen promet
R2-415,KandršeIzlake - Moravče964437.81.801.06.2026 11:35:00Normalen promet,Izlake - Moravče,96,44,37.8,1.8,01.06.2026 11:35:00,Normalen promet
R2-415,Moravče - Izlake2449234.30.301.06.2026 11:35:00Normalen promet,Moravče - Izlake,24,49,234.3,0.3,01.06.2026 11:35:00,Normalen promet
R2-416,Črni PotokIvančna Gorica - Litija364112.70.701.06.2026 11:35:00Normalen promet,Ivančna Gorica - Litija,36,41,12.7,0.7,01.06.2026 11:35:00,Normalen promet
R2-416,Litija - Ivančna Gorica366882.70.301.06.2026 11:35:00Normalen promet,Litija - Ivančna Gorica,36,68,82.7,0.3,01.06.2026 11:35:00,Normalen promet
R2-416,LitijaLitija - Šmartno1805121.52.701.06.2026 11:35:00Normalen promet,Litija - Šmartno,180,51,21.5,2.7,01.06.2026 11:35:00,Normalen promet
R2-416,Šmartno - Litija2404513.84.801.06.2026 11:35:00Normalen promet,Šmartno - Litija,240,45,13.8,4.8,01.06.2026 11:35:00,Normalen promet
R2-417,MoravčeGabrovka - Mala Koštrevnica365465.30.501.06.2026 11:30:00Normalen promet,Gabrovka - Mala Koštrevnica,36,54,65.3,0.5,01.06.2026 11:30:00,Normalen promet
R2-417,Mala Koštrevnica - Gabrovka364977.40.501.06.2026 11:30:00Normalen promet,Mala Koštrevnica - Gabrovka,36,49,77.4,0.5,01.06.2026 11:30:00,Normalen promet
R2-418,ŠkocjanŠkocjan - Zbure486665.20.601.06.2026 11:35:00Normalen promet,Škocjan - Zbure,48,66,65.2,0.6,01.06.2026 11:35:00,Normalen promet
R2-418,Zbure - Škocjan246426.20.401.06.2026 11:35:00Normalen promet,Zbure - Škocjan,24,64,26.2,0.4,01.06.2026 11:35:00,Normalen promet
R2-418,DramaAC - Šentjernej1325819.02.101.06.2026 11:35:00Normalen promet,AC - Šentjernej,132,58,19.0,2.1,01.06.2026 11:35:00,Normalen promet
R2-418,Šentjernej - AC1445427.82.301.06.2026 11:35:00Normalen promet,Šentjernej - AC,144,54,27.8,2.3,01.06.2026 11:35:00,Normalen promet
R2-418,ZbureMokronog - Zbure245894.60.301.06.2026 11:30:00Normalen promet,Mokronog - Zbure,24,58,94.6,0.3,01.06.2026 11:30:00,Normalen promet
R2-418,Zbure - Mokronog4851142.01.101.06.2026 11:30:00Normalen promet,Zbure - Mokronog,48,51,142.0,1.1,01.06.2026 11:30:00,Normalen promet
R2-418,Dobruška vasDobruška vas - Škocjan1686117.52.101.06.2026 11:30:00Normalen promet,Dobruška vas - Škocjan,168,61,17.5,2.1,01.06.2026 11:30:00,Normalen promet
R2-418,Škocjan - Dobruška vas846938.40.901.06.2026 11:30:00Normalen promet,Škocjan - Dobruška vas,84,69,38.4,0.9,01.06.2026 11:30:00,Normalen promet
R2-419,PotokNM Drska - Straža1325227.32.201.06.2026 11:35:00Normalen promet,NM Drska - Straža,132,52,27.3,2.2,01.06.2026 11:35:00,Normalen promet
R2-419,Straža - NM Drska1445521.32.201.06.2026 11:35:00Normalen promet,Straža - NM Drska,144,55,21.3,2.2,01.06.2026 11:35:00,Normalen promet
R2-419,Mokro PoljeRatež - Šentjernej845042.51.501.06.2026 11:30:00Normalen promet,Ratež - Šentjernej,84,50,42.5,1.5,01.06.2026 11:30:00,Normalen promet
R2-419,Šentjernej - Ratež1085333.31.601.06.2026 11:30:00Normalen promet,Šentjernej - Ratež,108,53,33.3,1.6,01.06.2026 11:30:00,Normalen promet
R2-419,Malo Mraševo 2Kostanjevica - Križaj846242.91.001.06.2026 11:30:00Normalen promet,Kostanjevica - Križaj,84,62,42.9,1.0,01.06.2026 11:30:00,Normalen promet
R2-419,Križaj - Kostanjevica1206126.81.501.06.2026 11:30:00Normalen promet,Križaj - Kostanjevica,120,61,26.8,1.5,01.06.2026 11:30:00,Normalen promet
R2-419,Župeča vasČatež ob Savi - Križaj1326024.71.701.06.2026 11:30:00Normalen promet,Čatež ob Savi - Križaj,132,60,24.7,1.7,01.06.2026 11:30:00,Normalen promet
R2-419,Križaj - Čatež ob Savi366384.60.401.06.2026 11:30:00Normalen promet,Križaj - Čatež ob Savi,36,63,84.6,0.4,01.06.2026 11:30:00,Normalen promet
R2-419,RatežNovo mesto - Ratež2405915.53.701.06.2026 11:40:00Normalen promet,Novo mesto - Ratež,240,59,15.5,3.7,01.06.2026 11:40:00,Normalen promet
R2-419,Ratež - Novo mesto2286018.33.101.06.2026 11:40:00Normalen promet,Ratež - Novo mesto,228,60,18.3,3.1,01.06.2026 11:40:00,Normalen promet
R2-419,ŠentjernejKostanjevica - Šentjernej724648.51.401.06.2026 11:30:00Normalen promet,Kostanjevica - Šentjernej,72,46,48.5,1.4,01.06.2026 11:30:00,Normalen promet
R2-419,Šentjernej - Kostanjevica965831.11.301.06.2026 11:30:00Normalen promet,Šentjernej - Kostanjevica,96,58,31.1,1.3,01.06.2026 11:30:00,Normalen promet
R2-419,Dolenje PoljeSoteska - Straža365967.20.501.06.2026 11:30:00Normalen promet,Soteska - Straža,36,59,67.2,0.5,01.06.2026 11:30:00,Normalen promet
R2-419,Straža - Soteska1565323.92.601.06.2026 11:30:00Normalen promet,Straža - Soteska,156,53,23.9,2.6,01.06.2026 11:30:00,Normalen promet
R2-420,MostecBrežice - Dobova1324926.92.201.06.2026 11:35:00Normalen promet,Brežice - Dobova,132,49,26.9,2.2,01.06.2026 11:35:00,Normalen promet
R2-420,Dobova - Brežice1085141.91.801.06.2026 11:35:00Normalen promet,Dobova - Brežice,108,51,41.9,1.8,01.06.2026 11:35:00,Normalen promet
R2-420,MP RigonceDobova - MP484473.80.901.06.2026 11:30:00Normalen promet,Dobova - MP,48,44,73.8,0.9,01.06.2026 11:30:00,Normalen promet
R2-420,Dobova - MP484473.80.901.06.2026 11:30:00Normalen promet,Dobova - MP,48,44,73.8,0.9,01.06.2026 11:30:00,Normalen promet
R2-421,SemičRučetna vas - Štrekljevec1086235.61.501.06.2026 11:30:00Normalen promet,Ručetna vas - Štrekljevec,108,62,35.6,1.5,01.06.2026 11:30:00,Normalen promet
R2-421,Štrekljevec - Ručetna vas605445.20.801.06.2026 11:30:00Normalen promet,Štrekljevec - Ručetna vas,60,54,45.2,0.8,01.06.2026 11:30:00,Normalen promet
R2-421,OsojnikJugorje - Semič606458.60.901.06.2026 11:30:00Normalen promet,Jugorje - Semič,60,64,58.6,0.9,01.06.2026 11:30:00,Normalen promet
R2-421,Semič - Jugorje366696.40.501.06.2026 11:30:00Normalen promet,Semič - Jugorje,36,66,96.4,0.5,01.06.2026 11:30:00,Normalen promet
R2-422,SenovoBrestanica - Senovo1685723.12.301.06.2026 11:35:00Normalen promet,Brestanica - Senovo,168,57,23.1,2.3,01.06.2026 11:35:00,Normalen promet
R2-422,Senovo - Brestanica2285314.23.401.06.2026 11:35:00Normalen promet,Senovo - Brestanica,228,53,14.2,3.4,01.06.2026 11:35:00,Normalen promet
R2-422,Veliki KamenPodsreda - Senovo6048110.91.001.06.2026 11:30:00Normalen promet,Podsreda - Senovo,60,48,110.9,1.0,01.06.2026 11:30:00,Normalen promet
R2-422,Senovo - Podsreda365039.10.601.06.2026 11:30:00Normalen promet,Senovo - Podsreda,36,50,39.1,0.6,01.06.2026 11:30:00,Normalen promet
R2-423,JelcaKozje - Šentjur607991.70.601.06.2026 11:35:00Normalen promet,Kozje - Šentjur,60,79,91.7,0.6,01.06.2026 11:35:00,Normalen promet
R2-423,Šentjur - Kozje487171.80.501.06.2026 11:35:00Normalen promet,Šentjur - Kozje,48,71,71.8,0.5,01.06.2026 11:35:00,Normalen promet
R2-423,KozjeKozje-Podsreda367291.10.401.06.2026 11:30:00Normalen promet,Kozje-Podsreda,36,72,91.1,0.4,01.06.2026 11:30:00,Normalen promet
R2-423,Podsreda-Kozje2453181.40.601.06.2026 11:30:00Normalen promet,Podsreda-Kozje,24,53,181.4,0.6,01.06.2026 11:30:00,Normalen promet
R2-423,MP Bistrica ob SotliBistrica ob Sotli - Polje482794.01.501.06.2026 11:35:00Normalen promet,Bistrica ob Sotli - Polje,48,27,94.0,1.5,01.06.2026 11:35:00,Normalen promet
R2-423,Polje - Bistrica ob Sotli3642118.30.601.06.2026 11:35:00Normalen promet,Polje - Bistrica ob Sotli,36,42,118.3,0.6,01.06.2026 11:35:00,Normalen promet
R2-423,ČrnolicaČrnolica - Šentjur2764813.14.501.06.2026 11:35:00Normalen promet,Črnolica - Šentjur,276,48,13.1,4.5,01.06.2026 11:35:00,Normalen promet
R2-423,Šentjur - Črnolica1804815.83.201.06.2026 11:35:00Normalen promet,Šentjur - Črnolica,180,48,15.8,3.2,01.06.2026 11:35:00,Normalen promet
R2-424,PodgorjePlanina - Sevnica4872114.60.501.06.2026 11:30:00Normalen promet,Planina - Sevnica,48,72,114.6,0.5,01.06.2026 11:30:00,Normalen promet
R2-424,Sevnica - Planina1290217.00.101.06.2026 11:30:00Normalen promet,Sevnica - Planina,12,90,217.0,0.1,01.06.2026 11:30:00,Normalen promet
R2-424,DobjeČrnolica - Dežno365255.50.501.06.2026 11:30:00Normalen promet,Črnolica - Dežno,36,52,55.5,0.5,01.06.2026 11:30:00,Normalen promet
R2-424,Dežno - Črnolica1205130.01.901.06.2026 11:30:00Normalen promet,Dežno - Črnolica,120,51,30.0,1.9,01.06.2026 11:30:00,Normalen promet
R2-425,PesjePesje - Velenje372478.77.001.06.2026 11:35:00Normalen promet,Pesje - Velenje,372,47,8.7,7.0,01.06.2026 11:35:00,Normalen promet
R2-425,Velenje - Pesje504497.29.701.06.2026 11:35:00Povečan promet,Velenje - Pesje,504,49,7.2,9.7,01.06.2026 11:35:00,Povečan promet
R2-425,ŠoštanjŠoštanj - Velenje3005810.65.401.06.2026 11:30:00Normalen promet,Šoštanj - Velenje,300,58,10.6,5.4,01.06.2026 11:30:00,Normalen promet
R2-425,Velenje - Šoštanj348559.85.101.06.2026 11:30:00Normalen promet,Velenje - Šoštanj,348,55,9.8,5.1,01.06.2026 11:30:00,Normalen promet
R2-425,PoljanaMežica - Poljana000.00.031.05.2026 01:00:00Ni podatka,Mežica - Poljana,0,0,0.0,0.0,31.05.2026 01:00:00,Ni podatka
R2-425,Poljana - Mežica000.00.031.05.2026 01:00:00Ni podatka,Poljana - Mežica,0,0,0.0,0.0,31.05.2026 01:00:00,Ni podatka
R2-425,TopolščicaŠentvid - Šoštanj606998.00.701.06.2026 11:35:00Normalen promet,Šentvid - Šoštanj,60,69,98.0,0.7,01.06.2026 11:35:00,Normalen promet
R2-425,Šoštanj - Šentvid726244.90.901.06.2026 11:35:00Normalen promet,Šoštanj - Šentvid,72,62,44.9,0.9,01.06.2026 11:35:00,Normalen promet
R2-425,JavorjeČrna na Koroškem - Šoštanj1261808.40.101.06.2026 11:30:00Normalen promet,Črna na Koroškem - Šoštanj,12,61,808.4,0.1,01.06.2026 11:30:00,Normalen promet
R2-425,Šoštanj - Črna na Koroškem2458174.70.301.06.2026 11:30:00Normalen promet,Šoštanj - Črna na Koroškem,24,58,174.7,0.3,01.06.2026 11:30:00,Normalen promet
R2-425,MežicaČrna - Mežica964537.21.901.06.2026 11:35:00Normalen promet,Črna - Mežica,96,45,37.2,1.9,01.06.2026 11:35:00,Normalen promet
R2-425,Mežica - Črna1324628.92.801.06.2026 11:35:00Normalen promet,Mežica - Črna,132,46,28.9,2.8,01.06.2026 11:35:00,Normalen promet
R2-426,LokovicaGorenje - Pesje2286117.13.101.06.2026 11:30:00Normalen promet,Gorenje - Pesje,228,61,17.1,3.1,01.06.2026 11:30:00,Normalen promet
R2-426,Pesje - Gorenje1805120.04.101.06.2026 11:30:00Normalen promet,Pesje - Gorenje,180,51,20.0,4.1,01.06.2026 11:30:00,Normalen promet
R2-426,Rečica ob PakiLetuš - Rečica1566123.12.201.06.2026 11:35:00Normalen promet,Letuš - Rečica,156,61,23.1,2.2,01.06.2026 11:35:00,Normalen promet
R2-426,Rečica - Letuš1806617.42.201.06.2026 11:35:00Normalen promet,Rečica - Letuš,180,66,17.4,2.2,01.06.2026 11:35:00,Normalen promet
R2-426,Paska vasGorenje -Rečica1206327.32.001.06.2026 11:30:00Normalen promet,Gorenje -Rečica,120,63,27.3,2.0,01.06.2026 11:30:00,Normalen promet
R2-426,Rečica - Gorenje1926917.12.401.06.2026 11:30:00Normalen promet,Rečica - Gorenje,192,69,17.1,2.4,01.06.2026 11:30:00,Normalen promet
R2-427,PodmejaPrebold - Trbovlje36083.80.401.06.2026 11:35:00Normalen promet,Prebold - Trbovlje,36,0,83.8,0.4,01.06.2026 11:35:00,Normalen promet
R2-427,Trbovlje - Prebold00999.90.001.06.2026 11:35:00Ni prometa,Trbovlje - Prebold,0,0,999.9,0.0,01.06.2026 11:35:00,Ni prometa
R2-427,Latkova vasLatkova vas - Prebold2285615.43.201.06.2026 11:35:00Normalen promet,Latkova vas - Prebold,228,56,15.4,3.2,01.06.2026 11:35:00,Normalen promet
R2-427,Prebold - Latkova vas1324626.42.301.06.2026 11:35:00Normalen promet,Prebold - Latkova vas,132,46,26.4,2.3,01.06.2026 11:35:00,Normalen promet
R2-428,SolčavaLjubno->Solcava365188.60.601.06.2026 11:20:00Normalen promet,Ljubno->Solcava,36,51,88.6,0.6,01.06.2026 11:20:00,Normalen promet
R2-428,Solcava->Ljubno484868.91.001.06.2026 11:20:00Normalen promet,Solcava->Ljubno,48,48,68.9,1.0,01.06.2026 11:20:00,Normalen promet
R2-428,LjubnoLuče - Radmirje726469.31.001.06.2026 11:30:00Normalen promet,Luče - Radmirje,72,64,69.3,1.0,01.06.2026 11:30:00,Normalen promet
R2-428,Radmirje - Luče1325931.31.901.06.2026 11:30:00Normalen promet,Radmirje - Luče,132,59,31.3,1.9,01.06.2026 11:30:00,Normalen promet
R2-429,Črnova 2Črnova - Dobrna1324444.12.501.06.2026 11:35:00Normalen promet,Črnova - Dobrna,132,44,44.1,2.5,01.06.2026 11:35:00,Normalen promet
R2-429,Dobrna - Črnova843528.71.901.06.2026 11:35:00Normalen promet,Dobrna - Črnova,84,35,28.7,1.9,01.06.2026 11:35:00,Normalen promet
R2-429,Višnja vasStrmec - Višnja vas1685019.32.601.06.2026 11:30:00Normalen promet,Strmec - Višnja vas,168,50,19.3,2.6,01.06.2026 11:30:00,Normalen promet
R2-429,Višnja vas - Strmec2164917.44.001.06.2026 11:30:00Normalen promet,Višnja vas - Strmec,216,49,17.4,4.0,01.06.2026 11:30:00,Normalen promet
R2-430,BukovecFram - Sl. Bistrica2646112.33.601.06.2026 11:30:00Normalen promet,Fram - Sl. Bistrica,264,61,12.3,3.6,01.06.2026 11:30:00,Normalen promet
R2-430,Sl. Bistrica - Fram312649.74.401.06.2026 11:30:00Povečan promet,Sl. Bistrica - Fram,312,64,9.7,4.4,01.06.2026 11:30:00,Povečan promet
R2-430,DobrnežSlov. Konjice - Tepanje444617.56.601.06.2026 11:35:00Normalen promet,Slov. Konjice - Tepanje,444,61,7.5,6.6,01.06.2026 11:35:00,Normalen promet
R2-430,Tepanje - Slov. Konjice384618.45.501.06.2026 11:35:00Normalen promet,Tepanje - Slov. Konjice,384,61,8.4,5.5,01.06.2026 11:35:00,Normalen promet
R2-430,Zece 2Sl.Konjice - Zeče444568.97.201.06.2026 11:35:00Normalen promet,Sl.Konjice - Zeče,444,56,8.9,7.2,01.06.2026 11:35:00,Normalen promet
R2-430,Zeče - Sl.Konjice2885512.04.501.06.2026 11:35:00Normalen promet,Zeče - Sl.Konjice,288,55,12.0,4.5,01.06.2026 11:35:00,Normalen promet
R2-430,Slovenska BistricaLožnica - Slov. Bistrica348559.45.201.06.2026 11:30:00Povečan promet,Ložnica - Slov. Bistrica,348,55,9.4,5.2,01.06.2026 11:30:00,Povečan promet
R2-430,Slov. Bistrica - Ložnica300559.34.601.06.2026 11:30:00Povečan promet,Slov. Bistrica - Ložnica,300,55,9.3,4.6,01.06.2026 11:30:00,Povečan promet
R2-430,ZečeDobrava - Stranice360458.17.601.06.2026 11:35:00Normalen promet,Dobrava - Stranice,360,45,8.1,7.6,01.06.2026 11:35:00,Normalen promet
R2-430,Stranice - Dobrava2764911.15.001.06.2026 11:35:00Normalen promet,Stranice - Dobrava,276,49,11.1,5.0,01.06.2026 11:35:00,Normalen promet
R2-430,VrholeLožnica - Tepanje1085331.71.801.06.2026 11:35:00Normalen promet,Ložnica - Tepanje,108,53,31.7,1.8,01.06.2026 11:35:00,Normalen promet
R2-430,Tepanje - Ložnica725339.51.101.06.2026 11:35:00Normalen promet,Tepanje - Ložnica,72,53,39.5,1.1,01.06.2026 11:35:00,Normalen promet
R2-430,StraniceStranice - Višnja vas1685926.82.401.06.2026 11:30:00Normalen promet,Stranice - Višnja vas,168,59,26.8,2.4,01.06.2026 11:30:00,Normalen promet
R2-430,Višnja vas - Stranice1325524.81.901.06.2026 11:30:00Normalen promet,Višnja vas - Stranice,132,55,24.8,1.9,01.06.2026 11:30:00,Normalen promet
R2-430,VojnikCelje AC - Višnja vas600444.811.601.06.2026 11:35:00Povečan promet,Celje AC - Višnja vas,600,44,4.8,11.6,01.06.2026 11:35:00,Povečan promet
R2-430,Višnja vas - Celje AC564485.59.401.06.2026 11:35:00Povečan promet,Višnja vas - Celje AC,564,48,5.5,9.4,01.06.2026 11:35:00,Povečan promet
R2-430,Celje (Hudinja)Celje - Celje AC (v)492395.612.201.06.2026 11:35:00Povečan promet,Celje - Celje AC (v),492,39,5.6,12.2,01.06.2026 11:35:00,Povečan promet
R2-430,Celje - Celje AC (p)576405.411.301.06.2026 11:35:00Povečan promet,Celje - Celje AC (p),576,40,5.4,11.3,01.06.2026 11:35:00,Povečan promet
R2-430,Celje AC - Celje (v)480406.211.401.06.2026 11:35:00Povečan promet,Celje AC - Celje (v),480,40,6.2,11.4,01.06.2026 11:35:00,Povečan promet
R2-430,Celje AC - Celje (p)588445.011.701.06.2026 11:35:00Povečan promet,Celje AC - Celje (p),588,44,5.0,11.7,01.06.2026 11:35:00,Povečan promet
R2-430,RadizelFram - Slivnica2885211.84.501.06.2026 11:35:00Normalen promet,Fram - Slivnica,288,52,11.8,4.5,01.06.2026 11:35:00,Normalen promet
R2-430,Slivnica - Fram2285014.84.001.06.2026 11:35:00Normalen promet,Slivnica - Fram,228,50,14.8,4.0,01.06.2026 11:35:00,Normalen promet
R2-431,VitanjeGor. Dolič - Stranice844151.22.801.06.2026 11:30:00Normalen promet,Gor. Dolič - Stranice,84,41,51.2,2.8,01.06.2026 11:30:00,Normalen promet
R2-431,Stranice - Gor. Dolič1443122.05.501.06.2026 11:30:00Normalen promet,Stranice - Gor. Dolič,144,31,22.0,5.5,01.06.2026 11:30:00,Normalen promet
R2-432,LovrencApaški križ - Majšperk2164915.43.801.06.2026 11:35:00Normalen promet,Apaški križ - Majšperk,216,49,15.4,3.8,01.06.2026 11:35:00,Normalen promet
R2-432,Majšperk - Apaški križ2284513.54.101.06.2026 11:35:00Normalen promet,Majšperk - Apaški križ,228,45,13.5,4.1,01.06.2026 11:35:00,Normalen promet
R2-432,Kidričevo obvozniaKidricevo-Lovrenc na Drav. polju367946.80.401.06.2026 11:30:00Normalen promet,Kidricevo-Lovrenc na Drav. polju,36,79,46.8,0.4,01.06.2026 11:30:00,Normalen promet
R2-432,Lovrenc na Drav. polju-Kidričevo486989.20.801.06.2026 11:30:00Normalen promet,Lovrenc na Drav. polju-Kidričevo,48,69,89.2,0.8,01.06.2026 11:30:00,Normalen promet
R2-433,MT TrateAvstrija - Slovenija48959.54.901.06.2026 11:30:00Normalen promet,Avstrija - Slovenija,48,9,59.5,4.9,01.06.2026 11:30:00,Normalen promet
R2-433,Slovenija - Avstrija481867.62.001.06.2026 11:30:00Normalen promet,Slovenija - Avstrija,48,18,67.6,2.0,01.06.2026 11:30:00,Normalen promet
R2-433,Žerjavcikrižišče Sv. Ana - Lenart1688115.11.801.06.2026 11:35:00Normalen promet,križišče Sv. Ana - Lenart,168,81,15.1,1.8,01.06.2026 11:35:00,Normalen promet
R2-433,Lenart - križišče Sv. Ana1327329.01.401.06.2026 11:35:00Normalen promet,Lenart - križišče Sv. Ana,132,73,29.0,1.4,01.06.2026 11:35:00,Normalen promet
R2-433,Zg SenarskaLenart - Ptuj000.00.026.02.2026 12:40:00Ni podatka,Lenart - Ptuj,0,0,0.0,0.0,26.02.2026 12:40:00,Ni podatka
R2-433,Ptuj - Lenart000.00.026.02.2026 12:40:00Ni podatka,Ptuj - Lenart,0,0,0.0,0.0,26.02.2026 12:40:00,Ni podatka
R2-434,MP RadeljMP Radelj - Radlje000.00.031.05.2026 19:45:00Ni podatka,MP Radelj - Radlje,0,0,0.0,0.0,31.05.2026 19:45:00,Ni podatka
R2-434,Radlje - MP Radelj000.00.031.05.2026 19:45:00Ni podatka,Radlje - MP Radelj,0,0,0.0,0.0,31.05.2026 19:45:00,Ni podatka
R2-435,LaznicaMaribor - Ruše000.00.022.04.2026 14:30:00Ni podatka,Maribor - Ruše,0,0,0.0,0.0,22.04.2026 14:30:00,Ni podatka
R2-435,Ruše - Maribor000.00.022.04.2026 14:30:00Ni podatka,Ruše - Maribor,0,0,0.0,0.0,22.04.2026 14:30:00,Ni podatka
R2-435,SelnicaRuše - Selnica000.00.030.11.2023 00:40:00Ni podatka,Ruše - Selnica,0,0,0.0,0.0,30.11.2023 00:40:00,Ni podatka
R2-435,Selnica - Ruše000.00.030.11.2023 00:40:00Ni podatka,Selnica - Ruše,0,0,0.0,0.0,30.11.2023 00:40:00,Ni podatka
R2-436,Zgornja KungotaKungota - Maribor00999.90.001.06.2026 11:35:00Ni prometa,Kungota - Maribor,0,0,999.9,0.0,01.06.2026 11:35:00,Ni prometa
R2-436,Maribor - Kungota132027.02.701.06.2026 11:35:00Normalen promet,Maribor - Kungota,132,0,27.0,2.7,01.06.2026 11:35:00,Normalen promet
R2-436,MT JurijJurij - Zg. Kungota1254246.40.101.06.2026 11:35:00Normalen promet,Jurij - Zg. Kungota,12,54,246.4,0.1,01.06.2026 11:35:00,Normalen promet
R2-436,Zg. Kungota - Jurij2442161.50.401.06.2026 11:35:00Normalen promet,Zg. Kungota - Jurij,24,42,161.5,0.4,01.06.2026 11:35:00,Normalen promet
R2-437,RancaPesnica - Šentilj1325826.92.101.06.2026 11:30:00Normalen promet,Pesnica - Šentilj,132,58,26.9,2.1,01.06.2026 11:30:00,Normalen promet
R2-437,Šentilj-Pesnica966043.41.201.06.2026 11:30:00Normalen promet,Šentilj-Pesnica,96,60,43.4,1.2,01.06.2026 11:30:00,Normalen promet
R2-437,MT Šentilj SCMT Šentilj - Šentilj (v)1567021.11.801.06.2026 11:35:00Normalen promet,MT Šentilj - Šentilj (v),156,70,21.1,1.8,01.06.2026 11:35:00,Normalen promet
R2-437,MT Šentilj - Šentilj (p)608879.60.501.06.2026 11:35:00Normalen promet,MT Šentilj - Šentilj (p),60,88,79.6,0.5,01.06.2026 11:35:00,Normalen promet
R2-437,Šentilj - MT Šentilj (v)00999.90.001.06.2026 11:35:00Ni prometa,Šentilj - MT Šentilj (v),0,0,999.9,0.0,01.06.2026 11:35:00,Ni prometa
R2-437,Šentilj - MT Šentilj (p)2166516.62.701.06.2026 11:35:00Normalen promet,Šentilj - MT Šentilj (p),216,65,16.6,2.7,01.06.2026 11:35:00,Normalen promet
R2-438,Selnica ob MuriŠentilj - Trate1085635.12.001.06.2026 11:35:00Normalen promet,Šentilj - Trate,108,56,35.1,2.0,01.06.2026 11:35:00,Normalen promet
R2-438,Trate - Šentilj2459127.70.401.06.2026 11:35:00Normalen promet,Trate - Šentilj,24,59,127.7,0.4,01.06.2026 11:35:00,Normalen promet
R2-438,ApačeGornja Radgona - Trate965737.81.301.06.2026 11:35:00Normalen promet,Gornja Radgona - Trate,96,57,37.8,1.3,01.06.2026 11:35:00,Normalen promet
R2-438,Trate - Gornja Radgona486762.40.601.06.2026 11:35:00Normalen promet,Trate - Gornja Radgona,48,67,62.4,0.6,01.06.2026 11:35:00,Normalen promet
R2-439,RenkovciBeltinci - Dobrovnik487040.10.701.06.2026 11:30:00Normalen promet,Beltinci - Dobrovnik,48,70,40.1,0.7,01.06.2026 11:30:00,Normalen promet
R2-439,Dobrovnik - Beltinci848543.90.801.06.2026 11:30:00Normalen promet,Dobrovnik - Beltinci,84,85,43.9,0.8,01.06.2026 11:30:00,Normalen promet
R2-439,DokležovjeDokležovje - Križevci1565224.22.501.06.2026 11:35:00Normalen promet,Dokležovje - Križevci,156,52,24.2,2.5,01.06.2026 11:35:00,Normalen promet
R2-439,Križevci - Dokležovje2164614.64.801.06.2026 11:35:00Normalen promet,Križevci - Dokležovje,216,46,14.6,4.8,01.06.2026 11:35:00,Normalen promet
R2-439,KraljevciLenart - Sv. Jurij3669208.00.401.06.2026 11:35:00Normalen promet,Lenart - Sv. Jurij,36,69,208.0,0.4,01.06.2026 11:35:00,Normalen promet
R2-439,Sv. Jurij - Lenart2476325.60.301.06.2026 11:35:00Normalen promet,Sv. Jurij - Lenart,24,76,325.6,0.3,01.06.2026 11:35:00,Normalen promet
R2-439,DobrovnikDobrovnik - Renkovci365837.20.701.06.2026 11:35:00Normalen promet,Dobrovnik - Renkovci,36,58,37.2,0.7,01.06.2026 11:35:00,Normalen promet
R2-439,Renkovci - Dobrovnik126785.00.101.06.2026 11:35:00Normalen promet,Renkovci - Dobrovnik,12,67,85.0,0.1,01.06.2026 11:35:00,Normalen promet
R2-439,JamnaVidem - Žihlava1326521.31.701.06.2026 11:30:00Normalen promet,Videm - Žihlava,132,65,21.3,1.7,01.06.2026 11:30:00,Normalen promet
R2-439,Žihlava - Videm845422.71.201.06.2026 11:30:00Normalen promet,Žihlava - Videm,84,54,22.7,1.2,01.06.2026 11:30:00,Normalen promet
R2-440,CankovaCankova - Večeslavci726254.10.901.06.2026 11:30:00Normalen promet,Cankova - Večeslavci,72,62,54.1,0.9,01.06.2026 11:30:00,Normalen promet
R2-440,Večeslavci - Cankova605277.10.901.06.2026 11:30:00Normalen promet,Večeslavci - Cankova,60,52,77.1,0.9,01.06.2026 11:30:00,Normalen promet
R2-440,SodišinciGederovci - Petanjci724167.91.501.06.2026 11:35:00Normalen promet,Gederovci - Petanjci,72,41,67.9,1.5,01.06.2026 11:35:00,Normalen promet
R2-440,Petanjci - Gederovci363190.41.401.06.2026 11:35:00Normalen promet,Petanjci - Gederovci,36,31,90.4,1.4,01.06.2026 11:35:00,Normalen promet
R2-440,MP KuzmaCankova - MP Kuzma3658417.20.601.06.2026 11:30:00Normalen promet,Cankova - MP Kuzma,36,58,417.2,0.6,01.06.2026 11:30:00,Normalen promet
R2-440,MP Kuzma - Cankova2453170.80.401.06.2026 11:30:00Normalen promet,MP Kuzma - Cankova,24,53,170.8,0.4,01.06.2026 11:30:00,Normalen promet
R2-440,Sveti JurijCankova - Kuzma000.00.013.04.2026 22:10:00Ni podatka,Cankova - Kuzma,0,0,0.0,0.0,13.04.2026 22:10:00,Ni podatka
R2-440,Kuzma - Cankova000.00.013.04.2026 22:10:00Ni podatka,Kuzma - Cankova,0,0,0.0,0.0,13.04.2026 22:10:00,Ni podatka
R2-440,SkakovciCankova - Gederovci365080.00.501.06.2026 11:30:00Normalen promet,Cankova - Gederovci,36,50,80.0,0.5,01.06.2026 11:30:00,Normalen promet
R2-440,Gederovci - Cankova845430.91.201.06.2026 11:30:00Normalen promet,Gederovci - Cankova,84,54,30.9,1.2,01.06.2026 11:30:00,Normalen promet
R2-441,MP GederovciGederovci - MP Gederovci2164917.03.601.06.2026 11:35:00Normalen promet,Gederovci - MP Gederovci,216,49,17.0,3.6,01.06.2026 11:35:00,Normalen promet
R2-441,MP Gederovci - Gederovci1204923.52.001.06.2026 11:35:00Normalen promet,MP Gederovci - Gederovci,120,49,23.5,2.0,01.06.2026 11:35:00,Normalen promet
R2-441,GederovciGederovci - Veščica1684420.93.101.06.2026 11:35:00Normalen promet,Gederovci - Veščica,168,44,20.9,3.1,01.06.2026 11:35:00,Normalen promet
R2-441,Veščica - Gederovci2044616.93.601.06.2026 11:35:00Normalen promet,Veščica - Gederovci,204,46,16.9,3.6,01.06.2026 11:35:00,Normalen promet
R2-441,ČernelavciMurska Sobota - Veščica3004910.94.701.06.2026 11:35:00Normalen promet,Murska Sobota - Veščica,300,49,10.9,4.7,01.06.2026 11:35:00,Normalen promet
R2-441,Veščica - Murska Sobota360539.35.301.06.2026 11:35:00Normalen promet,Veščica - Murska Sobota,360,53,9.3,5.3,01.06.2026 11:35:00,Normalen promet
R2-442,MostjeDobrovnik - rondo Dolga vas604458.61.001.06.2026 11:30:00Normalen promet,Dobrovnik - rondo Dolga vas,60,44,58.6,1.0,01.06.2026 11:30:00,Normalen promet
R2-442,rondo Dolga vas - Dobrovnik844650.31.401.06.2026 11:30:00Normalen promet,rondo Dolga vas - Dobrovnik,84,46,50.3,1.4,01.06.2026 11:30:00,Normalen promet
R2-442,MartjanciM.Sobota - Moravske Toplice2765810.94.001.06.2026 11:35:00Normalen promet,M.Sobota - Moravske Toplice,276,58,10.9,4.0,01.06.2026 11:35:00,Normalen promet
R2-442,Moravske Toplice - M.Sobota3125711.25.001.06.2026 11:35:00Normalen promet,Moravske Toplice - M.Sobota,312,57,11.2,5.0,01.06.2026 11:35:00,Normalen promet
R2-442,FilovciDobrovnik - Martjanci606050.80.701.06.2026 11:35:00Normalen promet,Dobrovnik - Martjanci,60,60,50.8,0.7,01.06.2026 11:35:00,Normalen promet
R2-442,Martjanci - Dobrovnik367452.10.301.06.2026 11:35:00Normalen promet,Martjanci - Dobrovnik,36,74,52.1,0.3,01.06.2026 11:35:00,Normalen promet
R2-443,LipovciBratonci - Lipovci588425.313.501.06.2026 11:35:00Povečan promet,Bratonci - Lipovci,588,42,5.3,13.5,01.06.2026 11:35:00,Povečan promet
R2-443,Lipovci - Bratonci468637.16.101.06.2026 11:35:00Normalen promet,Lipovci - Bratonci,468,63,7.1,6.1,01.06.2026 11:35:00,Normalen promet
R2-443,MP PinceLendava - Madžarska1273510.80.101.06.2026 11:30:00Normalen promet,Lendava - Madžarska,12,73,510.8,0.1,01.06.2026 11:30:00,Normalen promet
R2-443,Madžarska - Lendava3657105.30.601.06.2026 11:30:00Normalen promet,Madžarska - Lendava,36,57,105.3,0.6,01.06.2026 11:30:00,Normalen promet
R2-443,OdranciBeltinci - Črenšovci725045.61.101.06.2026 11:35:00Normalen promet,Beltinci - Črenšovci,72,50,45.6,1.1,01.06.2026 11:35:00,Normalen promet
R2-443,Črenšovci - Beltinci1564921.12.701.06.2026 11:35:00Normalen promet,Črenšovci - Beltinci,156,49,21.1,2.7,01.06.2026 11:35:00,Normalen promet
R2-443,HotizaČrenšovci - Dolnji Lakoš606335.90.801.06.2026 11:35:00Normalen promet,Črenšovci - Dolnji Lakoš,60,63,35.9,0.8,01.06.2026 11:35:00,Normalen promet
R2-443,Dolnji Lakoš - Črenšovci1325423.82.001.06.2026 11:35:00Normalen promet,Dolnji Lakoš - Črenšovci,132,54,23.8,2.0,01.06.2026 11:35:00,Normalen promet
R2-443,LendavaDol. Lakoš - Lendava1206735.91.801.06.2026 11:30:00Normalen promet,Dol. Lakoš - Lendava,120,67,35.9,1.8,01.06.2026 11:30:00,Normalen promet
R2-443,Lendava - Dol. Lakoš846837.81.001.06.2026 11:30:00Normalen promet,Lendava - Dol. Lakoš,84,68,37.8,1.0,01.06.2026 11:30:00,Normalen promet
R2-444,Rožna dolinaNova Gorica - Selo1325824.31.801.06.2026 11:35:00Normalen promet,Nova Gorica - Selo,132,58,24.3,1.8,01.06.2026 11:35:00,Normalen promet
R2-444,Selo - Nova Gorica1565627.52.401.06.2026 11:35:00Normalen promet,Selo - Nova Gorica,156,56,27.5,2.4,01.06.2026 11:35:00,Normalen promet
R2-444,Log pri VipaviAjdovščina - Vipava1804817.72.901.06.2026 11:35:00Normalen promet,Ajdovščina - Vipava,180,48,17.7,2.9,01.06.2026 11:35:00,Normalen promet
R2-444,Vipava - Ajdovščina2165116.03.901.06.2026 11:35:00Normalen promet,Vipava - Ajdovščina,216,51,16.0,3.9,01.06.2026 11:35:00,Normalen promet
R2-444,PodgričPodnanos - Razdrto2443248.80.401.06.2026 11:40:00Normalen promet,Podnanos - Razdrto,24,43,248.8,0.4,01.06.2026 11:40:00,Normalen promet
R2-444,Razdrto - Podnanos364452.50.801.06.2026 11:40:00Normalen promet,Razdrto - Podnanos,36,44,52.5,0.8,01.06.2026 11:40:00,Normalen promet
R2-444,MT Rožna dolinaNova Gorica - Rožna dolina3003310.97.101.06.2026 11:30:00Normalen promet,Nova Gorica - Rožna dolina,300,33,10.9,7.1,01.06.2026 11:30:00,Normalen promet
R2-444,Rožna dolina -Nova Gorica348359.97.401.06.2026 11:30:00Normalen promet,Rožna dolina -Nova Gorica,348,35,9.9,7.4,01.06.2026 11:30:00,Normalen promet
R2-444,Ajdovščina 2Ajdovščina - Selo3365810.55.001.06.2026 11:35:00Normalen promet,Ajdovščina - Selo,336,58,10.5,5.0,01.06.2026 11:35:00,Normalen promet
R2-444,Ajdovščina - Selo2045917.12.801.06.2026 11:35:00Normalen promet,Ajdovščina - Selo,204,59,17.1,2.8,01.06.2026 11:35:00,Normalen promet
R2-444,Tri hišeAjševica - Ozeljan2766312.04.101.06.2026 11:35:00Normalen promet,Ajševica - Ozeljan,276,63,12.0,4.1,01.06.2026 11:35:00,Normalen promet
R2-444,Ozeljan - Ajševica408648.35.401.06.2026 11:35:00Normalen promet,Ozeljan - Ajševica,408,64,8.3,5.4,01.06.2026 11:35:00,Normalen promet
R2-444,Gradišče pri VipaviManče - Vipava967432.91.001.06.2026 11:30:00Normalen promet,Manče - Vipava,96,74,32.9,1.0,01.06.2026 11:30:00,Normalen promet
R2-444,Vipava - Manče2046516.83.001.06.2026 11:30:00Normalen promet,Vipava - Manče,204,65,16.8,3.0,01.06.2026 11:30:00,Normalen promet
R2-444,OzeljanSelo - Tri hiše1805519.42.801.06.2026 11:30:00Normalen promet,Selo - Tri hiše,180,55,19.4,2.8,01.06.2026 11:30:00,Normalen promet
R2-444,Tri hiše - Selo2045216.13.301.06.2026 11:30:00Normalen promet,Tri hiše - Selo,204,52,16.1,3.3,01.06.2026 11:30:00,Normalen promet
R2-445,SenadoličeSenožeče - Sežana967872.41.001.06.2026 11:25:00Normalen promet,Senožeče - Sežana,96,78,72.4,1.0,01.06.2026 11:25:00,Normalen promet
R2-445,Sežana - Senožeče847840.40.801.06.2026 11:25:00Normalen promet,Sežana - Senožeče,84,78,40.4,0.8,01.06.2026 11:25:00,Normalen promet
R2-445,ŠtorjeSenožeče - Sežana848722.40.701.06.2026 11:30:00Normalen promet,Senožeče - Sežana,84,87,22.4,0.7,01.06.2026 11:30:00,Normalen promet
R2-445,Sežana - Senožeče489364.20.401.06.2026 11:30:00Normalen promet,Sežana - Senožeče,48,93,64.2,0.4,01.06.2026 11:30:00,Normalen promet
R2-445,Sežana 3Fernetiči - Sežana600355.113.901.06.2026 11:30:00Povečan promet,Fernetiči - Sežana,600,35,5.1,13.9,01.06.2026 11:30:00,Povečan promet
R2-445,Sežana - Fernetiči528375.512.301.06.2026 11:30:00Povečan promet,Sežana - Fernetiči,528,37,5.5,12.3,01.06.2026 11:30:00,Povečan promet
R2-446,SežanaDivača - Sežana1444424.12.601.06.2026 11:30:00Normalen promet,Divača - Sežana,144,44,24.1,2.6,01.06.2026 11:30:00,Normalen promet
R2-446,Sežana - Divača725054.81.201.06.2026 11:30:00Normalen promet,Sežana - Divača,72,50,54.8,1.2,01.06.2026 11:30:00,Normalen promet
R2-447,ŠentvidLukovica - Želodnik1684820.53.001.06.2026 11:30:00Normalen promet,Lukovica - Želodnik,168,48,20.5,3.0,01.06.2026 11:30:00,Normalen promet
R2-447,Želodnik - Lukovica964834.21.601.06.2026 11:30:00Normalen promet,Želodnik - Lukovica,96,48,34.2,1.6,01.06.2026 11:30:00,Normalen promet
R2-447,Depala vasDomžale - Trzin684644.79.301.06.2026 11:35:00Povečan promet,Domžale - Trzin,684,64,4.7,9.3,01.06.2026 11:35:00,Povečan promet
R2-447,Trzin - Domžale624675.08.501.06.2026 11:35:00Povečan promet,Trzin - Domžale,624,67,5.0,8.5,01.06.2026 11:35:00,Povečan promet
R2-447,ŠempeterŠempeter - Vrbensko polje528555.88.301.06.2026 11:35:00Povečan promet,Šempeter - Vrbensko polje,528,55,5.8,8.3,01.06.2026 11:35:00,Povečan promet
R2-447,Vrbensko polje - Šempeter504496.29.101.06.2026 11:35:00Povečan promet,Vrbensko polje - Šempeter,504,49,6.2,9.1,01.06.2026 11:35:00,Povečan promet
R2-447,ŽelodnikDomžale - Želodnik408547.77.101.06.2026 11:35:00Normalen promet,Domžale - Želodnik,408,54,7.7,7.1,01.06.2026 11:35:00,Normalen promet
R2-447,Želodnik - Domžale480496.98.701.06.2026 11:35:00Povečan promet,Želodnik - Domžale,480,49,6.9,8.7,01.06.2026 11:35:00,Povečan promet
R2-447,TaborŠentrupert - Vransko1565822.52.301.06.2026 11:35:00Normalen promet,Šentrupert - Vransko,156,58,22.5,2.3,01.06.2026 11:35:00,Normalen promet
R2-447,Vransko - Šentrupert1567125.31.901.06.2026 11:35:00Normalen promet,Vransko - Šentrupert,156,71,25.3,1.9,01.06.2026 11:35:00,Normalen promet
R2-447,Trojane 2Ločica - Trojane846059.31.301.06.2026 11:30:00Normalen promet,Ločica - Trojane,84,60,59.3,1.3,01.06.2026 11:30:00,Normalen promet
R2-447,Trojane - Ločica966147.51.401.06.2026 11:30:00Normalen promet,Trojane - Ločica,96,61,47.5,1.4,01.06.2026 11:30:00,Normalen promet
R2-447,TrojaneLukovica - Trojane3664131.80.501.06.2026 11:35:00Normalen promet,Lukovica - Trojane,36,64,131.8,0.5,01.06.2026 11:35:00,Normalen promet
R2-447,Trojane - Lukovica726066.40.801.06.2026 11:35:00Normalen promet,Trojane - Lukovica,72,60,66.4,0.8,01.06.2026 11:35:00,Normalen promet
R2-447,Žalec (Tuš)Šempeter - Žalec516496.08.801.06.2026 11:35:00Povečan promet,Šempeter - Žalec,516,49,6.0,8.8,01.06.2026 11:35:00,Povečan promet
R2-447,Zalec - Šempeter516566.48.401.06.2026 11:35:00Povečan promet,Zalec - Šempeter,516,56,6.4,8.4,01.06.2026 11:35:00,Povečan promet
R2-447,VranskoLočica - Vransko965832.31.401.06.2026 11:35:00Normalen promet,Ločica - Vransko,96,58,32.3,1.4,01.06.2026 11:35:00,Normalen promet
R2-447,Vransko - Ločica1086731.71.601.06.2026 11:35:00Normalen promet,Vransko - Ločica,108,67,31.7,1.6,01.06.2026 11:35:00,Normalen promet
R2-447,DomžaleDomžale - Trzin492537.17.601.06.2026 11:35:00Normalen promet,Domžale - Trzin,492,53,7.1,7.6,01.06.2026 11:35:00,Normalen promet
R2-447,Trzin - Domžale420517.27.701.06.2026 11:35:00Normalen promet,Trzin - Domžale,420,51,7.2,7.7,01.06.2026 11:35:00,Normalen promet
R2-448,KarteljevoPriklj. NM zahod - Sentjurij1805920.42.801.06.2026 11:35:00Normalen promet,Priklj. NM zahod - Sentjurij,180,59,20.4,2.8,01.06.2026 11:35:00,Normalen promet
R2-448,Šentjurij - priklj. NM Zahod1446720.51.701.06.2026 11:35:00Normalen promet,Šentjurij - priklj. NM Zahod,144,67,20.5,1.7,01.06.2026 11:35:00,Normalen promet
R2-448,OtočecLešnica - Otočec2287715.32.401.06.2026 11:35:00Normalen promet,Lešnica - Otočec,228,77,15.3,2.4,01.06.2026 11:35:00,Normalen promet
R2-448,Otočec - Lešnica3008311.52.701.06.2026 11:35:00Normalen promet,Otočec - Lešnica,300,83,11.5,2.7,01.06.2026 11:35:00,Normalen promet
R2-448,Trebnje 2Priklj. Trebnje zahod - Trebnje1927318.02.201.06.2026 11:35:00Normalen promet,Priklj. Trebnje zahod - Trebnje,192,73,18.0,2.2,01.06.2026 11:35:00,Normalen promet
R2-448,Trebnje - Priklj. Trebnje zahod1807419.42.601.06.2026 11:35:00Normalen promet,Trebnje - Priklj. Trebnje zahod,180,74,19.4,2.6,01.06.2026 11:35:00,Normalen promet
R2-448,Mačkovec 2Mačkovec - NM Ločna2405012.04.001.06.2026 11:35:00Normalen promet,Mačkovec - NM Ločna,240,50,12.0,4.0,01.06.2026 11:35:00,Normalen promet
R2-448,NM Ločna - Mačkovec384538.76.301.06.2026 11:35:00Normalen promet,NM Ločna - Mačkovec,384,53,8.7,6.3,01.06.2026 11:35:00,Normalen promet
R2-448,TrebnjeNovo Mesto - Trebnje1208329.41.401.06.2026 11:30:00Normalen promet,Novo Mesto - Trebnje,120,83,29.4,1.4,01.06.2026 11:30:00,Normalen promet
R2-448,Trebnje - Novo Mesto609253.10.501.06.2026 11:30:00Normalen promet,Trebnje - Novo Mesto,60,92,53.1,0.5,01.06.2026 11:30:00,Normalen promet
R2-448,DragaDolenje Kronovo - Gor. Gomila1324723.72.901.06.2026 11:35:00Normalen promet,Dolenje Kronovo - Gor. Gomila,132,47,23.7,2.9,01.06.2026 11:35:00,Normalen promet
R2-448,Gor. Gomila - Dolenje Kronovo1565525.82.301.06.2026 11:35:00Normalen promet,Gor. Gomila - Dolenje Kronovo,156,55,25.8,2.3,01.06.2026 11:35:00,Normalen promet
R2-448,Gorenje KronovoKronovo - Otočec2167117.42.501.06.2026 11:30:00Normalen promet,Kronovo - Otočec,216,71,17.4,2.5,01.06.2026 11:30:00,Normalen promet
R2-448,Otočec - Kronovo1447122.81.701.06.2026 11:30:00Normalen promet,Otočec - Kronovo,144,71,22.8,1.7,01.06.2026 11:30:00,Normalen promet
R2-448,MačkovecLešnica - Mačkovec3007011.44.101.06.2026 11:35:00Normalen promet,Lešnica - Mačkovec,300,70,11.4,4.1,01.06.2026 11:35:00,Normalen promet
R2-448,Mačkovec - Lešnica2767813.02.901.06.2026 11:35:00Normalen promet,Mačkovec - Lešnica,276,78,13.0,2.9,01.06.2026 11:35:00,Normalen promet
R2-449,LenartLenart - Priključek Lenart3245010.75.401.06.2026 11:30:00Normalen promet,Lenart - Priključek Lenart,324,50,10.7,5.4,01.06.2026 11:30:00,Normalen promet
R2-449,Priključek Lenart - Lenart372468.87.301.06.2026 11:30:00Normalen promet,Priključek Lenart - Lenart,372,46,8.8,7.3,01.06.2026 11:30:00,Normalen promet
R2-449,Podgrad pri G. RadgoniG. Radgona - Podgrad384499.36.901.06.2026 11:30:00Normalen promet,G. Radgona - Podgrad,384,49,9.3,6.9,01.06.2026 11:30:00,Normalen promet
R2-449,Podgrad - G. Radgona360488.86.001.06.2026 11:30:00Normalen promet,Podgrad - G. Radgona,360,48,8.8,6.0,01.06.2026 11:30:00,Normalen promet
R2-449,MočnaLenart - Pesnica966442.61.201.06.2026 11:35:00Normalen promet,Lenart - Pesnica,96,64,42.6,1.2,01.06.2026 11:35:00,Normalen promet
R2-449,Pesnica - Lenart607561.60.601.06.2026 11:35:00Normalen promet,Pesnica - Lenart,60,75,61.6,0.6,01.06.2026 11:35:00,Normalen promet
R2-449,IhovaGornja Radgona - Lenart1686221.12.201.06.2026 11:30:00Normalen promet,Gornja Radgona - Lenart,168,62,21.1,2.2,01.06.2026 11:30:00,Normalen promet
R2-449,Lenart - Gornja Radgona1927119.83.001.06.2026 11:30:00Normalen promet,Lenart - Gornja Radgona,192,71,19.8,3.0,01.06.2026 11:30:00,Normalen promet
R2-450,RogozaAC priklj. Rogoza - Hoče2885711.34.501.06.2026 11:35:00Normalen promet,AC priklj. Rogoza - Hoče,288,57,11.3,4.5,01.06.2026 11:35:00,Normalen promet
R2-450,Hoče - AC priklj. Rogoza444607.77.101.06.2026 11:35:00Normalen promet,Hoče - AC priklj. Rogoza,444,60,7.7,7.1,01.06.2026 11:35:00,Normalen promet
R2-451,ŽalecArja vas - Žalec1688518.62.301.06.2026 11:35:00Normalen promet,Arja vas - Žalec,168,85,18.6,2.3,01.06.2026 11:35:00,Normalen promet
R2-451,Žalec - Arja vas3247310.64.001.06.2026 11:35:00Normalen promet,Žalec - Arja vas,324,73,10.6,4.0,01.06.2026 11:35:00,Normalen promet
R2-452,Jesenice zahodHrušica - Plavž336707.93.901.06.2026 11:35:00Normalen promet,Hrušica - Plavž,336,70,7.9,3.9,01.06.2026 11:35:00,Normalen promet
R2-452,Plavž - Hrušica396698.34.301.06.2026 11:35:00Normalen promet,Plavž - Hrušica,396,69,8.3,4.3,01.06.2026 11:35:00,Normalen promet
R2-452,Slovenski JavornikJesenice - Sl. Javornik516506.38.301.06.2026 11:35:00Povečan promet,Jesenice - Sl. Javornik,516,50,6.3,8.3,01.06.2026 11:35:00,Povečan promet
R2-452,Sl. Javornik - Jesenice720474.512.801.06.2026 11:35:00Povečan promet,Sl. Javornik - Jesenice,720,47,4.5,12.8,01.06.2026 11:35:00,Povečan promet
R2-452,VrbaLesce - Žirovnica2528112.72.401.06.2026 11:35:00Normalen promet,Lesce - Žirovnica,252,81,12.7,2.4,01.06.2026 11:35:00,Normalen promet
R2-452,Žirovnica - Lesce2648113.72.501.06.2026 11:35:00Normalen promet,Žirovnica - Lesce,264,81,13.7,2.5,01.06.2026 11:35:00,Normalen promet
R2-452,Moste pri ŽirovniciJavornik - Žirovnica1686820.41.801.06.2026 11:35:00Normalen promet,Javornik - Žirovnica,168,68,20.4,1.8,01.06.2026 11:35:00,Normalen promet
R2-452,Žirovnica - Javornik2167015.42.601.06.2026 11:35:00Normalen promet,Žirovnica - Javornik,216,70,15.4,2.6,01.06.2026 11:35:00,Normalen promet
R2-452,RadovljicaKranj - Lesce3486410.14.401.06.2026 11:35:00Normalen promet,Kranj - Lesce,348,64,10.1,4.4,01.06.2026 11:35:00,Normalen promet
R2-452,Lesce - Kranj360569.45.201.06.2026 11:35:00Normalen promet,Lesce - Kranj,360,56,9.4,5.2,01.06.2026 11:35:00,Normalen promet
R2-452,Radovljica 2Kranj - Lesce846946.00.901.06.2026 11:30:00Normalen promet,Kranj - Lesce,84,69,46.0,0.9,01.06.2026 11:30:00,Normalen promet
R2-452,Lesce - Kranj1327424.31.601.06.2026 11:30:00Normalen promet,Lesce - Kranj,132,74,24.3,1.6,01.06.2026 11:30:00,Normalen promet
R2-454,Miklavž severMaribor - Miklavž420559.56.001.06.2026 11:35:00Povečan promet,Maribor - Miklavž,420,55,9.5,6.0,01.06.2026 11:35:00,Povečan promet
R2-454,Miklavž - Maribor444547.47.501.06.2026 11:35:00Povečan promet,Miklavž - Maribor,444,54,7.4,7.5,01.06.2026 11:35:00,Povečan promet
R2-454,StaršeHajdina - Miklavž1445724.62.101.06.2026 11:35:00Normalen promet,Hajdina - Miklavž,144,57,24.6,2.1,01.06.2026 11:35:00,Normalen promet
R2-454,Miklavž - Hajdnina1445222.82.301.06.2026 11:35:00Normalen promet,Miklavž - Hajdnina,144,52,22.8,2.3,01.06.2026 11:35:00,Normalen promet
R2-454,Zgornja HajdinaHajdina - priključek Hajdina2645513.24.001.06.2026 11:35:00Normalen promet,Hajdina - priključek Hajdina,264,55,13.2,4.0,01.06.2026 11:35:00,Normalen promet
R2-454,priključek Hajdina - Hajdina336599.84.801.06.2026 11:35:00Normalen promet,priključek Hajdina - Hajdina,336,59,9.8,4.8,01.06.2026 11:35:00,Normalen promet
R2-454,PobrežjeLancova vas - Turnišče2444241.10.401.06.2026 11:35:00Normalen promet,Lancova vas - Turnišče,24,44,241.1,0.4,01.06.2026 11:35:00,Normalen promet
R2-454,Turnišče - Lancova vas486558.70.601.06.2026 11:35:00Normalen promet,Turnišče - Lancova vas,48,65,58.7,0.6,01.06.2026 11:35:00,Normalen promet
R3-608,Solkan 2Grgar - Solkan1323616.53.001.06.2026 11:35:00Normalen promet,Grgar - Solkan,132,36,16.5,3.0,01.06.2026 11:35:00,Normalen promet
R3-608,Solkan - Grgar964038.42.001.06.2026 11:35:00Normalen promet,Solkan - Grgar,96,40,38.4,2.0,01.06.2026 11:35:00,Normalen promet
R3-611,BatujeDornberk - Selo3644107.30.901.06.2026 11:30:00Normalen promet,Dornberk - Selo,36,44,107.3,0.9,01.06.2026 11:30:00,Normalen promet
R3-611,Selo - Dornberk604454.81.501.06.2026 11:30:00Normalen promet,Selo - Dornberk,60,44,54.8,1.5,01.06.2026 11:30:00,Normalen promet
R3-613,KromberkAjševica - Kromberk456637.86.001.06.2026 11:35:00Normalen promet,Ajševica - Kromberk,456,63,7.8,6.0,01.06.2026 11:35:00,Normalen promet
R3-613,Kromberk - Ajševica456637.65.901.06.2026 11:35:00Normalen promet,Kromberk - Ajševica,456,63,7.6,5.9,01.06.2026 11:35:00,Normalen promet
R3-614,KostanjevicaKomen - Miren3650109.50.501.06.2026 11:35:00Normalen promet,Komen - Miren,36,50,109.5,0.5,01.06.2026 11:35:00,Normalen promet
R3-614,Miren - Komen2448224.40.301.06.2026 11:35:00Normalen promet,Miren - Komen,24,48,224.4,0.3,01.06.2026 11:35:00,Normalen promet
R3-614,TomačevicaKomen - Štanjel2448112.50.301.06.2026 11:35:00Normalen promet,Komen - Štanjel,24,48,112.5,0.3,01.06.2026 11:35:00,Normalen promet
R3-614,Štanjel - Komen3641150.70.701.06.2026 11:35:00Normalen promet,Štanjel - Komen,36,41,150.7,0.7,01.06.2026 11:35:00,Normalen promet
R3-614,MančeManče - Štanjel1247211.00.201.06.2026 11:35:00Normalen promet,Manče - Štanjel,12,47,211.0,0.2,01.06.2026 11:35:00,Normalen promet
R3-614,Štanjel - Manče2448135.80.301.06.2026 11:35:00Normalen promet,Štanjel - Manče,24,48,135.8,0.3,01.06.2026 11:35:00,Normalen promet
R3-614,MirenGornji Miren - Miren2525612.73.701.06.2026 11:35:00Normalen promet,Gornji Miren - Miren,252,56,12.7,3.7,01.06.2026 11:35:00,Normalen promet
R3-614,Miren - Gornji Miren965929.61.401.06.2026 11:35:00Normalen promet,Miren - Gornji Miren,96,59,29.6,1.4,01.06.2026 11:35:00,Normalen promet
R3-614,VrtojbaD. Vrtojba - Gornji Miren2406714.92.801.06.2026 11:30:00Normalen promet,D. Vrtojba - Gornji Miren,240,67,14.9,2.8,01.06.2026 11:30:00,Normalen promet
R3-614,Gornji Miren - D. Vrtojba2886711.83.601.06.2026 11:30:00Normalen promet,Gornji Miren - D. Vrtojba,288,67,11.8,3.6,01.06.2026 11:30:00,Normalen promet
R3-615,VogrskoPriključek Vogrsko - Tri Hiše1926219.12.901.06.2026 11:35:00Normalen promet,Priključek Vogrsko - Tri Hiše,192,62,19.1,2.9,01.06.2026 11:35:00,Normalen promet
R3-615,Tri Hiše - Priključek Vogrsko1446525.82.301.06.2026 11:35:00Normalen promet,Tri Hiše - Priključek Vogrsko,144,65,25.8,2.3,01.06.2026 11:35:00,Normalen promet
R3-615,Vogrsko 2Tri hiše - Volčja Draga727251.10.801.06.2026 11:35:00Normalen promet,Tri hiše - Volčja Draga,72,72,51.1,0.8,01.06.2026 11:35:00,Normalen promet
R3-615,Volčja Draga - Tri hiše1087333.81.301.06.2026 11:35:00Normalen promet,Volčja Draga - Tri hiše,108,73,33.8,1.3,01.06.2026 11:35:00,Normalen promet
R3-617,KomenGorjansko - Komen604559.91.001.06.2026 11:35:00Normalen promet,Gorjansko - Komen,60,45,59.9,1.0,01.06.2026 11:35:00,Normalen promet
R3-617,Komen - Gorjansko844337.61.601.06.2026 11:35:00Normalen promet,Komen - Gorjansko,84,43,37.6,1.6,01.06.2026 11:35:00,Normalen promet
R3-619,Dol pri VogljahDutovlje - Repentabor1234286.00.201.06.2026 11:35:00Normalen promet,Dutovlje - Repentabor,12,34,286.0,0.2,01.06.2026 11:35:00,Normalen promet
R3-619,Repentabor - Dutovlje606270.50.701.06.2026 11:35:00Normalen promet,Repentabor - Dutovlje,60,62,70.5,0.7,01.06.2026 11:35:00,Normalen promet
R3-620,KazljeŠtanjel - Štorje605236.80.801.06.2026 11:35:00Normalen promet,Štanjel - Štorje,60,52,36.8,0.8,01.06.2026 11:35:00,Normalen promet
R3-620,Štorje - Štanjel3659119.80.401.06.2026 11:35:00Normalen promet,Štorje - Štanjel,36,59,119.8,0.4,01.06.2026 11:35:00,Normalen promet
R3-621,HrušicaCol - Kalce2452189.60.301.06.2026 11:30:00Normalen promet,Col - Kalce,24,52,189.6,0.3,01.06.2026 11:30:00,Normalen promet
R3-621,Kalce - Col965226.91.401.06.2026 11:30:00Normalen promet,Kalce - Col,96,52,26.9,1.4,01.06.2026 11:30:00,Normalen promet
R3-625,VrtineBertoki - Sv. Anton1325025.42.201.06.2026 11:30:00Normalen promet,Bertoki - Sv. Anton,132,50,25.4,2.2,01.06.2026 11:30:00,Normalen promet
R3-625,Sv. Anton - Bertoki2644712.95.301.06.2026 11:30:00Normalen promet,Sv. Anton - Bertoki,264,47,12.9,5.3,01.06.2026 11:30:00,Normalen promet
R3-627,GabrovicaČrni Kal - Osp1240183.20.301.06.2026 11:30:00Normalen promet,Črni Kal - Osp,12,40,183.2,0.3,01.06.2026 11:30:00,Normalen promet
R3-627,Osp - Črni Kal2438308.30.401.06.2026 11:30:00Normalen promet,Osp - Črni Kal,24,38,308.3,0.4,01.06.2026 11:30:00,Normalen promet
R3-628,DragonjaDragonja - Sečovlje609263.10.501.06.2026 11:30:00Normalen promet,Dragonja - Sečovlje,60,92,63.1,0.5,01.06.2026 11:30:00,Normalen promet
R3-628,Sečovlje - Dragonja1567522.91.901.06.2026 11:30:00Normalen promet,Sečovlje - Dragonja,156,75,22.9,1.9,01.06.2026 11:30:00,Normalen promet
R3-629,Beli KrižPiran - Beli Križ - Valeta2884113.05.501.06.2026 11:30:00Normalen promet,Piran - Beli Križ - Valeta,288,41,13.0,5.5,01.06.2026 11:30:00,Normalen promet
R3-629,Valeta - Beli Križ - Piran2163914.64.701.06.2026 11:30:00Normalen promet,Valeta - Beli Križ - Piran,216,39,14.6,4.7,01.06.2026 11:30:00,Normalen promet
R3-632,VrbovoIlirska Bistrica - Zabiče367194.50.401.06.2026 11:35:00Normalen promet,Ilirska Bistrica - Zabiče,36,71,94.5,0.4,01.06.2026 11:35:00,Normalen promet
R3-632,Zabiče - Ilirska Bistrica364779.70.401.06.2026 11:35:00Normalen promet,Zabiče - Ilirska Bistrica,36,47,79.7,0.4,01.06.2026 11:35:00,Normalen promet
R3-633,Srednja vasJereka - Jezero1083360.73.001.06.2026 11:35:00Normalen promet,Jereka - Jezero,108,33,60.7,3.0,01.06.2026 11:35:00,Normalen promet
R3-633,Jezero - Jereka603950.01.201.06.2026 11:35:00Normalen promet,Jezero - Jereka,60,39,50.0,1.2,01.06.2026 11:35:00,Normalen promet
R3-634,Spodnje GorjeBled - Gorje156297.94.601.06.2026 11:35:00Normalen promet,Bled - Gorje,156,29,7.9,4.6,01.06.2026 11:35:00,Normalen promet
R3-634,Gorje - Bled1323814.42.401.06.2026 11:35:00Normalen promet,Gorje - Bled,132,38,14.4,2.4,01.06.2026 11:35:00,Normalen promet
R3-634,KočnaBled - Jesenice1205536.41.801.06.2026 11:30:00Normalen promet,Bled - Jesenice,120,55,36.4,1.8,01.06.2026 11:30:00,Normalen promet
R3-634,Jesenice - Bled1445323.72.001.06.2026 11:30:00Normalen promet,Jesenice - Bled,144,53,23.7,2.0,01.06.2026 11:30:00,Normalen promet
R3-635,Kamna GoricaLesce - Naklo846731.21.001.06.2026 11:35:00Normalen promet,Lesce - Naklo,84,67,31.2,1.0,01.06.2026 11:35:00,Normalen promet
R3-635,Naklo-Lesce727359.10.801.06.2026 11:35:00Normalen promet,Naklo-Lesce,72,73,59.1,0.8,01.06.2026 11:35:00,Normalen promet
R3-636,PodtaborPodtabor - Zvirče1204836.12.201.06.2026 11:30:00Normalen promet,Podtabor - Zvirče,120,48,36.1,2.2,01.06.2026 11:30:00,Normalen promet
R3-636,Zvirče - Podtabor1084730.71.901.06.2026 11:30:00Normalen promet,Zvirče - Podtabor,108,47,30.7,1.9,01.06.2026 11:30:00,Normalen promet
R3-638,ZabreznicaBegunje - Žirovnica1444123.82.801.06.2026 11:25:00Normalen promet,Begunje - Žirovnica,144,41,23.8,2.8,01.06.2026 11:25:00,Normalen promet
R3-638,Žirovnica - Begunje1323737.82.701.06.2026 11:25:00Normalen promet,Žirovnica - Begunje,132,37,37.8,2.7,01.06.2026 11:25:00,Normalen promet
R3-639,PovodjeŠmartno - Vodice485673.50.901.06.2026 11:35:00Normalen promet,Šmartno - Vodice,48,56,73.5,0.9,01.06.2026 11:35:00,Normalen promet
R3-639,Vodice - Šmartno606259.80.801.06.2026 11:35:00Normalen promet,Vodice - Šmartno,60,62,59.8,0.8,01.06.2026 11:35:00,Normalen promet
R3-639,LJ TacenLJ Šentvid - LJ Šmartno456437.58.801.06.2026 11:35:00Normalen promet,LJ Šentvid - LJ Šmartno,456,43,7.5,8.8,01.06.2026 11:35:00,Normalen promet
R3-639,LJ Šmartno - LJ Šentvid348419.67.501.06.2026 11:35:00Normalen promet,LJ Šmartno - LJ Šentvid,348,41,9.6,7.5,01.06.2026 11:35:00,Normalen promet
R3-639,VodiceSp. Brnik - Vodice1563914.43.201.06.2026 11:35:00Normalen promet,Sp. Brnik - Vodice,156,39,14.4,3.2,01.06.2026 11:35:00,Normalen promet
R3-639,Vodice - Sp. Brnik1444228.13.001.06.2026 11:35:00Normalen promet,Vodice - Sp. Brnik,144,42,28.1,3.0,01.06.2026 11:35:00,Normalen promet
R3-639,Zgornji BrnikCerklje - Sp. Brnik1325726.01.801.06.2026 11:30:00Normalen promet,Cerklje - Sp. Brnik,132,57,26.0,1.8,01.06.2026 11:30:00,Normalen promet
R3-639,Sp. Brnik - Cerklje1205324.51.801.06.2026 11:30:00Normalen promet,Sp. Brnik - Cerklje,120,53,24.5,1.8,01.06.2026 11:30:00,Normalen promet
R3-640,Laze pri LogatcuLogatec - Rakek00999.90.001.06.2026 11:35:00Ni prometa,Logatec - Rakek,0,0,999.9,0.0,01.06.2026 11:35:00,Ni prometa
R3-640,Rakek - Logatec1237380.50.201.06.2026 11:35:00Normalen promet,Rakek - Logatec,12,37,380.5,0.2,01.06.2026 11:35:00,Normalen promet
R3-641,Log pri Polhovem GradcuDobrova - Polhov Gradec968868.60.901.06.2026 11:35:00Normalen promet,Dobrova - Polhov Gradec,96,88,68.6,0.9,01.06.2026 11:35:00,Normalen promet
R3-641,Polhov Gradec - Dobrova607679.80.601.06.2026 11:35:00Normalen promet,Polhov Gradec - Dobrova,60,76,79.8,0.6,01.06.2026 11:35:00,Normalen promet
R3-641,DobrovaDobrova - Ljubljana2284614.34.101.06.2026 11:35:00Normalen promet,Dobrova - Ljubljana,228,46,14.3,4.1,01.06.2026 11:35:00,Normalen promet
R3-641,Ljubljana - Dobrova2524813.64.401.06.2026 11:35:00Normalen promet,Ljubljana - Dobrova,252,48,13.6,4.4,01.06.2026 11:35:00,Normalen promet
R3-642,BorovnicaPodpeč - Vrhnika1084637.02.001.06.2026 11:35:00Normalen promet,Podpeč - Vrhnika,108,46,37.0,2.0,01.06.2026 11:35:00,Normalen promet
R3-642,Vrhnika - Podpeč1204630.82.101.06.2026 11:35:00Normalen promet,Vrhnika - Podpeč,120,46,30.8,2.1,01.06.2026 11:35:00,Normalen promet
R3-642,PodkrajIg - Podpeč604565.31.201.06.2026 11:30:00Normalen promet,Ig - Podpeč,60,45,65.3,1.2,01.06.2026 11:30:00,Normalen promet
R3-642,Podpeč - Ig365997.90.401.06.2026 11:30:00Normalen promet,Podpeč - Ig,36,59,97.9,0.4,01.06.2026 11:30:00,Normalen promet
R3-642,Ig 2Ig - LJ (Peruzzijeva)1206532.41.501.06.2026 11:35:00Normalen promet,Ig - LJ (Peruzzijeva),120,65,32.4,1.5,01.06.2026 11:35:00,Normalen promet
R3-642,LJ (Peruzzijeva) - Ig2886012.24.201.06.2026 11:35:00Normalen promet,LJ (Peruzzijeva) - Ig,288,60,12.2,4.2,01.06.2026 11:35:00,Normalen promet
R3-643,PreserjePodpeč - Rakitna723877.42.201.06.2026 11:30:00Normalen promet,Podpeč - Rakitna,72,38,77.4,2.2,01.06.2026 11:30:00,Normalen promet
R3-643,Rakitna - Podpeč604452.20.801.06.2026 11:30:00Normalen promet,Rakitna - Podpeč,60,44,52.2,0.8,01.06.2026 11:30:00,Normalen promet
R3-644,SneberjeLJ Sneberje - Šentjakob2644713.34.501.06.2026 11:35:00Normalen promet,LJ Sneberje - Šentjakob,264,47,13.3,4.5,01.06.2026 11:35:00,Normalen promet
R3-644,Šentjakob - LJ Sneberje2884611.55.001.06.2026 11:35:00Normalen promet,Šentjakob - LJ Sneberje,288,46,11.5,5.0,01.06.2026 11:35:00,Normalen promet
R3-644,PodgoricaDomžale - Šentjakob3365110.05.401.06.2026 11:30:00Normalen promet,Domžale - Šentjakob,336,51,10.0,5.4,01.06.2026 11:30:00,Normalen promet
R3-644,Šentjakob - Domžale372438.610.401.06.2026 11:30:00Normalen promet,Šentjakob - Domžale,372,43,8.6,10.4,01.06.2026 11:30:00,Normalen promet
R3-644,LJ ŠmartnoObvoznica - Sneberje396468.47.101.06.2026 11:35:00Normalen promet,Obvoznica - Sneberje,396,46,8.4,7.1,01.06.2026 11:35:00,Normalen promet
R3-644,Sneberje - Obvoznica492526.87.701.06.2026 11:35:00Povečan promet,Sneberje - Obvoznica,492,52,6.8,7.7,01.06.2026 11:35:00,Povečan promet
R3-645,BesnicaLitija - Zadvor605842.50.801.06.2026 11:35:00Normalen promet,Litija - Zadvor,60,58,42.5,0.8,01.06.2026 11:35:00,Normalen promet
R3-645,Zadvor - Litija605199.70.801.06.2026 11:35:00Normalen promet,Zadvor - Litija,60,51,99.7,0.8,01.06.2026 11:35:00,Normalen promet
R3-645,ZadvorLjubljana - Zadvor2884612.56.101.06.2026 11:35:00Normalen promet,Ljubljana - Zadvor,288,46,12.5,6.1,01.06.2026 11:35:00,Normalen promet
R3-645,Zadvor - Ljubljana2764112.26.201.06.2026 11:35:00Normalen promet,Zadvor - Ljubljana,276,41,12.2,6.2,01.06.2026 11:35:00,Normalen promet
R3-646,CikavaCikava - Grosuplje432528.08.201.06.2026 11:35:00Povečan promet,Cikava - Grosuplje,432,52,8.0,8.2,01.06.2026 11:35:00,Povečan promet
R3-646,Grosuplje - Cikava528516.19.901.06.2026 11:35:00Zgoščen promet,Grosuplje - Cikava,528,51,6.1,9.9,01.06.2026 11:35:00,Zgoščen promet
R3-646,Šmarje SapCikava - Sap - Šmarje1205029.91.801.06.2026 11:30:00Normalen promet,Cikava - Sap - Šmarje,120,50,29.9,1.8,01.06.2026 11:30:00,Normalen promet
R3-646,Šmarje - Sap - Cikava1085233.01.701.06.2026 11:30:00Normalen promet,Šmarje - Sap - Cikava,108,52,33.0,1.7,01.06.2026 11:30:00,Normalen promet
R3-646,Ivančna GoricaGrm - Ivančna Gorica2765712.74.101.06.2026 11:35:00Normalen promet,Grm - Ivančna Gorica,276,57,12.7,4.1,01.06.2026 11:35:00,Normalen promet
R3-646,Ivančna Gorica - Grm2286514.92.901.06.2026 11:35:00Normalen promet,Ivančna Gorica - Grm,228,65,14.9,2.9,01.06.2026 11:35:00,Normalen promet
R3-646,Zgornja DragaIvančna Gorica - Višnja Gora485671.80.601.06.2026 11:35:00Normalen promet,Ivančna Gorica - Višnja Gora,48,56,71.8,0.6,01.06.2026 11:35:00,Normalen promet
R3-646,Višnja Gora - Ivančna Gorica606052.80.701.06.2026 11:35:00Normalen promet,Višnja Gora - Ivančna Gorica,60,60,52.8,0.7,01.06.2026 11:35:00,Normalen promet
R3-647,Veliko MlačevoGrosuplje - Mlačevo2526512.23.301.06.2026 11:30:00Normalen promet,Grosuplje - Mlačevo,252,65,12.2,3.3,01.06.2026 11:30:00,Normalen promet
R3-647,Mlačevo - Grosuplje2286616.33.001.06.2026 11:30:00Normalen promet,Mlačevo - Grosuplje,228,66,16.3,3.0,01.06.2026 11:30:00,Normalen promet
R3-647,Malo MlačevoMlačevo - Rašica1204535.02.501.06.2026 11:35:00Normalen promet,Mlačevo - Rašica,120,45,35.0,2.5,01.06.2026 11:35:00,Normalen promet
R3-647,Rašica - Mlačevo1324441.22.601.06.2026 11:35:00Normalen promet,Rašica - Mlačevo,132,44,41.2,2.6,01.06.2026 11:35:00,Normalen promet
R3-647,GrosupljeAC - Grosuplje2164116.04.301.06.2026 11:35:00Normalen promet,AC - Grosuplje,216,41,16.0,4.3,01.06.2026 11:35:00,Normalen promet
R3-647,Grosuplje - AC2764211.76.201.06.2026 11:35:00Normalen promet,Grosuplje - AC,276,42,11.7,6.2,01.06.2026 11:35:00,Normalen promet
R3-650,DobravaTrebnje - Žužemberk3671108.90.301.06.2026 11:30:00Normalen promet,Trebnje - Žužemberk,36,71,108.9,0.3,01.06.2026 11:30:00,Normalen promet
R3-650,Žužemberk - Trebnje2466146.90.201.06.2026 11:30:00Normalen promet,Žužemberk - Trebnje,24,66,146.9,0.2,01.06.2026 11:30:00,Normalen promet
R3-651,NM KarteljevoPrik. NM zahod-Velika Bučna vas3005611.05.201.06.2026 11:35:00Normalen promet,Prik. NM zahod-Velika Bučna vas,300,56,11.0,5.2,01.06.2026 11:35:00,Normalen promet
R3-651,Velika Bučna vas-Prik. NM zahod3125110.85.601.06.2026 11:35:00Normalen promet,Velika Bučna vas-Prik. NM zahod,312,51,10.8,5.6,01.06.2026 11:35:00,Normalen promet
R3-651,Mirna Peč 2AC - Mirna Peč1086231.01.501.06.2026 11:35:00Normalen promet,AC - Mirna Peč,108,62,31.0,1.5,01.06.2026 11:35:00,Normalen promet
R3-651,Mirna Peč - AC845934.61.101.06.2026 11:35:00Normalen promet,Mirna Peč - AC,84,59,34.6,1.1,01.06.2026 11:35:00,Normalen promet
R3-652,Velika LokaČatež - Trebnje605561.70.901.06.2026 11:35:00Normalen promet,Čatež - Trebnje,60,55,61.7,0.9,01.06.2026 11:35:00,Normalen promet
R3-652,Trebnje - Čatež965041.41.601.06.2026 11:35:00Normalen promet,Trebnje - Čatež,96,50,41.4,1.6,01.06.2026 11:35:00,Normalen promet
R3-654,Kočevska RekaKočevska Reka - Štalcerji364164.90.701.06.2026 11:35:00Normalen promet,Kočevska Reka - Štalcerji,36,41,64.9,0.7,01.06.2026 11:35:00,Normalen promet
R3-654,Štalcerji - Kočevska Reka724257.01.701.06.2026 11:35:00Normalen promet,Štalcerji - Kočevska Reka,72,42,57.0,1.7,01.06.2026 11:35:00,Normalen promet
R3-657,Petrina 2Grivac-Mirtoviči - Petrina00999.90.001.06.2026 11:35:00Ni prometa,Grivac-Mirtoviči - Petrina,0,0,999.9,0.0,01.06.2026 11:35:00,Ni prometa
R3-657,Petrina - Grivac-Mirtoviči00999.90.001.06.2026 11:35:00Ni prometa,Petrina - Grivac-Mirtoviči,0,0,999.9,0.0,01.06.2026 11:35:00,Ni prometa
R3-658,PredgradBrezovica - Stari trg1262188.40.101.06.2026 11:35:00Normalen promet,Brezovica - Stari trg,12,62,188.4,0.1,01.06.2026 11:35:00,Normalen promet
R3-658,Stari trg - Brezovica1445317.61.501.06.2026 11:35:00Normalen promet,Stari trg - Brezovica,144,53,17.6,1.5,01.06.2026 11:35:00,Normalen promet
R3-660,ČrnomeljČrnomelj - Dolenjci604783.80.901.06.2026 11:35:00Normalen promet,Črnomelj - Dolenjci,60,47,83.8,0.9,01.06.2026 11:35:00,Normalen promet
R3-660,Dolenjci - Črnomelj1084432.62.001.06.2026 11:35:00Normalen promet,Dolenjci - Črnomelj,108,44,32.6,2.0,01.06.2026 11:35:00,Normalen promet
R3-661,DrašičiDrašiči - Metlika246561.70.201.06.2026 11:35:00Normalen promet,Drašiči - Metlika,24,65,61.7,0.2,01.06.2026 11:35:00,Normalen promet
R3-661,Metlika - Drašiči1241513.70.201.06.2026 11:35:00Normalen promet,Metlika - Drašiči,12,41,513.7,0.2,01.06.2026 11:35:00,Normalen promet
R3-664,LjubenČrnomelj - Novo Mesto606040.60.701.06.2026 11:30:00Normalen promet,Črnomelj - Novo Mesto,60,60,40.6,0.7,01.06.2026 11:30:00,Normalen promet
R3-664,Novo Mesto - Črnomelj366049.10.401.06.2026 11:30:00Normalen promet,Novo Mesto - Črnomelj,36,60,49.1,0.4,01.06.2026 11:30:00,Normalen promet
R3-664,NožiceDomžale - Duplica2164816.03.901.06.2026 11:35:00Normalen promet,Domžale - Duplica,216,48,16.0,3.9,01.06.2026 11:35:00,Normalen promet
R3-664,Duplica - Domžale468477.48.401.06.2026 11:35:00Povečan promet,Duplica - Domžale,468,47,7.4,8.4,01.06.2026 11:35:00,Povečan promet
R3-665,JagnjenicaJagnjenica - Radeče00999.90.001.06.2026 11:35:00Ni prometa,Jagnjenica - Radeče,0,0,999.9,0.0,01.06.2026 11:35:00,Ni prometa
R3-667,Šmarješke TopliceDolenje Kronovo - Šmarješke Topl1324930.02.101.06.2026 11:35:00Normalen promet,Dolenje Kronovo - Šmarješke Topl,132,49,30.0,2.1,01.06.2026 11:35:00,Normalen promet
R3-667,Šmarješke Topl - Dolenje Kronovo2165416.23.401.06.2026 11:35:00Normalen promet,Šmarješke Topl - Dolenje Kronovo,216,54,16.2,3.4,01.06.2026 11:35:00,Normalen promet
R3-667,Zbure 2Šmarjeta - Zbure3648103.30.601.06.2026 11:35:00Normalen promet,Šmarjeta - Zbure,36,48,103.3,0.6,01.06.2026 11:35:00,Normalen promet
R3-667,Zbure - Šmarjeta845041.51.801.06.2026 11:35:00Normalen promet,Zbure - Šmarjeta,84,50,41.5,1.8,01.06.2026 11:35:00,Normalen promet
R3-672,PodlipaSmednik - Zavratec605640.60.901.06.2026 11:35:00Normalen promet,Smednik - Zavratec,60,56,40.6,0.9,01.06.2026 11:35:00,Normalen promet
R3-672,Zavratec - Smednik485357.20.701.06.2026 11:35:00Normalen promet,Zavratec - Smednik,48,53,57.2,0.7,01.06.2026 11:35:00,Normalen promet
R3-673,Malo MraševoDrnovo - Križaj2442155.40.401.06.2026 11:30:00Normalen promet,Drnovo - Križaj,24,42,155.4,0.4,01.06.2026 11:30:00,Normalen promet
R3-673,Križaj - Drnovo1085131.21.601.06.2026 11:30:00Normalen promet,Križaj - Drnovo,108,51,31.2,1.6,01.06.2026 11:30:00,Normalen promet
R3-676,ArtičeKapele - Sp. Pohanca604760.70.901.06.2026 11:15:00Normalen promet,Kapele - Sp. Pohanca,60,47,60.7,0.9,01.06.2026 11:15:00,Normalen promet
R3-676,Sp. Pohanca - Kapele844787.11.501.06.2026 11:15:00Normalen promet,Sp. Pohanca - Kapele,84,47,87.1,1.5,01.06.2026 11:15:00,Normalen promet
R3-679,Gornje BrezovoKrško - Sevnica725936.01.101.06.2026 11:30:00Normalen promet,Krško - Sevnica,72,59,36.0,1.1,01.06.2026 11:30:00,Normalen promet
R3-679,Sevnica - Krško605357.70.901.06.2026 11:30:00Normalen promet,Sevnica - Krško,60,53,57.7,0.9,01.06.2026 11:30:00,Normalen promet
R3-685,TekačevoRogaška Slatina - Tekačevo1325521.82.001.06.2026 11:35:00Normalen promet,Rogaška Slatina - Tekačevo,132,55,21.8,2.0,01.06.2026 11:35:00,Normalen promet
R3-685,Tekačevo - Rogaška Slatina2645212.84.701.06.2026 11:35:00Normalen promet,Tekačevo - Rogaška Slatina,264,52,12.8,4.7,01.06.2026 11:35:00,Normalen promet
R3-686,Žiče 2Tepanje - Žiče485069.90.801.06.2026 11:35:00Normalen promet,Tepanje - Žiče,48,50,69.9,0.8,01.06.2026 11:35:00,Normalen promet
R3-686,Žiče - Tepanje484986.10.901.06.2026 11:35:00Normalen promet,Žiče - Tepanje,48,49,86.1,0.9,01.06.2026 11:35:00,Normalen promet
R3-687,HotunjeDole - Ponikva604559.51.401.06.2026 11:35:00Normalen promet,Dole - Ponikva,60,45,59.5,1.4,01.06.2026 11:35:00,Normalen promet
R3-687,Ponikva - Dole604573.81.001.06.2026 11:35:00Normalen promet,Ponikva - Dole,60,45,73.8,1.0,01.06.2026 11:35:00,Normalen promet
R3-688,ŽičeMlače - Žiče1085435.61.601.06.2026 11:35:00Normalen promet,Mlače - Žiče,108,54,35.6,1.6,01.06.2026 11:35:00,Normalen promet
R3-688,Žiče - Mlače1204929.31.801.06.2026 11:35:00Normalen promet,Žiče - Mlače,120,49,29.3,1.8,01.06.2026 11:35:00,Normalen promet
R3-688,Slovenske KonjiceSlov. Konjice - Žiče2045716.33.001.06.2026 11:35:00Normalen promet,Slov. Konjice - Žiče,204,57,16.3,3.0,01.06.2026 11:35:00,Normalen promet
R3-688,Žiče - Slov. Konjice3005111.65.701.06.2026 11:35:00Normalen promet,Žiče - Slov. Konjice,300,51,11.6,5.7,01.06.2026 11:35:00,Normalen promet
R3-688,Čadramska vasMlače - Poljčane724551.01.501.06.2026 11:35:00Normalen promet,Mlače - Poljčane,72,45,51.0,1.5,01.06.2026 11:35:00,Normalen promet
R3-688,Poljčane - Mlače485732.50.701.06.2026 11:35:00Normalen promet,Poljčane - Mlače,48,57,32.5,0.7,01.06.2026 11:35:00,Normalen promet
R3-689,ČermožišePtuj - Rogatec1251335.80.201.06.2026 11:35:00Normalen promet,Ptuj - Rogatec,12,51,335.8,0.2,01.06.2026 11:35:00,Normalen promet
R3-689,Rogatec - Ptuj00999.90.001.06.2026 11:35:00Ni prometa,Rogatec - Ptuj,0,0,999.9,0.0,01.06.2026 11:35:00,Ni prometa
R3-690,VarejaTržec - Zgornji Leskovec604683.31.001.06.2026 11:30:00Normalen promet,Tržec - Zgornji Leskovec,60,46,83.3,1.0,01.06.2026 11:30:00,Normalen promet
R3-690,Zgornji Leskovec - Tržec3636123.71.001.06.2026 11:30:00Normalen promet,Zgornji Leskovec - Tržec,36,36,123.7,1.0,01.06.2026 11:30:00,Normalen promet
R3-694,ArnačePolzela - Velenje725540.91.101.06.2026 11:35:00Normalen promet,Polzela - Velenje,72,55,40.9,1.1,01.06.2026 11:35:00,Normalen promet
R3-694,Velenje - Polzela2405413.63.501.06.2026 11:35:00Normalen promet,Velenje - Polzela,240,54,13.6,3.5,01.06.2026 11:35:00,Normalen promet
R3-694,Breg pri PolzeliDobrteša vas - Polzela2645613.13.901.06.2026 11:35:00Normalen promet,Dobrteša vas - Polzela,264,56,13.1,3.9,01.06.2026 11:35:00,Normalen promet
R3-694,Polzela - Dobrteša vas2765012.44.801.06.2026 11:35:00Normalen promet,Polzela - Dobrteša vas,276,50,12.4,4.8,01.06.2026 11:35:00,Normalen promet
R3-695,GorenjeGorenje  - Mozirje1324526.52.701.06.2026 11:30:00Normalen promet,Gorenje  - Mozirje,132,45,26.5,2.7,01.06.2026 11:30:00,Normalen promet
R3-695,Mozirje - Gorenje844953.61.501.06.2026 11:30:00Normalen promet,Mozirje - Gorenje,84,49,53.6,1.5,01.06.2026 11:30:00,Normalen promet
R3-696,VelenjeŠkale - Velenje2764711.24.801.06.2026 11:35:00Normalen promet,Škale - Velenje,276,47,11.2,4.8,01.06.2026 11:35:00,Normalen promet
R3-696,Velenje - Škale2285214.93.901.06.2026 11:35:00Normalen promet,Velenje - Škale,228,52,14.9,3.9,01.06.2026 11:35:00,Normalen promet
R3-700,OplotnicaOplotnica - Slovenske Konjice1086233.21.401.06.2026 11:35:00Normalen promet,Oplotnica - Slovenske Konjice,108,62,33.2,1.4,01.06.2026 11:35:00,Normalen promet
R3-700,Slovenske Konjice - Oplotnica3663106.10.501.06.2026 11:35:00Normalen promet,Slovenske Konjice - Oplotnica,36,63,106.1,0.5,01.06.2026 11:35:00,Normalen promet
R3-700,LožnicaLožnica - Oplotnica1326622.81.601.06.2026 11:30:00Normalen promet,Ložnica - Oplotnica,132,66,22.8,1.6,01.06.2026 11:30:00,Normalen promet
R3-700,Oplotnica - Ložnica1086136.81.501.06.2026 11:30:00Normalen promet,Oplotnica - Ložnica,108,61,36.8,1.5,01.06.2026 11:30:00,Normalen promet
R3-701,Lovrenc na PohorjuLovrenc na Pohorju - Ruta846262.61.001.06.2026 11:35:00Normalen promet,Lovrenc na Pohorju - Ruta,84,62,62.6,1.0,01.06.2026 11:35:00,Normalen promet
R3-701,Ruta - Lovrenc na Pohorju365989.60.401.06.2026 11:35:00Normalen promet,Ruta - Lovrenc na Pohorju,36,59,89.6,0.4,01.06.2026 11:35:00,Normalen promet
R3-701,ZrečeZeče - Zreče3125810.94.601.06.2026 11:35:00Normalen promet,Zeče - Zreče,312,58,10.9,4.6,01.06.2026 11:35:00,Normalen promet
R3-701,Zreče - Zeče2406214.43.801.06.2026 11:35:00Normalen promet,Zreče - Zeče,240,62,14.4,3.8,01.06.2026 11:35:00,Normalen promet
R3-701,BoharinaRogla - Zreče484987.60.801.06.2026 11:35:00Normalen promet,Rogla - Zreče,48,49,87.6,0.8,01.06.2026 11:35:00,Normalen promet
R3-701,Zreče - Rogla124932.90.101.06.2026 11:35:00Normalen promet,Zreče - Rogla,12,49,32.9,0.1,01.06.2026 11:35:00,Normalen promet
R3-704,VuhredRibnica na Pohorju - Vuhred1264164.60.101.06.2026 11:35:00Normalen promet,Ribnica na Pohorju - Vuhred,12,64,164.6,0.1,01.06.2026 11:35:00,Normalen promet
R3-704,Vuhred - Ribnica na Pohorju486295.70.601.06.2026 11:35:00Normalen promet,Vuhred - Ribnica na Pohorju,48,62,95.7,0.6,01.06.2026 11:35:00,Normalen promet
R3-704,Janževski vrhBrezno - Ribnica2449367.80.301.06.2026 11:30:00Normalen promet,Brezno - Ribnica,24,49,367.8,0.3,01.06.2026 11:30:00,Normalen promet
R3-704,Ribnica - Brezno126795.60.101.06.2026 11:30:00Normalen promet,Ribnica - Brezno,12,67,95.6,0.1,01.06.2026 11:30:00,Normalen promet
R3-709,CelestrinaMB (Malečnik) - Pernica485467.60.601.06.2026 11:30:00Normalen promet,MB (Malečnik) - Pernica,48,54,67.6,0.6,01.06.2026 11:30:00,Normalen promet
R3-709,Pernica - MB (Malečnik)604554.81.001.06.2026 11:30:00Normalen promet,Pernica - MB (Malečnik),60,45,54.8,1.0,01.06.2026 11:30:00,Normalen promet
R3-709,MalečnikMalečnik - MB (Malečnik-most)1805222.12.701.06.2026 11:35:00Normalen promet,Malečnik - MB (Malečnik-most),180,52,22.1,2.7,01.06.2026 11:35:00,Normalen promet
R3-709,MB (Malečnik-most) - Malečnik2645413.43.801.06.2026 11:35:00Normalen promet,MB (Malečnik-most) - Malečnik,264,54,13.4,3.8,01.06.2026 11:35:00,Normalen promet
R3-710,DogošeDvorjane - Maribor3244611.35.701.06.2026 11:35:00Normalen promet,Dvorjane - Maribor,324,46,11.3,5.7,01.06.2026 11:35:00,Normalen promet
R3-710,Maribor - Dvorjane2525410.73.701.06.2026 11:35:00Povečan promet,Maribor - Dvorjane,252,54,10.7,3.7,01.06.2026 11:35:00,Povečan promet
R3-710,VurberkDvorjane - Ptuj486455.40.601.06.2026 11:35:00Normalen promet,Dvorjane - Ptuj,48,64,55.4,0.6,01.06.2026 11:35:00,Normalen promet
R3-710,Ptuj - Dvorjane4844132.71.001.06.2026 11:35:00Normalen promet,Ptuj - Dvorjane,48,44,132.7,1.0,01.06.2026 11:35:00,Normalen promet
R3-710,Ptuj zahodHajdina - Ptuj456497.47.701.06.2026 11:35:00Normalen promet,Hajdina - Ptuj,456,49,7.4,7.7,01.06.2026 11:35:00,Normalen promet
R3-710,Ptuj - Hajdina444497.17.501.06.2026 11:35:00Normalen promet,Ptuj - Hajdina,444,49,7.1,7.5,01.06.2026 11:35:00,Normalen promet
R3-710,Turnišče 2Hajdina - Turnišče605056.61.001.06.2026 11:35:00Normalen promet,Hajdina - Turnišče,60,50,56.6,1.0,01.06.2026 11:35:00,Normalen promet
R3-710,Turnišče - Hajdina4853107.80.701.06.2026 11:35:00Normalen promet,Turnišče - Hajdina,48,53,107.8,0.7,01.06.2026 11:35:00,Normalen promet
R3-711,RačeFram - Rače2884712.45.001.06.2026 11:35:00Normalen promet,Fram - Rače,288,47,12.4,5.0,01.06.2026 11:35:00,Normalen promet
R3-711,Rače - Fram1325319.01.901.06.2026 11:35:00Normalen promet,Rače - Fram,132,53,19.0,1.9,01.06.2026 11:35:00,Normalen promet
R3-712,PacinjeGabernik - Rogoznica846844.80.901.06.2026 11:35:00Normalen promet,Gabernik - Rogoznica,84,68,44.8,0.9,01.06.2026 11:35:00,Normalen promet
R3-712,Rogoznica - Gabernik1206634.41.401.06.2026 11:35:00Normalen promet,Rogoznica - Gabernik,120,66,34.4,1.4,01.06.2026 11:35:00,Normalen promet
R3-713,Rogoznicakrižišče Spuhlja - Ptuj3244410.86.201.06.2026 11:35:00Normalen promet,križišče Spuhlja - Ptuj,324,44,10.8,6.2,01.06.2026 11:35:00,Normalen promet
R3-713,Ptuj - križišče Spuhlja384418.07.701.06.2026 11:35:00Normalen promet,Ptuj - križišče Spuhlja,384,41,8.0,7.7,01.06.2026 11:35:00,Normalen promet
R3-713,DornavaDornava - Ptuj1928126.31.901.06.2026 11:30:00Normalen promet,Dornava - Ptuj,192,81,26.3,1.9,01.06.2026 11:30:00,Normalen promet
R3-713,Ptuj - Dornava1448529.41.301.06.2026 11:30:00Normalen promet,Ptuj - Dornava,144,85,29.4,1.3,01.06.2026 11:30:00,Normalen promet
R3-714,Spodnji Ivanjci 2G.Radgona - Sp.Ivanjci605576.40.801.06.2026 11:35:00Normalen promet,G.Radgona - Sp.Ivanjci,60,55,76.4,0.8,01.06.2026 11:35:00,Normalen promet
R3-714,Sp.Ivanjci - G.Radgona964534.11.601.06.2026 11:35:00Normalen promet,Sp.Ivanjci - G.Radgona,96,45,34.1,1.6,01.06.2026 11:35:00,Normalen promet
R3-715,MarkišavciGorica - MS1204330.32.501.06.2026 11:35:00Normalen promet,Gorica - MS,120,43,30.3,2.5,01.06.2026 11:35:00,Normalen promet
R3-715,MS - Gorica1444326.12.601.06.2026 11:35:00Normalen promet,MS - Gorica,144,43,26.1,2.6,01.06.2026 11:35:00,Normalen promet
R3-716,BodonciGrad - Lemerje00999.90.001.06.2026 11:30:00Ni prometa,Grad - Lemerje,0,0,999.9,0.0,01.06.2026 11:30:00,Ni prometa
R3-716,Lemerje - Grad3658129.70.501.06.2026 11:30:00Normalen promet,Lemerje - Grad,36,58,129.7,0.5,01.06.2026 11:30:00,Normalen promet
R3-725,Ljubečna 2AC - Ljubečna1204931.82.101.06.2026 11:35:00Normalen promet,AC - Ljubečna,120,49,31.8,2.1,01.06.2026 11:35:00,Normalen promet
R3-725,Ljubečna - AC1324724.82.301.06.2026 11:35:00Normalen promet,Ljubečna - AC,132,47,24.8,2.3,01.06.2026 11:35:00,Normalen promet
R3-726,Miklavž pri OrmožuPavlovci - Stročja vas484392.20.801.06.2026 11:35:00Normalen promet,Pavlovci - Stročja vas,48,43,92.2,0.8,01.06.2026 11:35:00,Normalen promet
R3-726,Stročja vas - Pavlovci3664112.80.401.06.2026 11:35:00Normalen promet,Stročja vas - Pavlovci,36,64,112.8,0.4,01.06.2026 11:35:00,Normalen promet
R3-726,TurniščeČrenšovci - Renkovci1684523.53.201.06.2026 11:35:00Normalen promet,Črenšovci - Renkovci,168,45,23.5,3.2,01.06.2026 11:35:00,Normalen promet
R3-726,Renkovci - Črenšovci964734.71.501.06.2026 11:35:00Normalen promet,Renkovci - Črenšovci,96,47,34.7,1.5,01.06.2026 11:35:00,Normalen promet
R3-726,Srednja BistricaČrenšovci - Razkrižje1324540.02.701.06.2026 11:35:00Normalen promet,Črenšovci - Razkrižje,132,45,40.0,2.7,01.06.2026 11:35:00,Normalen promet
R3-726,Razkrižje - Črenšovci724269.01.501.06.2026 11:35:00Normalen promet,Razkrižje - Črenšovci,72,42,69.0,1.5,01.06.2026 11:35:00,Normalen promet
R3-728,IgIg - Škofljica2043615.85.401.06.2026 11:35:00Normalen promet,Ig - Škofljica,204,36,15.8,5.4,01.06.2026 11:35:00,Normalen promet
R3-728,Škofljica - Ig1443624.23.701.06.2026 11:35:00Normalen promet,Škofljica - Ig,144,36,24.2,3.7,01.06.2026 11:35:00,Normalen promet
R3-729,BeltinciBeltinci - Lipa604850.51.101.06.2026 11:35:00Normalen promet,Beltinci - Lipa,60,48,50.5,1.1,01.06.2026 11:35:00,Normalen promet
R3-729,Lipa - Beltinci4836107.91.201.06.2026 11:35:00Normalen promet,Lipa - Beltinci,48,36,107.9,1.2,01.06.2026 11:35:00,Normalen promet
R3-733,Dolenjske TopliceDolenjske Toplice - Vavta vas966131.81.501.06.2026 11:30:00Normalen promet,Dolenjske Toplice - Vavta vas,96,61,31.8,1.5,01.06.2026 11:30:00,Normalen promet
R3-733,Vavta vas - Dolenjske Toplice726155.21.001.06.2026 11:30:00Normalen promet,Vavta vas - Dolenjske Toplice,72,61,55.2,1.0,01.06.2026 11:30:00,Normalen promet
R3-737,PodovaRače - Šikole727043.00.801.06.2026 11:30:00Normalen promet,Rače - Šikole,72,70,43.0,0.8,01.06.2026 11:30:00,Normalen promet
R3-737,Šikole - Rače485270.90.901.06.2026 11:30:00Normalen promet,Šikole - Rače,48,52,70.9,0.9,01.06.2026 11:30:00,Normalen promet
R3-741,Spodnje Škofijerondo - Škofije384519.25.901.06.2026 11:35:00Povečan promet,rondo - Škofije,384,51,9.2,5.9,01.06.2026 11:35:00,Povečan promet
R3-741,Škofije - rondo2405113.83.601.06.2026 11:35:00Normalen promet,Škofije - rondo,240,51,13.8,3.6,01.06.2026 11:35:00,Normalen promet
R3-741,Priključek ŠkofijeIzvoz iz Italije1081832.54.401.06.2026 11:30:00Normalen promet,Izvoz iz Italije,108,18,32.5,4.4,01.06.2026 11:30:00,Normalen promet
R3-741,Uvoz proti KP242799.71.401.06.2026 11:30:00Normalen promet,Uvoz proti KP,24,27,99.7,1.4,01.06.2026 11:30:00,Normalen promet
R3-741,BertokiBertoki - Koper3485110.95.301.06.2026 11:35:00Normalen promet,Bertoki - Koper,348,51,10.9,5.3,01.06.2026 11:35:00,Normalen promet
R3-741,Koper - Bertoki1924918.43.301.06.2026 11:35:00Normalen promet,Koper - Bertoki,192,49,18.4,3.3,01.06.2026 11:35:00,Normalen promet
R3-742,Brezovica 2Brezovica - Podpeč1805019.73.001.06.2026 11:35:00Normalen promet,Brezovica - Podpeč,180,50,19.7,3.0,01.06.2026 11:35:00,Normalen promet
R3-742,Podpeč - Brezovica1444624.82.501.06.2026 11:35:00Normalen promet,Podpeč - Brezovica,144,46,24.8,2.5,01.06.2026 11:35:00,Normalen promet
R3-742,Notranje GoriceBrezovica - Podpeč1685221.23.301.06.2026 11:35:00Normalen promet,Brezovica - Podpeč,168,52,21.2,3.3,01.06.2026 11:35:00,Normalen promet
R3-742,Podpeč - Brezovica2524814.24.701.06.2026 11:35:00Normalen promet,Podpeč - Brezovica,252,48,14.2,4.7,01.06.2026 11:35:00,Normalen promet
R3-752,LjubečnaAC - Celje3125810.54.701.06.2026 11:35:00Normalen promet,AC - Celje,312,58,10.5,4.7,01.06.2026 11:35:00,Normalen promet
R3-752,Celje - AC1326227.21.801.06.2026 11:35:00Normalen promet,Celje - AC,132,62,27.2,1.8,01.06.2026 11:35:00,Normalen promet
RT-292,Hočko PohorjeHoče - Pohorje483371.71.701.06.2026 11:35:00Normalen promet,Hoče - Pohorje,48,33,71.7,1.7,01.06.2026 11:35:00,Normalen promet
RT-292,Pohorje - Hoče00999.90.001.06.2026 11:35:00Ni prometa,Pohorje - Hoče,0,0,999.9,0.0,01.06.2026 11:35:00,Ni prometa
RT-905,KrnicaKrnica - Zatrnik365590.50.501.06.2026 11:35:00Normalen promet,Krnica - Zatrnik,36,55,90.5,0.5,01.06.2026 11:35:00,Normalen promet
RT-905,Zatrnik - Krnica3647158.00.601.06.2026 11:35:00Normalen promet,Zatrnik - Krnica,36,47,158.0,0.6,01.06.2026 11:35:00,Normalen promet
RT-928,MozirjeGolte - Mozirje605645.00.901.06.2026 11:35:00Normalen promet,Golte - Mozirje,60,56,45.0,0.9,01.06.2026 11:35:00,Normalen promet
RT-928,Mozirje - Golte606757.40.701.06.2026 11:35:00Normalen promet,Mozirje - Golte,60,67,57.4,0.7,01.06.2026 11:35:00,Normalen promet
RT-929,Spodnje HočeSp. Hoče - Zg. Hoče1685018.72.601.06.2026 11:35:00Normalen promet,Sp. Hoče - Zg. Hoče,168,50,18.7,2.6,01.06.2026 11:35:00,Normalen promet
RT-929,Zg. Hoče - Sp. Hoče2165015.53.101.06.2026 11:35:00Normalen promet,Zg. Hoče - Sp. Hoče,216,50,15.5,3.1,01.06.2026 11:35:00,Normalen promet
RT-934,Sežana 2Lipica - Sežana846739.51.001.06.2026 11:35:00Normalen promet,Lipica - Sežana,84,67,39.5,1.0,01.06.2026 11:35:00,Normalen promet
RT-934,Sežana - Lipica726750.90.801.06.2026 11:35:00Normalen promet,Sežana - Lipica,72,67,50.9,0.8,01.06.2026 11:35:00,Normalen promet
RT-941,Kapelski vrhRadenci - Videm2453175.30.301.06.2026 11:35:00Normalen promet,Radenci - Videm,24,53,175.3,0.3,01.06.2026 11:35:00,Normalen promet
RT-941,Videm - Radenci2454136.20.301.06.2026 11:35:00Normalen promet,Videm - Radenci,24,54,136.2,0.3,01.06.2026 11:35:00,Normalen promet
