Cesta,Lokacija,Smer,Št. vozil [N/h],Hitrost [km/h],Razmik [s],Zasedenost [%],Čas,Stanje
AC-A1,Čebulovica AC,Gabrk - Senožeče (v),0,0,0.0,0.0,04.06.2026 13:10:00,Ni podatka
AC-A1,Čebulovica AC,Gabrk - Senožeče (v),0,0,0.0,0.0,04.06.2026 16:40:00,Ni podatka
AC-A1,Čebulovica AC,Gabrk - Senožeče (p),0,0,0.0,0.0,04.06.2026 16:45:00,Ni podatka
AC-A1,Čebulovica AC,Gabrk - Senožeče (v),0,0,0.0,0.0,04.06.2026 16:45:00,Ni podatka
AC-A1,Čebulovica AC,Senožeče - Gabrk (p),960,125,4.2,6.3,04.06.2026 16:45:00,Povečan promet
AC-A1,Čebulovica AC,Senožeče - Gabrk (v),888,102,4.2,9.9,04.06.2026 16:45:00,Zgoščen promet
AC-A1,Čebulovica AC,Gabrk - Senožeče (p),0,0,0.0,0.0,04.06.2026 16:55:00,Ni podatka
AC-A1,Čebulovica AC,Gabrk - Senožeče (v),0,0,0.0,0.0,04.06.2026 16:55:00,Ni podatka
AC-A1,Čebulovica AC,Senožeče - Gabrk (p),684,128,5.3,4.4,04.06.2026 16:55:00,Povečan promet
AC-A1,Čebulovica AC,Senožeče - Gabrk (v),984,107,3.6,8.4,04.06.2026 16:55:00,Zgoščen promet
AC-A1,Čebulovica AC,Gabrk - Senožeče (p),0,0,0.0,0.0,04.06.2026 22:20:00,Ni podatka
AC-A1,Čebulovica AC,Gabrk - Senožeče (v),0,0,0.0,0.0,04.06.2026 22:20:00,Ni podatka
AC-A1,Čebulovica AC,Senožeče - Gabrk (p),60,147,65.4,0.3,04.06.2026 22:20:00,Normalen promet
AC-A1,Čebulovica AC,Senožeče - Gabrk (v),336,120,11.4,2.3,04.06.2026 22:20:00,Normalen promet
AC-A1,Čebulovica AC,Gabrk - Senožeče (p),0,0,0.0,0.0,04.06.2026 22:25:00,Ni podatka
AC-A1,Čebulovica AC,Gabrk - Senožeče (v),0,0,0.0,0.0,04.06.2026 22:25:00,Ni podatka
AC-A1,Čebulovica AC,Senožeče - Gabrk (p),72,143,49.9,0.4,04.06.2026 22:25:00,Normalen promet
AC-A1,Čebulovica AC,Senožeče - Gabrk (v),252,111,13.6,2.4,04.06.2026 22:25:00,Normalen promet
AC-A1,Čebulovica AC,Gabrk - Senožeče (p),0,0,0.0,0.0,04.06.2026 22:30:00,Ni podatka
AC-A1,Čebulovica AC,Gabrk - Senožeče (v),0,0,0.0,0.0,04.06.2026 22:30:00,Ni podatka
AC-A1,Čebulovica AC,Senožeče - Gabrk (p),24,150,67.1,0.1,04.06.2026 22:30:00,Normalen promet
AC-A1,Čebulovica AC,Senožeče - Gabrk (v),324,115,12.0,2.6,04.06.2026 22:30:00,Normalen promet
AC-A1,Čebulovica AC,Gabrk - Senožeče (p),0,0,0.0,0.0,04.06.2026 22:35:00,Ni podatka
AC-A1,Čebulovica AC,Gabrk - Senožeče (v),0,0,0.0,0.0,04.06.2026 22:35:00,Ni podatka
AC-A1,Čebulovica AC,Senožeče - Gabrk (p),84,132,55.9,0.5,04.06.2026 22:35:00,Normalen promet
AC-A1,Čebulovica AC,Senožeče - Gabrk (v),264,104,13.8,3.2,04.06.2026 22:35:00,Normalen promet
AC-A1,Čebulovica AC,Gabrk - Senožeče (p),0,0,0.0,0.0,04.06.2026 22:40:00,Ni podatka
AC-A1,Čebulovica AC,Gabrk - Senožeče (v),0,0,0.0,0.0,04.06.2026 22:40:00,Ni podatka
AC-A1,Čebulovica AC,Senožeče - Gabrk (p),84,138,54.1,0.5,04.06.2026 22:40:00,Normalen promet
AC-A1,Čebulovica AC,Senožeče - Gabrk (v),384,114,9.8,3.4,04.06.2026 22:40:00,Normalen promet
AC-A1,Čebulovica AC,Gabrk - Senožeče (p),0,0,0.0,0.0,04.06.2026 22:45:00,Ni podatka
AC-A1,Čebulovica AC,Gabrk - Senožeče (v),0,0,0.0,0.0,04.06.2026 22:45:00,Ni podatka
AC-A1,Čebulovica AC,Senožeče - Gabrk (p),132,129,28.0,0.8,04.06.2026 22:45:00,Normalen promet
AC-A1,Čebulovica AC,Senožeče - Gabrk (v),372,112,10.4,3.7,04.06.2026 22:45:00,Normalen promet
AC-A1,Čebulovica AC,Gabrk - Senožeče (p),0,0,0.0,0.0,04.06.2026 22:50:00,Ni podatka
AC-A1,Čebulovica AC,Gabrk - Senožeče (v),0,0,0.0,0.0,04.06.2026 22:50:00,Ni podatka
AC-A1,Čebulovica AC,Senožeče - Gabrk (p),48,136,54.0,0.3,04.06.2026 22:50:00,Normalen promet
AC-A1,Čebulovica AC,Senožeče - Gabrk (v),144,113,23.2,1.2,04.06.2026 22:50:00,Normalen promet
AC-A1,Čebulovica AC,Gabrk - Senožeče (p),0,0,0.0,0.0,04.06.2026 22:55:00,Ni podatka
AC-A1,Čebulovica AC,Gabrk - Senožeče (v),0,0,0.0,0.0,04.06.2026 22:55:00,Ni podatka
AC-A1,Čebulovica AC,Senožeče - Gabrk (p),24,135,58.3,0.1,04.06.2026 22:55:00,Normalen promet
AC-A1,Čebulovica AC,Senožeče - Gabrk (v),264,115,15.5,2.0,04.06.2026 22:55:00,Normalen promet
AC-A1,Čebulovica AC,Gabrk - Senožeče (p),0,0,0.0,0.0,04.06.2026 23:00:00,Ni podatka
AC-A1,Čebulovica AC,Gabrk - Senožeče (v),0,0,0.0,0.0,04.06.2026 23:00:00,Ni podatka
AC-A1,Čebulovica AC,Senožeče - Gabrk (p),24,143,267.4,0.1,04.06.2026 23:00:00,Normalen promet
AC-A1,Čebulovica AC,Senožeče - Gabrk (v),264,112,13.6,2.0,04.06.2026 23:00:00,Normalen promet
AC-A1,Čebulovica AC,Gabrk - Senožeče (p),0,0,0.0,0.0,04.06.2026 23:05:00,Ni podatka
AC-A1,Čebulovica AC,Gabrk - Senožeče (v),0,0,0.0,0.0,04.06.2026 23:05:00,Ni podatka
AC-A1,Čebulovica AC,Senožeče - Gabrk (p),36,144,84.6,0.2,04.06.2026 23:05:00,Normalen promet
AC-A1,Čebulovica AC,Senožeče - Gabrk (v),324,118,11.5,3.1,04.06.2026 23:05:00,Normalen promet
AC-A1,Čebulovica AC,Gabrk - Senožeče (p),0,0,0.0,0.0,04.06.2026 23:10:00,Ni podatka
AC-A1,Čebulovica AC,Gabrk - Senožeče (v),0,0,0.0,0.0,04.06.2026 23:10:00,Ni podatka
AC-A1,Čebulovica AC,Senožeče - Gabrk (p),72,148,61.3,0.4,04.06.2026 23:10:00,Normalen promet
AC-A1,Čebulovica AC,Senožeče - Gabrk (v),228,110,15.8,2.7,04.06.2026 23:10:00,Normalen promet
AC-A1,Čebulovica AC,Gabrk - Senožeče (p),0,0,0.0,0.0,04.06.2026 23:15:00,Ni podatka
AC-A1,Čebulovica AC,Gabrk - Senožeče (v),0,0,0.0,0.0,04.06.2026 23:15:00,Ni podatka
AC-A1,Čebulovica AC,Senožeče - Gabrk (p),72,136,42.1,0.4,04.06.2026 23:15:00,Normalen promet
AC-A1,Čebulovica AC,Senožeče - Gabrk (v),240,109,14.8,2.4,04.06.2026 23:15:00,Normalen promet
AC-A1,Čebulovica AC,Gabrk - Senožeče (p),0,0,0.0,0.0,04.06.2026 23:20:00,Ni podatka
AC-A1,Čebulovica AC,Gabrk - Senožeče (v),0,0,0.0,0.0,04.06.2026 23:20:00,Ni podatka
AC-A1,Čebulovica AC,Senožeče - Gabrk (p),48,150,94.5,0.2,04.06.2026 23:20:00,Normalen promet
AC-A1,Čebulovica AC,Senožeče - Gabrk (v),252,123,14.3,1.8,04.06.2026 23:20:00,Normalen promet
AC-A1,Čebulovica AC,Gabrk - Senožeče (p),0,0,0.0,0.0,04.06.2026 23:25:00,Ni podatka
AC-A1,Čebulovica AC,Gabrk - Senožeče (v),0,0,0.0,0.0,04.06.2026 23:25:00,Ni podatka
AC-A1,Čebulovica AC,Senožeče - Gabrk (p),12,172,107.2,0.1,04.06.2026 23:25:00,Normalen promet
AC-A1,Čebulovica AC,Senožeče - Gabrk (v),156,117,23.0,1.3,04.06.2026 23:25:00,Normalen promet
AC-A1,Čebulovica AC,Gabrk - Senožeče (p),0,0,0.0,0.0,04.06.2026 23:30:00,Ni podatka
AC-A1,Čebulovica AC,Gabrk - Senožeče (v),0,0,0.0,0.0,04.06.2026 23:30:00,Ni podatka
AC-A1,Čebulovica AC,Senožeče - Gabrk (p),48,139,84.8,0.3,04.06.2026 23:30:00,Normalen promet
AC-A1,Čebulovica AC,Senožeče - Gabrk (v),276,116,13.5,2.5,04.06.2026 23:30:00,Normalen promet
AC-A1,Čebulovica AC,Gabrk - Senožeče (p),0,0,0.0,0.0,04.06.2026 23:35:00,Ni podatka
AC-A1,Čebulovica AC,Gabrk - Senožeče (v),0,0,0.0,0.0,04.06.2026 23:35:00,Ni podatka
AC-A1,Čebulovica AC,Senožeče - Gabrk (p),24,144,138.9,0.1,04.06.2026 23:35:00,Normalen promet
AC-A1,Čebulovica AC,Senožeče - Gabrk (v),168,109,20.5,1.7,04.06.2026 23:35:00,Normalen promet
AC-A1,Čebulovica AC,Gabrk - Senožeče (p),0,0,0.0,0.0,05.06.2026 00:30:00,Ni podatka
AC-A1,Čebulovica AC,Gabrk - Senožeče (v),0,0,0.0,0.0,05.06.2026 00:30:00,Ni podatka
AC-A1,Čebulovica AC,Senožeče - Gabrk (p),12,133,233.2,0.1,05.06.2026 00:30:00,Normalen promet
AC-A1,Čebulovica AC,Senožeče - Gabrk (v),24,124,87.9,0.1,05.06.2026 00:30:00,Normalen promet
AC-A1,Čebulovica AC,Gabrk - Senožeče (p),0,0,0.0,0.0,05.06.2026 00:35:00,Ni podatka
AC-A1,Čebulovica AC,Gabrk - Senožeče (v),0,0,0.0,0.0,05.06.2026 00:35:00,Ni podatka
AC-A1,Čebulovica AC,Senožeče - Gabrk (p),12,133,391.3,0.1,05.06.2026 00:35:00,Normalen promet
AC-A1,Čebulovica AC,Senožeče - Gabrk (v),156,98,32.8,2.1,05.06.2026 00:35:00,Normalen promet
AC-A1,Čebulovica AC,Gabrk - Senožeče (p),0,0,0.0,0.0,05.06.2026 00:40:00,Ni podatka
AC-A1,Čebulovica AC,Gabrk - Senožeče (v),0,0,0.0,0.0,05.06.2026 00:40:00,Ni podatka
AC-A1,Čebulovica AC,Senožeče - Gabrk (p),12,128,202.2,0.1,05.06.2026 00:40:00,Normalen promet
AC-A1,Čebulovica AC,Senožeče - Gabrk (v),60,93,29.1,1.0,05.06.2026 00:40:00,Normalen promet
AC-A1,Čebulovica AC,Gabrk - Senožeče (p),0,0,0.0,0.0,05.06.2026 00:45:00,Ni podatka
AC-A1,Čebulovica AC,Gabrk - Senožeče (v),0,0,0.0,0.0,05.06.2026 00:45:00,Ni podatka
AC-A1,Čebulovica AC,Senožeče - Gabrk (p),24,142,150.9,0.1,05.06.2026 00:45:00,Normalen promet
AC-A1,Čebulovica AC,Senožeče - Gabrk (v),36,124,152.4,0.2,05.06.2026 00:45:00,Normalen promet
AC-A1,Čebulovica AC,Gabrk - Senožeče (p),0,0,0.0,0.0,05.06.2026 00:50:00,Ni podatka
AC-A1,Čebulovica AC,Gabrk - Senožeče (v),0,0,0.0,0.0,05.06.2026 00:50:00,Ni podatka
AC-A1,Čebulovica AC,Senožeče - Gabrk (p),12,122,350.1,0.1,05.06.2026 00:50:00,Normalen promet
AC-A1,Čebulovica AC,Senožeče - Gabrk (v),72,104,47.4,1.1,05.06.2026 00:50:00,Normalen promet
AC-A1,Čebulovica AC,Gabrk - Senožeče (p),0,0,0.0,0.0,05.06.2026 00:55:00,Ni podatka
AC-A1,Čebulovica AC,Gabrk - Senožeče (v),0,0,0.0,0.0,05.06.2026 00:55:00,Ni podatka
AC-A1,Čebulovica AC,Senožeče - Gabrk (p),0,0,0.0,0.0,05.06.2026 00:55:00,Normalen promet
AC-A1,Čebulovica AC,Senožeče - Gabrk (v),144,113,23.8,1.4,05.06.2026 00:55:00,Normalen promet
AC-A1,Čebulovica AC,Gabrk - Senožeče (p),0,0,0.0,0.0,05.06.2026 01:00:00,Ni podatka
AC-A1,Čebulovica AC,Gabrk - Senožeče (v),0,0,0.0,0.0,05.06.2026 01:00:00,Ni podatka
AC-A1,Čebulovica AC,Senožeče - Gabrk (p),0,0,0.0,0.0,05.06.2026 01:00:00,Ni prometa
AC-A1,Čebulovica AC,Senožeče - Gabrk (v),108,110,30.4,1.1,05.06.2026 01:00:00,Normalen promet
AC-A1,Čebulovica AC,Gabrk - Senožeče (p),0,0,0.0,0.0,05.06.2026 01:05:00,Ni podatka
AC-A1,Čebulovica AC,Gabrk - Senožeče (v),0,0,0.0,0.0,05.06.2026 01:05:00,Ni podatka
AC-A1,Čebulovica AC,Senožeče - Gabrk (p),12,124,759.8,0.1,05.06.2026 01:05:00,Normalen promet
AC-A1,Čebulovica AC,Senožeče - Gabrk (v),84,98,40.9,1.2,05.06.2026 01:05:00,Normalen promet
AC-A1,Čebulovica AC,Gabrk - Senožeče (p),0,0,0.0,0.0,05.06.2026 01:10:00,Ni podatka
AC-A1,Čebulovica AC,Gabrk - Senožeče (v),0,0,0.0,0.0,05.06.2026 01:10:00,Ni podatka
AC-A1,Čebulovica AC,Senožeče - Gabrk (p),24,130,189.8,0.1,05.06.2026 01:10:00,Normalen promet
AC-A1,Čebulovica AC,Senožeče - Gabrk (v),180,97,24.8,3.0,05.06.2026 01:10:00,Normalen promet
AC-A1,Čebulovica AC,Gabrk - Senožeče (p),0,0,0.0,0.0,05.06.2026 01:15:00,Ni podatka
AC-A1,Čebulovica AC,Gabrk - Senožeče (v),0,0,0.0,0.0,05.06.2026 01:15:00,Ni podatka
AC-A1,Čebulovica AC,Senožeče - Gabrk (p),0,0,0.0,0.0,05.06.2026 01:15:00,Normalen promet
AC-A1,Čebulovica AC,Senožeče - Gabrk (v),108,101,30.6,1.4,05.06.2026 01:15:00,Normalen promet
AC-A1,Čebulovica AC,Gabrk - Senožeče (p),0,0,0.0,0.0,05.06.2026 01:20:00,Ni podatka
AC-A1,Čebulovica AC,Gabrk - Senožeče (v),0,0,0.0,0.0,05.06.2026 01:20:00,Ni podatka
AC-A1,Čebulovica AC,Senožeče - Gabrk (p),12,111,510.3,0.1,05.06.2026 01:20:00,Normalen promet
AC-A1,Čebulovica AC,Senožeče - Gabrk (v),120,94,29.5,1.9,05.06.2026 01:20:00,Normalen promet
AC-A1,Čebulovica AC,Gabrk - Senožeče (p),0,0,0.0,0.0,05.06.2026 01:25:00,Ni podatka
AC-A1,Čebulovica AC,Gabrk - Senožeče (v),0,0,0.0,0.0,05.06.2026 01:25:00,Ni podatka
AC-A1,Čebulovica AC,Senožeče - Gabrk (p),36,131,135.2,0.2,05.06.2026 01:25:00,Normalen promet
AC-A1,Čebulovica AC,Senožeče - Gabrk (v),60,100,57.8,0.7,05.06.2026 01:25:00,Normalen promet
AC-A1,Čebulovica AC,Gabrk - Senožeče (p),0,0,0.0,0.0,05.06.2026 01:30:00,Ni podatka
AC-A1,Čebulovica AC,Gabrk - Senožeče (v),0,0,0.0,0.0,05.06.2026 01:30:00,Ni podatka
AC-A1,Čebulovica AC,Senožeče - Gabrk (p),36,142,96.5,0.2,05.06.2026 01:30:00,Normalen promet
AC-A1,Čebulovica AC,Senožeče - Gabrk (v),144,105,25.1,1.8,05.06.2026 01:30:00,Normalen promet
AC-A1,Čebulovica AC,Gabrk - Senožeče (p),0,0,0.0,0.0,05.06.2026 01:35:00,Ni podatka
AC-A1,Čebulovica AC,Gabrk - Senožeče (v),0,0,0.0,0.0,05.06.2026 01:35:00,Ni podatka
AC-A1,Čebulovica AC,Senožeče - Gabrk (p),0,0,0.0,0.0,05.06.2026 01:35:00,Normalen promet
AC-A1,Čebulovica AC,Senožeče - Gabrk (v),72,120,52.6,0.6,05.06.2026 01:35:00,Normalen promet
AC-A1,Čebulovica AC,Gabrk - Senožeče (p),0,0,0.0,0.0,05.06.2026 01:40:00,Ni podatka
AC-A1,Čebulovica AC,Gabrk - Senožeče (v),0,0,0.0,0.0,05.06.2026 01:40:00,Ni podatka
AC-A1,Čebulovica AC,Senožeče - Gabrk (p),0,0,0.0,0.0,05.06.2026 01:40:00,Ni prometa
AC-A1,Čebulovica AC,Senožeče - Gabrk (v),60,100,43.1,0.9,05.06.2026 01:40:00,Normalen promet
AC-A1,Čebulovica AC,Gabrk - Senožeče (p),0,0,0.0,0.0,05.06.2026 01:45:00,Ni podatka
AC-A1,Čebulovica AC,Gabrk - Senožeče (v),0,0,0.0,0.0,05.06.2026 01:45:00,Ni podatka
AC-A1,Čebulovica AC,Senožeče - Gabrk (p),12,138,794.2,0.1,05.06.2026 01:45:00,Normalen promet
AC-A1,Čebulovica AC,Senožeče - Gabrk (v),144,108,32.2,1.7,05.06.2026 01:45:00,Normalen promet
AC-A1,Čebulovica AC,Gabrk - Senožeče (p),0,0,0.0,0.0,05.06.2026 01:50:00,Ni podatka
AC-A1,Čebulovica AC,Gabrk - Senožeče (v),0,0,0.0,0.0,05.06.2026 01:50:00,Ni podatka
AC-A1,Čebulovica AC,Senožeče - Gabrk (p),12,118,497.2,0.1,05.06.2026 01:50:00,Normalen promet
AC-A1,Čebulovica AC,Senožeče - Gabrk (v),132,105,27.4,1.8,05.06.2026 01:50:00,Normalen promet
AC-A1,Čebulovica AC,Gabrk - Senožeče (p),0,0,0.0,0.0,05.06.2026 01:55:00,Ni podatka
AC-A1,Čebulovica AC,Gabrk - Senožeče (v),0,0,0.0,0.0,05.06.2026 01:55:00,Ni podatka
AC-A1,Čebulovica AC,Senožeče - Gabrk (p),0,0,0.0,0.0,05.06.2026 01:55:00,Normalen promet
AC-A1,Čebulovica AC,Senožeče - Gabrk (v),84,98,33.0,1.2,05.06.2026 01:55:00,Normalen promet
AC-A1,Čebulovica AC,Gabrk - Senožeče (p),0,0,0.0,0.0,05.06.2026 02:00:00,Ni podatka
AC-A1,Čebulovica AC,Gabrk - Senožeče (v),0,0,0.0,0.0,05.06.2026 02:00:00,Ni podatka
AC-A1,Čebulovica AC,Senožeče - Gabrk (p),0,0,0.0,0.0,05.06.2026 02:00:00,Ni prometa
AC-A1,Čebulovica AC,Senožeče - Gabrk (v),156,99,27.5,2.1,05.06.2026 02:00:00,Normalen promet
AC-A1,Čebulovica AC,Gabrk - Senožeče (p),0,0,0.0,0.0,05.06.2026 02:05:00,Ni podatka
AC-A1,Čebulovica AC,Gabrk - Senožeče (v),0,0,0.0,0.0,05.06.2026 02:05:00,Ni podatka
AC-A1,Čebulovica AC,Senožeče - Gabrk (p),0,0,0.0,0.0,05.06.2026 02:05:00,Ni prometa
AC-A1,Čebulovica AC,Senožeče - Gabrk (v),84,101,45.4,1.0,05.06.2026 02:05:00,Normalen promet
AC-A1,Čebulovica AC,Gabrk - Senožeče (p),0,0,0.0,0.0,05.06.2026 02:10:00,Ni podatka
AC-A1,Čebulovica AC,Gabrk - Senožeče (v),0,0,0.0,0.0,05.06.2026 02:10:00,Ni podatka
AC-A1,Čebulovica AC,Senožeče - Gabrk (p),12,160,1065.0,0.1,05.06.2026 02:10:00,Normalen promet
AC-A1,Čebulovica AC,Senožeče - Gabrk (v),120,101,27.4,1.8,05.06.2026 02:10:00,Normalen promet
AC-A1,Čebulovica AC,Gabrk - Senožeče (p),0,0,0.0,0.0,05.06.2026 02:15:00,Ni podatka
AC-A1,Čebulovica AC,Gabrk - Senožeče (v),0,0,0.0,0.0,05.06.2026 02:15:00,Ni podatka
AC-A1,Čebulovica AC,Senožeče - Gabrk (p),0,0,0.0,0.0,05.06.2026 02:15:00,Normalen promet
AC-A1,Čebulovica AC,Senožeče - Gabrk (v),120,99,33.4,1.7,05.06.2026 02:15:00,Normalen promet
AC-A1,Čebulovica AC,Gabrk - Senožeče (p),0,0,0.0,0.0,05.06.2026 02:20:00,Ni podatka
AC-A1,Čebulovica AC,Gabrk - Senožeče (v),0,0,0.0,0.0,05.06.2026 02:20:00,Ni podatka
AC-A1,Čebulovica AC,Senožeče - Gabrk (p),0,0,0.0,0.0,05.06.2026 02:20:00,Ni prometa
AC-A1,Čebulovica AC,Senožeče - Gabrk (v),48,103,64.0,0.6,05.06.2026 02:20:00,Normalen promet
AC-A1,Čebulovica AC,Gabrk - Senožeče (p),0,0,0.0,0.0,05.06.2026 02:25:00,Ni podatka
AC-A1,Čebulovica AC,Gabrk - Senožeče (v),0,0,0.0,0.0,05.06.2026 02:25:00,Ni podatka
AC-A1,Čebulovica AC,Senožeče - Gabrk (p),0,0,0.0,0.0,05.06.2026 02:25:00,Ni prometa
AC-A1,Čebulovica AC,Senožeče - Gabrk (v),96,108,41.3,1.1,05.06.2026 02:25:00,Normalen promet
AC-A1,Čebulovica AC,Gabrk - Senožeče (p),0,0,0.0,0.0,05.06.2026 02:30:00,Ni podatka
AC-A1,Čebulovica AC,Gabrk - Senožeče (v),0,0,0.0,0.0,05.06.2026 02:30:00,Ni podatka
AC-A1,Čebulovica AC,Senožeče - Gabrk (p),0,0,0.0,0.0,05.06.2026 02:30:00,Ni prometa
AC-A1,Čebulovica AC,Senožeče - Gabrk (v),132,103,23.8,1.9,05.06.2026 02:30:00,Normalen promet
AC-A1,Čebulovica AC,Gabrk - Senožeče (p),0,0,0.0,0.0,05.06.2026 02:35:00,Ni podatka
AC-A1,Čebulovica AC,Gabrk - Senožeče (v),0,0,0.0,0.0,05.06.2026 02:35:00,Ni podatka
AC-A1,Čebulovica AC,Senožeče - Gabrk (p),0,0,0.0,0.0,05.06.2026 02:35:00,Ni prometa
AC-A1,Čebulovica AC,Senožeče - Gabrk (v),156,100,24.9,2.3,05.06.2026 02:35:00,Normalen promet
AC-A1,Čebulovica AC,Gabrk - Senožeče (p),0,0,0.0,0.0,05.06.2026 02:40:00,Ni podatka
AC-A1,Čebulovica AC,Gabrk - Senožeče (v),0,0,0.0,0.0,05.06.2026 02:40:00,Ni podatka
AC-A1,Čebulovica AC,Senožeče - Gabrk (p),0,0,0.0,0.0,05.06.2026 02:40:00,Ni prometa
AC-A1,Čebulovica AC,Senožeče - Gabrk (v),72,108,54.1,0.8,05.06.2026 02:40:00,Normalen promet
AC-A1,Čebulovica AC,Gabrk - Senožeče (p),0,0,0.0,0.0,05.06.2026 02:45:00,Ni podatka
AC-A1,Čebulovica AC,Gabrk - Senožeče (v),0,0,0.0,0.0,05.06.2026 02:45:00,Ni podatka
AC-A1,Čebulovica AC,Senožeče - Gabrk (p),0,0,0.0,0.0,05.06.2026 02:45:00,Ni prometa
AC-A1,Čebulovica AC,Senožeče - Gabrk (v),108,103,31.4,1.5,05.06.2026 02:45:00,Normalen promet
AC-A1,Čebulovica AC,Gabrk - Senožeče (p),0,0,0.0,0.0,05.06.2026 02:50:00,Ni podatka
AC-A1,Čebulovica AC,Gabrk - Senožeče (v),0,0,0.0,0.0,05.06.2026 02:50:00,Ni podatka
AC-A1,Čebulovica AC,Senožeče - Gabrk (p),0,0,0.0,0.0,05.06.2026 02:50:00,Ni prometa
AC-A1,Čebulovica AC,Senožeče - Gabrk (v),60,119,53.4,0.4,05.06.2026 02:50:00,Normalen promet
AC-A1,Čebulovica AC,Gabrk - Senožeče (p),0,0,0.0,0.0,05.06.2026 02:55:00,Ni podatka
AC-A1,Čebulovica AC,Gabrk - Senožeče (v),0,0,0.0,0.0,05.06.2026 02:55:00,Ni podatka
AC-A1,Čebulovica AC,Senožeče - Gabrk (p),12,120,2821.4,0.1,05.06.2026 02:55:00,Normalen promet
AC-A1,Čebulovica AC,Senožeče - Gabrk (v),72,104,50.8,0.8,05.06.2026 02:55:00,Normalen promet
AC-A1,Čebulovica AC,Gabrk - Senožeče (p),0,0,0.0,0.0,05.06.2026 03:00:00,Ni podatka
AC-A1,Čebulovica AC,Gabrk - Senožeče (v),0,0,0.0,0.0,05.06.2026 03:00:00,Ni podatka
AC-A1,Čebulovica AC,Senožeče - Gabrk (p),12,120,90.3,0.1,05.06.2026 03:00:00,Normalen promet
AC-A1,Čebulovica AC,Senožeče - Gabrk (v),108,95,31.6,2.0,05.06.2026 03:00:00,Normalen promet
AC-A1,Čebulovica AC,Gabrk - Senožeče (p),0,0,0.0,0.0,05.06.2026 03:05:00,Ni podatka
AC-A1,Čebulovica AC,Gabrk - Senožeče (v),0,0,0.0,0.0,05.06.2026 03:05:00,Ni podatka
AC-A1,Čebulovica AC,Senožeče - Gabrk (p),0,0,0.0,0.0,05.06.2026 03:05:00,Normalen promet
AC-A1,Čebulovica AC,Senožeče - Gabrk (v),108,96,34.8,1.9,05.06.2026 03:05:00,Normalen promet
AC-A1,Čebulovica AC,Gabrk - Senožeče (p),0,0,0.0,0.0,05.06.2026 03:10:00,Ni podatka
AC-A1,Čebulovica AC,Gabrk - Senožeče (v),0,0,0.0,0.0,05.06.2026 03:10:00,Ni podatka
AC-A1,Čebulovica AC,Senožeče - Gabrk (p),0,0,0.0,0.0,05.06.2026 03:10:00,Ni prometa
AC-A1,Čebulovica AC,Senožeče - Gabrk (v),144,91,29.0,2.6,05.06.2026 03:10:00,Normalen promet
AC-A1,Čebulovica AC,Gabrk - Senožeče (p),0,0,0.0,0.0,05.06.2026 03:15:00,Ni podatka
AC-A1,Čebulovica AC,Gabrk - Senožeče (v),0,0,0.0,0.0,05.06.2026 03:15:00,Ni podatka
AC-A1,Čebulovica AC,Senožeče - Gabrk (p),12,129,1065.5,0.1,05.06.2026 03:15:00,Normalen promet
AC-A1,Čebulovica AC,Senožeče - Gabrk (v),144,103,22.4,1.7,05.06.2026 03:15:00,Normalen promet
AC-A1,Čebulovica AC,Gabrk - Senožeče (p),0,0,0.0,0.0,05.06.2026 03:20:00,Ni podatka
AC-A1,Čebulovica AC,Gabrk - Senožeče (v),0,0,0.0,0.0,05.06.2026 03:20:00,Ni podatka
AC-A1,Čebulovica AC,Senožeče - Gabrk (p),36,122,132.0,0.2,05.06.2026 03:20:00,Normalen promet
AC-A1,Čebulovica AC,Senožeče - Gabrk (v),120,101,30.6,1.9,05.06.2026 03:20:00,Normalen promet
AC-A1,Čebulovica AC,Gabrk - Senožeče (p),0,0,0.0,0.0,05.06.2026 03:25:00,Ni podatka
AC-A1,Čebulovica AC,Gabrk - Senožeče (v),0,0,0.0,0.0,05.06.2026 03:25:00,Ni podatka
AC-A1,Čebulovica AC,Senožeče - Gabrk (p),36,114,97.5,0.4,05.06.2026 03:25:00,Normalen promet
AC-A1,Čebulovica AC,Senožeče - Gabrk (v),144,95,26.4,2.7,05.06.2026 03:25:00,Normalen promet
AC-A1,Čebulovica AC,Gabrk - Senožeče (p),0,0,0.0,0.0,05.06.2026 03:30:00,Ni podatka
AC-A1,Čebulovica AC,Gabrk - Senožeče (v),0,0,0.0,0.0,05.06.2026 03:30:00,Ni podatka
AC-A1,Čebulovica AC,Senožeče - Gabrk (p),0,0,0.0,0.0,05.06.2026 03:30:00,Normalen promet
AC-A1,Čebulovica AC,Senožeče - Gabrk (v),168,101,21.5,2.2,05.06.2026 03:30:00,Normalen promet
AC-A1,Čebulovica AC,Gabrk - Senožeče (p),0,0,0.0,0.0,05.06.2026 03:35:00,Ni podatka
AC-A1,Čebulovica AC,Gabrk - Senožeče (v),0,0,0.0,0.0,05.06.2026 03:35:00,Ni podatka
AC-A1,Čebulovica AC,Senožeče - Gabrk (p),0,0,0.0,0.0,05.06.2026 03:35:00,Ni prometa
AC-A1,Čebulovica AC,Senožeče - Gabrk (v),144,97,25.0,2.4,05.06.2026 03:35:00,Normalen promet
AC-A1,Čebulovica AC,Gabrk - Senožeče (p),0,0,0.0,0.0,05.06.2026 03:40:00,Ni podatka
AC-A1,Čebulovica AC,Gabrk - Senožeče (v),0,0,0.0,0.0,05.06.2026 03:40:00,Ni podatka
AC-A1,Čebulovica AC,Senožeče - Gabrk (p),0,0,0.0,0.0,05.06.2026 03:40:00,Ni prometa
AC-A1,Čebulovica AC,Senožeče - Gabrk (v),120,98,21.2,2.0,05.06.2026 03:40:00,Normalen promet
AC-A1,Čebulovica AC,Gabrk - Senožeče (p),0,0,0.0,0.0,05.06.2026 03:45:00,Ni podatka
AC-A1,Čebulovica AC,Gabrk - Senožeče (v),0,0,0.0,0.0,05.06.2026 03:45:00,Ni podatka
AC-A1,Čebulovica AC,Senožeče - Gabrk (p),24,127,554.3,0.1,05.06.2026 03:45:00,Normalen promet
AC-A1,Čebulovica AC,Senožeče - Gabrk (v),96,102,45.4,1.3,05.06.2026 03:45:00,Normalen promet
AC-A1,Čebulovica AC,Gabrk - Senožeče (p),0,0,0.0,0.0,05.06.2026 03:50:00,Ni podatka
AC-A1,Čebulovica AC,Gabrk - Senožeče (v),0,0,0.0,0.0,05.06.2026 03:50:00,Ni podatka
AC-A1,Čebulovica AC,Senožeče - Gabrk (p),0,0,0.0,0.0,05.06.2026 03:50:00,Normalen promet
AC-A1,Čebulovica AC,Senožeče - Gabrk (v),84,103,40.9,1.2,05.06.2026 03:50:00,Normalen promet
AC-A1,Čebulovica AC,Gabrk - Senožeče (p),0,0,0.0,0.0,05.06.2026 03:55:00,Ni podatka
AC-A1,Čebulovica AC,Gabrk - Senožeče (v),0,0,0.0,0.0,05.06.2026 03:55:00,Ni podatka
AC-A1,Čebulovica AC,Senožeče - Gabrk (p),0,0,0.0,0.0,05.06.2026 03:55:00,Ni prometa
AC-A1,Čebulovica AC,Senožeče - Gabrk (v),60,95,59.2,0.8,05.06.2026 03:55:00,Normalen promet
AC-A1,Čebulovica AC,Gabrk - Senožeče (p),0,0,0.0,0.0,05.06.2026 04:00:00,Ni podatka
AC-A1,Čebulovica AC,Gabrk - Senožeče (v),0,0,0.0,0.0,05.06.2026 04:00:00,Ni podatka
AC-A1,Čebulovica AC,Senožeče - Gabrk (p),0,0,0.0,0.0,05.06.2026 04:00:00,Ni prometa
AC-A1,Čebulovica AC,Senožeče - Gabrk (v),60,97,65.2,1.1,05.06.2026 04:00:00,Normalen promet
AC-A1,Čebulovica AC,Gabrk - Senožeče (p),0,0,0.0,0.0,05.06.2026 04:05:00,Ni podatka
AC-A1,Čebulovica AC,Gabrk - Senožeče (v),0,0,0.0,0.0,05.06.2026 04:05:00,Ni podatka
AC-A1,Čebulovica AC,Senožeče - Gabrk (p),12,122,1138.0,0.1,05.06.2026 04:05:00,Normalen promet
AC-A1,Čebulovica AC,Senožeče - Gabrk (v),108,95,33.0,1.7,05.06.2026 04:05:00,Normalen promet
AC-A1,Čebulovica AC,Gabrk - Senožeče (p),0,0,0.0,0.0,05.06.2026 04:10:00,Ni podatka
AC-A1,Čebulovica AC,Gabrk - Senožeče (v),0,0,0.0,0.0,05.06.2026 04:10:00,Ni podatka
AC-A1,Čebulovica AC,Senožeče - Gabrk (p),12,138,359.5,0.1,05.06.2026 04:10:00,Normalen promet
AC-A1,Čebulovica AC,Senožeče - Gabrk (v),156,95,23.0,2.6,05.06.2026 04:10:00,Normalen promet
AC-A1,Čebulovica AC,Gabrk - Senožeče (p),0,0,0.0,0.0,05.06.2026 04:15:00,Ni podatka
AC-A1,Čebulovica AC,Gabrk - Senožeče (v),0,0,0.0,0.0,05.06.2026 04:15:00,Ni podatka
AC-A1,Čebulovica AC,Senožeče - Gabrk (p),36,147,64.9,0.2,05.06.2026 04:15:00,Normalen promet
AC-A1,Čebulovica AC,Senožeče - Gabrk (v),204,100,16.8,2.9,05.06.2026 04:15:00,Normalen promet
AC-A1,Čebulovica AC,Gabrk - Senožeče (p),0,0,0.0,0.0,05.06.2026 04:20:00,Ni podatka
AC-A1,Čebulovica AC,Gabrk - Senožeče (v),0,0,0.0,0.0,05.06.2026 04:20:00,Ni podatka
AC-A1,Čebulovica AC,Senožeče - Gabrk (p),24,127,225.8,0.1,05.06.2026 04:20:00,Normalen promet
AC-A1,Čebulovica AC,Senožeče - Gabrk (v),168,90,21.2,2.5,05.06.2026 04:20:00,Normalen promet
AC-A1,Čebulovica AC,Gabrk - Senožeče (p),0,0,0.0,0.0,05.06.2026 04:25:00,Ni podatka
AC-A1,Čebulovica AC,Gabrk - Senožeče (v),0,0,0.0,0.0,05.06.2026 04:25:00,Ni podatka
AC-A1,Čebulovica AC,Senožeče - Gabrk (p),12,147,321.8,0.1,05.06.2026 04:25:00,Normalen promet
AC-A1,Čebulovica AC,Senožeče - Gabrk (v),156,92,20.4,2.9,05.06.2026 04:25:00,Normalen promet
AC-A1,Čebulovica AC,Gabrk - Senožeče (p),0,0,0.0,0.0,05.06.2026 04:30:00,Ni podatka
AC-A1,Čebulovica AC,Gabrk - Senožeče (v),0,0,0.0,0.0,05.06.2026 04:30:00,Ni podatka
AC-A1,Čebulovica AC,Senožeče - Gabrk (p),0,0,0.0,0.0,05.06.2026 04:30:00,Normalen promet
AC-A1,Čebulovica AC,Senožeče - Gabrk (v),96,94,38.0,1.6,05.06.2026 04:30:00,Normalen promet
AC-A1,Čebulovica AC,Gabrk - Senožeče (p),0,0,0.0,0.0,05.06.2026 04:35:00,Ni podatka
AC-A1,Čebulovica AC,Gabrk - Senožeče (v),0,0,0.0,0.0,05.06.2026 04:35:00,Ni podatka
AC-A1,Čebulovica AC,Senožeče - Gabrk (p),24,113,250.1,0.2,05.06.2026 04:35:00,Normalen promet
AC-A1,Čebulovica AC,Senožeče - Gabrk (v),216,104,19.2,2.7,05.06.2026 04:35:00,Normalen promet
AC-A1,Čebulovica AC,Gabrk - Senožeče (p),0,0,0.0,0.0,05.06.2026 04:40:00,Ni podatka
AC-A1,Čebulovica AC,Gabrk - Senožeče (v),0,0,0.0,0.0,05.06.2026 04:40:00,Ni podatka
AC-A1,Čebulovica AC,Senožeče - Gabrk (p),24,132,178.2,0.2,05.06.2026 04:40:00,Normalen promet
AC-A1,Čebulovica AC,Senožeče - Gabrk (v),204,98,16.1,3.2,05.06.2026 04:40:00,Normalen promet
AC-A1,Čebulovica AC,Gabrk - Senožeče (p),0,0,0.0,0.0,05.06.2026 04:45:00,Ni podatka
AC-A1,Čebulovica AC,Gabrk - Senožeče (v),0,0,0.0,0.0,05.06.2026 04:45:00,Ni podatka
AC-A1,Čebulovica AC,Senožeče - Gabrk (p),12,133,248.8,0.1,05.06.2026 04:45:00,Normalen promet
AC-A1,Čebulovica AC,Senožeče - Gabrk (v),204,102,15.6,2.6,05.06.2026 04:45:00,Normalen promet
AC-A1,Čebulovica AC,Gabrk - Senožeče (p),0,0,0.0,0.0,05.06.2026 04:50:00,Ni podatka
AC-A1,Čebulovica AC,Gabrk - Senožeče (v),0,0,0.0,0.0,05.06.2026 04:50:00,Ni podatka
AC-A1,Čebulovica AC,Senožeče - Gabrk (p),24,128,204.4,0.1,05.06.2026 04:50:00,Normalen promet
AC-A1,Čebulovica AC,Senožeče - Gabrk (v),180,106,23.4,1.9,05.06.2026 04:50:00,Normalen promet
AC-A1,Čebulovica AC,Gabrk - Senožeče (p),0,0,0.0,0.0,05.06.2026 04:55:00,Ni podatka
AC-A1,Čebulovica AC,Gabrk - Senožeče (v),0,0,0.0,0.0,05.06.2026 04:55:00,Ni podatka
AC-A1,Čebulovica AC,Senožeče - Gabrk (p),12,122,61.3,0.1,05.06.2026 04:55:00,Normalen promet
AC-A1,Čebulovica AC,Senožeče - Gabrk (v),156,101,22.1,2.2,05.06.2026 04:55:00,Normalen promet
AC-A1,Čebulovica AC,Gabrk - Senožeče (p),0,0,0.0,0.0,05.06.2026 05:00:00,Ni podatka
AC-A1,Čebulovica AC,Gabrk - Senožeče (v),0,0,0.0,0.0,05.06.2026 05:00:00,Ni podatka
AC-A1,Čebulovica AC,Senožeče - Gabrk (p),36,126,195.8,0.2,05.06.2026 05:00:00,Normalen promet
AC-A1,Čebulovica AC,Senožeče - Gabrk (v),192,112,19.4,2.0,05.06.2026 05:00:00,Normalen promet
AC-A1,Čebulovica AC,Gabrk - Senožeče (p),0,0,0.0,0.0,05.06.2026 05:05:00,Ni podatka
AC-A1,Čebulovica AC,Gabrk - Senožeče (v),0,0,0.0,0.0,05.06.2026 05:05:00,Ni podatka
AC-A1,Čebulovica AC,Senožeče - Gabrk (p),36,127,52.5,0.2,05.06.2026 05:05:00,Normalen promet
AC-A1,Čebulovica AC,Senožeče - Gabrk (v),192,102,16.3,2.6,05.06.2026 05:05:00,Normalen promet
AC-A1,Čebulovica AC,Gabrk - Senožeče (p),0,0,0.0,0.0,05.06.2026 05:10:00,Ni podatka
AC-A1,Čebulovica AC,Gabrk - Senožeče (v),0,0,0.0,0.0,05.06.2026 05:10:00,Ni podatka
AC-A1,Čebulovica AC,Senožeče - Gabrk (p),24,116,218.4,0.2,05.06.2026 05:10:00,Normalen promet
AC-A1,Čebulovica AC,Senožeče - Gabrk (v),228,101,18.1,2.9,05.06.2026 05:10:00,Normalen promet
AC-A1,Čebulovica AC,Gabrk - Senožeče (p),0,0,0.0,0.0,05.06.2026 05:15:00,Ni podatka
AC-A1,Čebulovica AC,Gabrk - Senožeče (v),0,0,0.0,0.0,05.06.2026 05:15:00,Ni podatka
AC-A1,Čebulovica AC,Senožeče - Gabrk (p),84,137,37.5,0.5,05.06.2026 05:15:00,Normalen promet
AC-A1,Čebulovica AC,Senožeče - Gabrk (v),300,101,12.3,4.1,05.06.2026 05:15:00,Normalen promet
AC-A1,Čebulovica AC,Gabrk - Senožeče (p),0,0,0.0,0.0,05.06.2026 05:20:00,Ni podatka
AC-A1,Čebulovica AC,Gabrk - Senožeče (v),0,0,0.0,0.0,05.06.2026 05:20:00,Ni podatka
AC-A1,Čebulovica AC,Senožeče - Gabrk (p),36,123,89.6,0.2,05.06.2026 05:20:00,Normalen promet
AC-A1,Čebulovica AC,Senožeče - Gabrk (v),300,96,10.3,4.8,05.06.2026 05:20:00,Normalen promet
AC-A1,Čebulovica AC,Gabrk - Senožeče (p),0,0,0.0,0.0,05.06.2026 05:25:00,Ni podatka
AC-A1,Čebulovica AC,Gabrk - Senožeče (v),0,0,0.0,0.0,05.06.2026 05:25:00,Ni podatka
AC-A1,Čebulovica AC,Senožeče - Gabrk (p),96,119,41.3,0.8,05.06.2026 05:25:00,Normalen promet
AC-A1,Čebulovica AC,Senožeče - Gabrk (v),396,100,10.1,5.5,05.06.2026 05:25:00,Normalen promet
AC-A1,Čebulovica AC,Gabrk - Senožeče (p),0,0,0.0,0.0,05.06.2026 05:30:00,Ni podatka
AC-A1,Čebulovica AC,Gabrk - Senožeče (v),0,0,0.0,0.0,05.06.2026 05:30:00,Ni podatka
AC-A1,Čebulovica AC,Senožeče - Gabrk (p),84,138,39.4,0.5,05.06.2026 05:30:00,Normalen promet
AC-A1,Čebulovica AC,Senožeče - Gabrk (v),432,108,9.0,5.2,05.06.2026 05:30:00,Normalen promet
AC-A1,Čebulovica AC,Gabrk - Senožeče (p),0,0,0.0,0.0,05.06.2026 05:35:00,Ni podatka
AC-A1,Čebulovica AC,Gabrk - Senožeče (v),0,0,0.0,0.0,05.06.2026 05:35:00,Ni podatka
AC-A1,Čebulovica AC,Senožeče - Gabrk (p),48,128,92.4,0.4,05.06.2026 05:35:00,Normalen promet
AC-A1,Čebulovica AC,Senožeče - Gabrk (v),372,112,9.6,3.6,05.06.2026 05:35:00,Normalen promet
AC-A1,Čebulovica AC,Gabrk - Senožeče (p),0,0,0.0,0.0,05.06.2026 05:40:00,Ni podatka
AC-A1,Čebulovica AC,Gabrk - Senožeče (v),0,0,0.0,0.0,05.06.2026 05:40:00,Ni podatka
AC-A1,Čebulovica AC,Senožeče - Gabrk (p),108,131,30.4,0.7,05.06.2026 05:40:00,Normalen promet
AC-A1,Čebulovica AC,Senožeče - Gabrk (v),396,104,9.2,5.3,05.06.2026 05:40:00,Normalen promet
AC-A1,Čebulovica AC,Gabrk - Senožeče (p),0,0,0.0,0.0,05.06.2026 05:45:00,Ni podatka
AC-A1,Čebulovica AC,Gabrk - Senožeče (v),0,0,0.0,0.0,05.06.2026 05:45:00,Ni podatka
AC-A1,Čebulovica AC,Senožeče - Gabrk (p),60,129,61.5,0.3,05.06.2026 05:45:00,Normalen promet
AC-A1,Čebulovica AC,Senožeče - Gabrk (v),360,101,9.8,4.9,05.06.2026 05:45:00,Normalen promet
AC-A1,Čebulovica AC,Gabrk - Senožeče (p),0,0,0.0,0.0,05.06.2026 05:50:00,Ni podatka
AC-A1,Čebulovica AC,Gabrk - Senožeče (v),0,0,0.0,0.0,05.06.2026 05:50:00,Ni podatka
AC-A1,Čebulovica AC,Senožeče - Gabrk (p),156,136,22.4,1.1,05.06.2026 05:50:00,Normalen promet
AC-A1,Čebulovica AC,Senožeče - Gabrk (v),396,104,9.2,5.6,05.06.2026 05:50:00,Normalen promet
AC-A1,Čebulovica AC,Gabrk - Senožeče (p),0,0,0.0,0.0,05.06.2026 05:55:00,Ni podatka
AC-A1,Čebulovica AC,Gabrk - Senožeče (v),0,0,0.0,0.0,05.06.2026 05:55:00,Ni podatka
AC-A1,Čebulovica AC,Senožeče - Gabrk (p),156,140,23.5,0.9,05.06.2026 05:55:00,Normalen promet
AC-A1,Čebulovica AC,Senožeče - Gabrk (v),480,108,7.7,6.1,05.06.2026 05:55:00,Povečan promet
AC-A1,Čebulovica AC,Gabrk - Senožeče (p),0,0,0.0,0.0,05.06.2026 06:00:00,Ni podatka
AC-A1,Čebulovica AC,Gabrk - Senožeče (v),0,0,0.0,0.0,05.06.2026 06:00:00,Ni podatka
AC-A1,Čebulovica AC,Senožeče - Gabrk (p),108,142,34.0,0.6,05.06.2026 06:00:00,Normalen promet
AC-A1,Čebulovica AC,Senožeče - Gabrk (v),420,110,8.7,5.2,05.06.2026 06:00:00,Normalen promet
AC-A1,Čebulovica AC,Gabrk - Senožeče (p),0,0,0.0,0.0,05.06.2026 06:05:00,Ni podatka
AC-A1,Čebulovica AC,Gabrk - Senožeče (v),0,0,0.0,0.0,05.06.2026 06:05:00,Ni podatka
AC-A1,Čebulovica AC,Senožeče - Gabrk (p),144,136,21.5,0.8,05.06.2026 06:05:00,Normalen promet
AC-A1,Čebulovica AC,Senožeče - Gabrk (v),588,106,6.0,6.9,05.06.2026 06:05:00,Povečan promet
AC-A1,Čebulovica AC,Gabrk - Senožeče (p),0,0,0.0,0.0,05.06.2026 06:10:00,Ni podatka
AC-A1,Čebulovica AC,Gabrk - Senožeče (v),0,0,0.0,0.0,05.06.2026 06:10:00,Ni podatka
AC-A1,Čebulovica AC,Senožeče - Gabrk (p),300,128,11.2,1.9,05.06.2026 06:10:00,Normalen promet
AC-A1,Čebulovica AC,Senožeče - Gabrk (v),588,98,5.6,8.8,05.06.2026 06:10:00,Povečan promet
AC-A1,Čebulovica AC,Gabrk - Senožeče (p),0,0,0.0,0.0,05.06.2026 06:15:00,Ni podatka
AC-A1,Čebulovica AC,Gabrk - Senožeče (v),0,0,0.0,0.0,05.06.2026 06:15:00,Ni podatka
AC-A1,Čebulovica AC,Senožeče - Gabrk (p),228,134,17.7,1.5,05.06.2026 06:15:00,Normalen promet
AC-A1,Čebulovica AC,Senožeče - Gabrk (v),420,112,9.0,4.2,05.06.2026 06:15:00,Normalen promet
AC-A1,Čebulovica AC,Gabrk - Senožeče (p),0,0,0.0,0.0,05.06.2026 06:20:00,Ni podatka
AC-A1,Čebulovica AC,Gabrk - Senožeče (v),0,0,0.0,0.0,05.06.2026 06:20:00,Ni podatka
AC-A1,Čebulovica AC,Senožeče - Gabrk (p),468,135,8.1,2.9,05.06.2026 06:20:00,Normalen promet
AC-A1,Čebulovica AC,Senožeče - Gabrk (v),732,107,5.4,8.2,05.06.2026 06:20:00,Zgoščen promet
AC-A1,Čebulovica AC,Gabrk - Senožeče (p),0,0,0.0,0.0,05.06.2026 06:25:00,Ni podatka
AC-A1,Čebulovica AC,Gabrk - Senožeče (v),0,0,0.0,0.0,05.06.2026 06:25:00,Ni podatka
AC-A1,Čebulovica AC,Senožeče - Gabrk (p),576,136,6.7,3.5,05.06.2026 06:25:00,Povečan promet
AC-A1,Čebulovica AC,Senožeče - Gabrk (v),744,112,4.8,7.3,05.06.2026 06:25:00,Povečan promet
AC-A1,Čebulovica AC,Gabrk - Senožeče (p),0,0,0.0,0.0,05.06.2026 06:30:00,Ni podatka
AC-A1,Čebulovica AC,Gabrk - Senožeče (v),0,0,0.0,0.0,05.06.2026 06:30:00,Ni podatka
AC-A1,Čebulovica AC,Senožeče - Gabrk (p),468,137,8.0,2.8,05.06.2026 06:30:00,Normalen promet
AC-A1,Čebulovica AC,Senožeče - Gabrk (v),756,115,4.8,6.6,05.06.2026 06:30:00,Povečan promet
AC-A1,Čebulovica AC,Gabrk - Senožeče (p),0,0,0.0,0.0,05.06.2026 06:35:00,Ni podatka
AC-A1,Čebulovica AC,Gabrk - Senožeče (v),0,0,0.0,0.0,05.06.2026 06:35:00,Ni podatka
AC-A1,Čebulovica AC,Senožeče - Gabrk (p),588,136,6.6,3.6,05.06.2026 06:35:00,Povečan promet
AC-A1,Čebulovica AC,Senožeče - Gabrk (v),852,106,3.9,10.3,05.06.2026 06:35:00,Zgoščen promet
AC-A1,Čebulovica AC,Gabrk - Senožeče (p),0,0,0.0,0.0,05.06.2026 06:40:00,Ni podatka
AC-A1,Čebulovica AC,Gabrk - Senožeče (v),0,0,0.0,0.0,05.06.2026 06:40:00,Ni podatka
AC-A1,Čebulovica AC,Senožeče - Gabrk (p),576,134,6.0,3.5,05.06.2026 06:40:00,Povečan promet
AC-A1,Čebulovica AC,Senožeče - Gabrk (v),804,109,4.3,8.9,05.06.2026 06:40:00,Zgoščen promet
AC-A1,Čebulovica AC,Gabrk - Senožeče (p),0,0,0.0,0.0,05.06.2026 06:45:00,Ni podatka
AC-A1,Čebulovica AC,Gabrk - Senožeče (v),0,0,0.0,0.0,05.06.2026 06:45:00,Ni podatka
AC-A1,Čebulovica AC,Senožeče - Gabrk (p),444,136,8.3,2.8,05.06.2026 06:45:00,Normalen promet
AC-A1,Čebulovica AC,Senožeče - Gabrk (v),792,112,4.6,7.7,05.06.2026 06:45:00,Povečan promet
AC-A1,Čebulovica AC,Gabrk - Senožeče (p),0,0,0.0,0.0,05.06.2026 06:50:00,Ni podatka
AC-A1,Čebulovica AC,Gabrk - Senožeče (v),0,0,0.0,0.0,05.06.2026 06:50:00,Ni podatka
AC-A1,Čebulovica AC,Senožeče - Gabrk (p),684,135,5.6,4.2,05.06.2026 06:50:00,Povečan promet
AC-A1,Čebulovica AC,Senožeče - Gabrk (v),792,109,4.6,7.9,05.06.2026 06:50:00,Povečan promet
AC-A1,Čebulovica AC,Gabrk - Senožeče (p),0,0,0.0,0.0,05.06.2026 06:55:00,Ni podatka
AC-A1,Čebulovica AC,Gabrk - Senožeče (v),0,0,0.0,0.0,05.06.2026 06:55:00,Ni podatka
AC-A1,Čebulovica AC,Senožeče - Gabrk (p),528,127,6.6,3.6,05.06.2026 06:55:00,Povečan promet
AC-A1,Čebulovica AC,Senožeče - Gabrk (v),768,108,4.7,8.2,05.06.2026 06:55:00,Zgoščen promet
AC-A1,Čebulovica AC,Gabrk - Senožeče (p),0,0,0.0,0.0,05.06.2026 07:00:00,Ni podatka
AC-A1,Čebulovica AC,Gabrk - Senožeče (v),0,0,0.0,0.0,05.06.2026 07:00:00,Ni podatka
AC-A1,Čebulovica AC,Senožeče - Gabrk (p),384,132,9.4,2.6,05.06.2026 07:00:00,Normalen promet
AC-A1,Čebulovica AC,Senožeče - Gabrk (v),732,109,5.3,7.4,05.06.2026 07:00:00,Povečan promet
AC-A1,Čebulovica AC,Gabrk - Senožeče (p),0,0,0.0,0.0,05.06.2026 07:05:00,Ni podatka
AC-A1,Čebulovica AC,Gabrk - Senožeče (v),0,0,0.0,0.0,05.06.2026 07:05:00,Ni podatka
AC-A1,Čebulovica AC,Senožeče - Gabrk (p),444,135,8.2,2.7,05.06.2026 07:05:00,Normalen promet
AC-A1,Čebulovica AC,Senožeče - Gabrk (v),804,110,4.5,8.1,05.06.2026 07:05:00,Zgoščen promet
AC-A1,Čebulovica AC,Gabrk - Senožeče (p),0,0,0.0,0.0,05.06.2026 07:10:00,Ni podatka
AC-A1,Čebulovica AC,Gabrk - Senožeče (v),0,0,0.0,0.0,05.06.2026 07:10:00,Ni podatka
AC-A1,Čebulovica AC,Senožeče - Gabrk (p),564,130,6.5,3.7,05.06.2026 07:10:00,Povečan promet
AC-A1,Čebulovica AC,Senožeče - Gabrk (v),864,108,3.9,9.6,05.06.2026 07:10:00,Zgoščen promet
AC-A1,Čebulovica AC,Gabrk - Senožeče (p),0,0,0.0,0.0,05.06.2026 07:15:00,Ni podatka
AC-A1,Čebulovica AC,Gabrk - Senožeče (v),0,0,0.0,0.0,05.06.2026 07:15:00,Ni podatka
AC-A1,Čebulovica AC,Senožeče - Gabrk (p),408,134,9.1,2.5,05.06.2026 07:15:00,Normalen promet
AC-A1,Čebulovica AC,Senožeče - Gabrk (v),828,111,4.3,8.0,05.06.2026 07:15:00,Povečan promet
AC-A1,Čebulovica AC,Gabrk - Senožeče (p),0,0,0.0,0.0,05.06.2026 07:20:00,Ni podatka
AC-A1,Čebulovica AC,Gabrk - Senožeče (v),0,0,0.0,0.0,05.06.2026 07:20:00,Ni podatka
AC-A1,Čebulovica AC,Senožeče - Gabrk (p),480,135,7.9,3.0,05.06.2026 07:20:00,Normalen promet
AC-A1,Čebulovica AC,Senožeče - Gabrk (v),816,112,4.5,7.7,05.06.2026 07:20:00,Povečan promet
AC-A1,Čebulovica AC,Gabrk - Senožeče (p),0,0,0.0,0.0,05.06.2026 07:25:00,Ni podatka
AC-A1,Čebulovica AC,Gabrk - Senožeče (v),0,0,0.0,0.0,05.06.2026 07:25:00,Ni podatka
AC-A1,Čebulovica AC,Senožeče - Gabrk (p),480,136,7.5,2.9,05.06.2026 07:25:00,Normalen promet
AC-A1,Čebulovica AC,Senožeče - Gabrk (v),876,106,4.3,8.7,05.06.2026 07:25:00,Zgoščen promet
AC-A1,Čebulovica AC,Gabrk - Senožeče (p),0,0,0.0,0.0,05.06.2026 07:30:00,Ni podatka
AC-A1,Čebulovica AC,Gabrk - Senožeče (v),0,0,0.0,0.0,05.06.2026 07:30:00,Ni podatka
AC-A1,Čebulovica AC,Senožeče - Gabrk (p),528,137,7.0,3.2,05.06.2026 07:30:00,Povečan promet
AC-A1,Čebulovica AC,Senožeče - Gabrk (v),828,106,4.5,8.7,05.06.2026 07:30:00,Zgoščen promet
AC-A1,Čebulovica AC,Gabrk - Senožeče (p),0,0,0.0,0.0,05.06.2026 07:35:00,Ni podatka
AC-A1,Čebulovica AC,Gabrk - Senožeče (v),0,0,0.0,0.0,05.06.2026 07:35:00,Ni podatka
AC-A1,Čebulovica AC,Senožeče - Gabrk (p),504,135,7.2,3.1,05.06.2026 07:35:00,Normalen promet
AC-A1,Čebulovica AC,Senožeče - Gabrk (v),780,108,4.5,7.8,05.06.2026 07:35:00,Povečan promet
AC-A1,Čebulovica AC,Gabrk - Senožeče (p),0,0,0.0,0.0,05.06.2026 07:40:00,Ni podatka
AC-A1,Čebulovica AC,Gabrk - Senožeče (v),0,0,0.0,0.0,05.06.2026 07:40:00,Ni podatka
AC-A1,Čebulovica AC,Senožeče - Gabrk (p),516,134,7.2,3.2,05.06.2026 07:40:00,Povečan promet
AC-A1,Čebulovica AC,Senožeče - Gabrk (v),792,109,4.9,7.9,05.06.2026 07:40:00,Povečan promet
AC-A1,Čebulovica AC,Gabrk - Senožeče (p),0,0,0.0,0.0,05.06.2026 07:45:00,Ni podatka
AC-A1,Čebulovica AC,Gabrk - Senožeče (v),0,0,0.0,0.0,05.06.2026 07:45:00,Ni podatka
AC-A1,Čebulovica AC,Senožeče - Gabrk (p),564,133,6.8,3.5,05.06.2026 07:45:00,Povečan promet
AC-A1,Čebulovica AC,Senožeče - Gabrk (v),900,108,4.2,10.1,05.06.2026 07:45:00,Zgoščen promet
AC-A1,Čebulovica AC,Gabrk - Senožeče (p),0,0,0.0,0.0,05.06.2026 07:50:00,Ni podatka
AC-A1,Čebulovica AC,Gabrk - Senožeče (v),0,0,0.0,0.0,05.06.2026 07:50:00,Ni podatka
AC-A1,Čebulovica AC,Senožeče - Gabrk (p),348,139,11.0,2.0,05.06.2026 07:50:00,Normalen promet
AC-A1,Čebulovica AC,Senožeče - Gabrk (v),660,112,5.3,6.5,05.06.2026 07:50:00,Povečan promet
AC-A1,Čebulovica AC,Gabrk - Senožeče (p),0,0,0.0,0.0,05.06.2026 07:55:00,Ni podatka
AC-A1,Čebulovica AC,Gabrk - Senožeče (v),0,0,0.0,0.0,05.06.2026 07:55:00,Ni podatka
AC-A1,Čebulovica AC,Senožeče - Gabrk (p),672,135,5.2,4.2,05.06.2026 07:55:00,Povečan promet
AC-A1,Čebulovica AC,Senožeče - Gabrk (v),900,107,4.3,9.7,05.06.2026 07:55:00,Zgoščen promet
AC-A1,Čebulovica AC,Gabrk - Senožeče (p),0,0,0.0,0.0,05.06.2026 08:00:00,Ni podatka
AC-A1,Čebulovica AC,Gabrk - Senožeče (v),0,0,0.0,0.0,05.06.2026 08:00:00,Ni podatka
AC-A1,Čebulovica AC,Senožeče - Gabrk (p),408,135,9.0,2.6,05.06.2026 08:00:00,Normalen promet
AC-A1,Čebulovica AC,Senožeče - Gabrk (v),744,110,4.7,6.8,05.06.2026 08:00:00,Povečan promet
AC-A1,Čebulovica AC,Gabrk - Senožeče (p),0,0,0.0,0.0,05.06.2026 08:05:00,Ni podatka
AC-A1,Čebulovica AC,Gabrk - Senožeče (v),0,0,0.0,0.0,05.06.2026 08:05:00,Ni podatka
AC-A1,Čebulovica AC,Senožeče - Gabrk (p),396,135,8.3,2.5,05.06.2026 08:05:00,Normalen promet
AC-A1,Čebulovica AC,Senožeče - Gabrk (v),744,111,4.6,7.9,05.06.2026 08:05:00,Povečan promet
AC-A1,Čebulovica AC,Gabrk - Senožeče (p),0,0,0.0,0.0,05.06.2026 08:10:00,Ni podatka
AC-A1,Čebulovica AC,Gabrk - Senožeče (v),0,0,0.0,0.0,05.06.2026 08:10:00,Ni podatka
AC-A1,Čebulovica AC,Senožeče - Gabrk (p),468,132,9.0,2.9,05.06.2026 08:10:00,Normalen promet
AC-A1,Čebulovica AC,Senožeče - Gabrk (v),780,105,4.3,9.4,05.06.2026 08:10:00,Zgoščen promet
AC-A1,Čebulovica AC,Gabrk - Senožeče (p),0,0,0.0,0.0,05.06.2026 08:15:00,Ni podatka
AC-A1,Čebulovica AC,Gabrk - Senožeče (v),0,0,0.0,0.0,05.06.2026 08:15:00,Ni podatka
AC-A1,Čebulovica AC,Senožeče - Gabrk (p),372,136,9.8,2.3,05.06.2026 08:15:00,Normalen promet
AC-A1,Čebulovica AC,Senožeče - Gabrk (v),768,113,4.5,6.8,05.06.2026 08:15:00,Povečan promet
AC-A1,Čebulovica AC,Gabrk - Senožeče (p),0,0,0.0,0.0,05.06.2026 08:20:00,Ni podatka
AC-A1,Čebulovica AC,Gabrk - Senožeče (v),0,0,0.0,0.0,05.06.2026 08:20:00,Ni podatka
AC-A1,Čebulovica AC,Senožeče - Gabrk (p),384,135,9.6,2.4,05.06.2026 08:20:00,Normalen promet
AC-A1,Čebulovica AC,Senožeče - Gabrk (v),684,105,5.3,7.9,05.06.2026 08:20:00,Povečan promet
AC-A1,Čebulovica AC,Gabrk - Senožeče (p),0,0,0.0,0.0,05.06.2026 08:25:00,Ni podatka
AC-A1,Čebulovica AC,Gabrk - Senožeče (v),0,0,0.0,0.0,05.06.2026 08:25:00,Ni podatka
AC-A1,Čebulovica AC,Senožeče - Gabrk (p),336,134,11.5,2.0,05.06.2026 08:25:00,Normalen promet
AC-A1,Čebulovica AC,Senožeče - Gabrk (v),828,107,4.8,8.9,05.06.2026 08:25:00,Zgoščen promet
AC-A1,Čebulovica AC,Gabrk - Senožeče (p),0,0,0.0,0.0,05.06.2026 08:30:00,Ni podatka
AC-A1,Čebulovica AC,Gabrk - Senožeče (v),0,0,0.0,0.0,05.06.2026 08:30:00,Ni podatka
AC-A1,Čebulovica AC,Senožeče - Gabrk (p),552,135,6.6,3.4,05.06.2026 08:30:00,Povečan promet
AC-A1,Čebulovica AC,Senožeče - Gabrk (v),708,111,5.5,7.1,05.06.2026 08:30:00,Povečan promet
AC-A1,Čebulovica AC,Gabrk - Senožeče (p),0,0,0.0,0.0,05.06.2026 08:35:00,Ni podatka
AC-A1,Čebulovica AC,Gabrk - Senožeče (v),0,0,0.0,0.0,05.06.2026 08:35:00,Ni podatka
AC-A1,Čebulovica AC,Senožeče - Gabrk (p),552,132,6.7,3.4,05.06.2026 08:35:00,Povečan promet
AC-A1,Čebulovica AC,Senožeče - Gabrk (v),780,104,4.8,9.1,05.06.2026 08:35:00,Zgoščen promet
AC-A1,Čebulovica AC,Gabrk - Senožeče (p),0,0,0.0,0.0,05.06.2026 08:40:00,Ni podatka
AC-A1,Čebulovica AC,Gabrk - Senožeče (v),0,0,0.0,0.0,05.06.2026 08:40:00,Ni podatka
AC-A1,Čebulovica AC,Senožeče - Gabrk (p),612,129,6.4,4.0,05.06.2026 08:40:00,Povečan promet
AC-A1,Čebulovica AC,Senožeče - Gabrk (v),684,105,5.5,7.3,05.06.2026 08:40:00,Povečan promet
AC-A1,Čebulovica AC,Gabrk - Senožeče (p),0,0,0.0,0.0,05.06.2026 08:45:00,Ni podatka
AC-A1,Čebulovica AC,Gabrk - Senožeče (v),0,0,0.0,0.0,05.06.2026 08:45:00,Ni podatka
AC-A1,Čebulovica AC,Senožeče - Gabrk (p),504,136,6.8,3.1,05.06.2026 08:45:00,Povečan promet
AC-A1,Čebulovica AC,Senožeče - Gabrk (v),864,108,4.3,9.0,05.06.2026 08:45:00,Zgoščen promet
AC-A1,Čebulovica AC,Gabrk - Senožeče (p),0,0,0.0,0.0,05.06.2026 08:50:00,Ni podatka
AC-A1,Čebulovica AC,Gabrk - Senožeče (v),0,0,0.0,0.0,05.06.2026 08:50:00,Ni podatka
AC-A1,Čebulovica AC,Senožeče - Gabrk (p),348,132,9.2,2.2,05.06.2026 08:50:00,Normalen promet
AC-A1,Čebulovica AC,Senožeče - Gabrk (v),612,110,6.1,6.0,05.06.2026 08:50:00,Povečan promet
AC-A1,Čebulovica AC,Gabrk - Senožeče (p),0,0,0.0,0.0,05.06.2026 08:55:00,Ni podatka
AC-A1,Čebulovica AC,Gabrk - Senožeče (v),0,0,0.0,0.0,05.06.2026 08:55:00,Ni podatka
AC-A1,Čebulovica AC,Senožeče - Gabrk (p),372,135,11.3,2.2,05.06.2026 08:55:00,Normalen promet
AC-A1,Čebulovica AC,Senožeče - Gabrk (v),636,106,5.5,6.9,05.06.2026 08:55:00,Povečan promet
AC-A1,Čebulovica AC,Gabrk - Senožeče (p),0,0,0.0,0.0,05.06.2026 09:00:00,Ni podatka
AC-A1,Čebulovica AC,Gabrk - Senožeče (v),0,0,0.0,0.0,05.06.2026 09:00:00,Ni podatka
AC-A1,Čebulovica AC,Senožeče - Gabrk (p),672,130,5.2,4.4,05.06.2026 09:00:00,Povečan promet
AC-A1,Čebulovica AC,Senožeče - Gabrk (v),900,109,3.9,7.6,05.06.2026 09:00:00,Povečan promet
AC-A1,Čebulovica AC,Gabrk - Senožeče (p),0,0,0.0,0.0,05.06.2026 09:05:00,Ni podatka
AC-A1,Čebulovica AC,Gabrk - Senožeče (v),0,0,0.0,0.0,05.06.2026 09:05:00,Ni podatka
AC-A1,Čebulovica AC,Senožeče - Gabrk (p),456,128,8.7,3.0,05.06.2026 09:05:00,Normalen promet
AC-A1,Čebulovica AC,Senožeče - Gabrk (v),804,104,4.3,9.4,05.06.2026 09:05:00,Zgoščen promet
AC-A1,Čebulovica AC,Gabrk - Senožeče (p),0,0,0.0,0.0,05.06.2026 09:10:00,Ni podatka
AC-A1,Čebulovica AC,Gabrk - Senožeče (v),0,0,0.0,0.0,05.06.2026 09:10:00,Ni podatka
AC-A1,Čebulovica AC,Senožeče - Gabrk (p),384,133,9.3,2.5,05.06.2026 09:10:00,Normalen promet
AC-A1,Čebulovica AC,Senožeče - Gabrk (v),768,104,4.5,9.5,05.06.2026 09:10:00,Zgoščen promet
AC-A1,Čebulovica AC,Gabrk - Senožeče (p),0,0,0.0,0.0,05.06.2026 09:15:00,Ni podatka
AC-A1,Čebulovica AC,Gabrk - Senožeče (v),0,0,0.0,0.0,05.06.2026 09:15:00,Ni podatka
AC-A1,Čebulovica AC,Senožeče - Gabrk (p),684,125,5.3,4.5,05.06.2026 09:15:00,Povečan promet
AC-A1,Čebulovica AC,Senožeče - Gabrk (v),816,101,4.6,9.3,05.06.2026 09:15:00,Zgoščen promet
AC-A1,Čebulovica AC,Gabrk - Senožeče (p),0,0,0.0,0.0,05.06.2026 09:20:00,Ni podatka
AC-A1,Čebulovica AC,Gabrk - Senožeče (v),0,0,0.0,0.0,05.06.2026 09:20:00,Ni podatka
AC-A1,Čebulovica AC,Senožeče - Gabrk (p),576,130,6.5,3.6,05.06.2026 09:20:00,Povečan promet
AC-A1,Čebulovica AC,Senožeče - Gabrk (v),708,104,5.3,8.2,05.06.2026 09:20:00,Zgoščen promet
AC-A1,Čebulovica AC,Gabrk - Senožeče (p),0,0,0.0,0.0,05.06.2026 09:25:00,Ni podatka
AC-A1,Čebulovica AC,Gabrk - Senožeče (v),0,0,0.0,0.0,05.06.2026 09:25:00,Ni podatka
AC-A1,Čebulovica AC,Senožeče - Gabrk (p),564,128,6.2,3.7,05.06.2026 09:25:00,Povečan promet
AC-A1,Čebulovica AC,Senožeče - Gabrk (v),912,102,4.3,10.9,05.06.2026 09:25:00,Zgoščen promet
AC-A1,Čebulovica AC,Gabrk - Senožeče (p),0,0,0.0,0.0,05.06.2026 09:30:00,Ni podatka
AC-A1,Čebulovica AC,Gabrk - Senožeče (v),0,0,0.0,0.0,05.06.2026 09:30:00,Ni podatka
AC-A1,Čebulovica AC,Senožeče - Gabrk (p),576,128,7.0,3.9,05.06.2026 09:30:00,Povečan promet
AC-A1,Čebulovica AC,Senožeče - Gabrk (v),756,104,4.7,9.1,05.06.2026 09:30:00,Zgoščen promet
AC-A1,Čebulovica AC,Gabrk - Senožeče (p),0,0,0.0,0.0,06.06.2026 13:15:00,Ni podatka
AC-A1,Čebulovica AC,Gabrk - Senožeče (v),0,0,0.0,0.0,06.06.2026 13:15:00,Ni podatka
AC-A1,Čebulovica AC,Senožeče - Gabrk (p),804,128,4.9,5.2,06.06.2026 13:15:00,Povečan promet
AC-A1,Čebulovica AC,Senožeče - Gabrk (v),960,104,4.0,9.8,06.06.2026 13:15:00,Zgoščen promet
AC-A1,Čebulovica AC,Gabrk - Senožeče (p),0,0,0.0,0.0,07.06.2026 15:55:00,Ni podatka
AC-A1,Čebulovica AC,Gabrk - Senožeče (v),0,0,0.0,0.0,07.06.2026 15:55:00,Ni podatka
AC-A1,Čebulovica AC,Senožeče - Gabrk (p),348,132,11.0,2.0,07.06.2026 15:55:00,Normalen promet
AC-A1,Čebulovica AC,Senožeče - Gabrk (v),756,109,4.7,6.9,07.06.2026 15:55:00,Povečan promet
AC-A5,Brengova AC,smer HUN (Pince) (v),36,28,115.2,13.1,04.06.2026 13:10:00,Povečan promet
AC-A5,Cenkova AC,smer HUN (Pince) (v),576,102,6.2,8.2,04.06.2026 13:10:00,Povečan promet
AC-A5,Dolinsko AC,smer HUN (Pince) (v),360,102,9.5,4.2,04.06.2026 13:10:00,Normalen promet
AC-A5,Dragučova AC,smer HUN (Pince) (v),696,101,5.1,8.7,04.06.2026 13:10:00,Povečan promet
AC-A5,Gančani AC,smer HUN (Pince) (v),408,97,9.0,6.4,04.06.2026 13:10:00,Normalen promet
AC-A5,Lormanje AC,smer HUN (Pince) (v),552,100,6.7,6.9,04.06.2026 13:10:00,Povečan promet
AC-A5,Mostje AC,smer HUN (Pince) (v),396,89,9.2,5.7,04.06.2026 13:10:00,Normalen promet
AC-A5,Vučja vas AC,smer HUN (Pince) (v),456,102,7.6,6.2,04.06.2026 13:10:00,Normalen promet
AC-A5,Zamarkova AC,smer HUN (Pince) (v),840,97,3.8,11.0,04.06.2026 13:10:00,Zgoščen promet
AC-A5,,smer HUN (Pince) (v),336,65,18.4,6.6,04.06.2026 13:10:00,Normalen promet
AC-A5,Brengova AC,smer HUN (Pince) (v),600,103,5.8,6.8,04.06.2026 16:40:00,Povečan promet
AC-A5,Cenkova AC,smer HUN (Pince) (v),528,110,7.0,5.5,04.06.2026 16:40:00,Povečan promet
AC-A5,Dolinsko AC,smer HUN (Pince) (v),372,102,10.3,4.4,04.06.2026 16:40:00,Normalen promet
AC-A5,Dragučova AC,smer HUN (Pince) (v),792,109,4.8,7.4,04.06.2026 16:40:00,Povečan promet
AC-A5,Gančani AC,smer HUN (Pince) (v),396,95,8.4,5.9,04.06.2026 16:40:00,Normalen promet
AC-A5,Lormanje AC,smer HUN (Pince) (v),636,104,6.1,6.5,04.06.2026 16:40:00,Povečan promet
AC-A5,Mostje AC,smer HUN (Pince) (v),348,96,10.4,5.6,04.06.2026 16:40:00,Normalen promet
AC-A5,Vučja vas AC,smer HUN (Pince) (v),372,109,9.9,4.1,04.06.2026 16:40:00,Normalen promet
AC-A5,Zamarkova AC,smer HUN (Pince) (v),768,106,4.7,6.4,04.06.2026 16:40:00,Povečan promet
AC-A5,,smer HUN (Pince) (v),108,64,19.8,3.0,04.06.2026 16:40:00,Normalen promet
AC-A5,Brengova AC,smer HUN (Pince) (v),480,108,6.8,4.7,04.06.2026 16:45:00,Povečan promet
AC-A5,Cenkova AC,smer HUN (Pince) (v),612,109,5.8,6.5,04.06.2026 16:45:00,Povečan promet
AC-A5,Dolinsko AC,smer HUN (Pince) (v),420,103,8.5,5.7,04.06.2026 16:45:00,Normalen promet
AC-A5,Dragučova AC,smer HUN (Pince) (v),732,102,5.0,8.0,04.06.2026 16:45:00,Povečan promet
AC-A5,Gančani AC,smer HUN (Pince) (v),252,105,15.2,2.9,04.06.2026 16:45:00,Normalen promet
AC-A5,Lormanje AC,smer HUN (Pince) (v),564,112,6.0,5.2,04.06.2026 16:45:00,Povečan promet
AC-A5,Mostje AC,smer HUN (Pince) (v),240,106,14.1,2.8,04.06.2026 16:45:00,Normalen promet
AC-A5,Pince AC,smer HUN (Pince) (v),216,81,15.8,3.5,04.06.2026 16:45:00,Normalen promet
AC-A5,Vučja vas AC,smer HUN (Pince) (v),336,114,10.7,3.3,04.06.2026 16:45:00,Normalen promet
AC-A5,Zamarkova AC,smer HUN (Pince) (v),936,100,3.9,9.8,04.06.2026 16:45:00,Povečan promet
AC-A5,Brengova AC,smer HUN (Pince) (v),564,103,7.3,6.0,04.06.2026 16:55:00,Povečan promet
AC-A5,Cenkova AC,smer HUN (Pince) (v),528,113,7.0,5.2,04.06.2026 16:55:00,Povečan promet
AC-A5,Dolinsko AC,smer HUN (Pince) (v),216,104,16.6,3.2,04.06.2026 16:55:00,Normalen promet
AC-A5,Dragučova AC,smer HUN (Pince) (v),672,110,5.9,6.2,04.06.2026 16:55:00,Povečan promet
AC-A5,Gančani AC,smer HUN (Pince) (v),300,110,11.9,3.2,04.06.2026 16:55:00,Normalen promet
AC-A5,Lormanje AC,smer HUN (Pince) (v),648,104,5.2,6.8,04.06.2026 16:55:00,Povečan promet
AC-A5,Mostje AC,smer HUN (Pince) (v),192,103,17.2,2.2,04.06.2026 16:55:00,Normalen promet
AC-A5,Pince AC,smer HUN (Pince) (v),180,82,18.9,2.1,04.06.2026 16:55:00,Normalen promet
AC-A5,Vučja vas AC,smer HUN (Pince) (v),408,108,8.6,4.3,04.06.2026 16:55:00,Normalen promet
AC-A5,Zamarkova AC,smer HUN (Pince) (v),744,102,5.0,7.3,04.06.2026 16:55:00,Povečan promet
AC-A5,Brengova AC,smer HUN (Pince) (v),348,97,9.7,4.8,04.06.2026 22:20:00,Normalen promet
AC-A5,Cenkova AC,smer HUN (Pince) (v),240,105,13.9,2.7,04.06.2026 22:20:00,Normalen promet
AC-A5,Dolinsko AC,smer HUN (Pince) (v),180,101,21.3,2.3,04.06.2026 22:20:00,Normalen promet
AC-A5,Dragučova AC,smer HUN (Pince) (v),396,105,8.7,4.1,04.06.2026 22:20:00,Normalen promet
AC-A5,Gančani AC,smer HUN (Pince) (v),132,99,27.3,1.6,04.06.2026 22:20:00,Normalen promet
AC-A5,Lormanje AC,smer HUN (Pince) (v),336,103,11.4,3.8,04.06.2026 22:20:00,Normalen promet
AC-A5,Mostje AC,smer HUN (Pince) (v),180,101,19.5,1.9,04.06.2026 22:20:00,Normalen promet
AC-A5,Pince AC,smer HUN (Pince) (v),24,90,61.5,0.4,04.06.2026 22:20:00,Normalen promet
AC-A5,Vučja vas AC,smer HUN (Pince) (v),216,106,17.6,2.0,04.06.2026 22:20:00,Normalen promet
AC-A5,Zamarkova AC,smer HUN (Pince) (v),516,101,6.6,5.2,04.06.2026 22:20:00,Povečan promet
AC-A5,Brengova AC,smer HUN (Pince) (v),420,100,8.9,4.1,04.06.2026 22:25:00,Normalen promet
AC-A5,Cenkova AC,smer HUN (Pince) (v),324,103,12.4,4.2,04.06.2026 22:25:00,Normalen promet
AC-A5,Dolinsko AC,smer HUN (Pince) (v),132,100,24.2,1.6,04.06.2026 22:25:00,Normalen promet
AC-A5,Dragučova AC,smer HUN (Pince) (v),396,110,8.9,3.5,04.06.2026 22:25:00,Normalen promet
AC-A5,Gančani AC,smer HUN (Pince) (v),192,104,18.3,2.0,04.06.2026 22:25:00,Normalen promet
AC-A5,Lormanje AC,smer HUN (Pince) (v),336,103,10.3,3.1,04.06.2026 22:25:00,Normalen promet
AC-A5,Mostje AC,smer HUN (Pince) (v),84,101,30.4,1.2,04.06.2026 22:25:00,Normalen promet
AC-A5,Pince AC,smer HUN (Pince) (v),48,66,63.2,1.4,04.06.2026 22:25:00,Normalen promet
AC-A5,Vučja vas AC,smer HUN (Pince) (v),192,103,18.2,2.1,04.06.2026 22:25:00,Normalen promet
AC-A5,Zamarkova AC,smer HUN (Pince) (v),396,97,9.0,4.5,04.06.2026 22:25:00,Normalen promet
AC-A5,Brengova AC,smer HUN (Pince) (v),396,99,10.5,4.4,04.06.2026 22:30:00,Normalen promet
AC-A5,Cenkova AC,smer HUN (Pince) (v),300,110,11.7,2.7,04.06.2026 22:30:00,Normalen promet
AC-A5,Dolinsko AC,smer HUN (Pince) (v),180,103,20.9,2.0,04.06.2026 22:30:00,Normalen promet
AC-A5,Dragučova AC,smer HUN (Pince) (v),324,109,11.8,3.0,04.06.2026 22:30:00,Normalen promet
AC-A5,Gančani AC,smer HUN (Pince) (v),216,108,17.7,2.0,04.06.2026 22:30:00,Normalen promet
AC-A5,Lormanje AC,smer HUN (Pince) (v),312,99,11.6,4.1,04.06.2026 22:30:00,Normalen promet
AC-A5,Mostje AC,smer HUN (Pince) (v),132,95,34.9,1.8,04.06.2026 22:30:00,Normalen promet
AC-A5,Pince AC,smer HUN (Pince) (v),36,73,50.1,0.6,04.06.2026 22:30:00,Normalen promet
AC-A5,Vučja vas AC,smer HUN (Pince) (v),192,96,18.4,2.6,04.06.2026 22:30:00,Normalen promet
AC-A5,Zamarkova AC,smer HUN (Pince) (v),312,107,11.4,2.5,04.06.2026 22:30:00,Normalen promet
AC-A5,Brengova AC,smer HUN (Pince) (v),360,109,10.5,3.6,04.06.2026 22:35:00,Normalen promet
AC-A5,Cenkova AC,smer HUN (Pince) (v),300,106,12.2,3.4,04.06.2026 22:35:00,Normalen promet
AC-A5,Dolinsko AC,smer HUN (Pince) (v),192,103,19.1,1.7,04.06.2026 22:35:00,Normalen promet
AC-A5,Dragučova AC,smer HUN (Pince) (v),264,109,13.4,2.4,04.06.2026 22:35:00,Normalen promet
AC-A5,Gančani AC,smer HUN (Pince) (v),240,105,15.9,2.2,04.06.2026 22:35:00,Normalen promet
AC-A5,Lormanje AC,smer HUN (Pince) (v),240,105,15.6,2.4,04.06.2026 22:35:00,Normalen promet
AC-A5,Mostje AC,smer HUN (Pince) (v),144,102,23.8,1.6,04.06.2026 22:35:00,Normalen promet
AC-A5,Pince AC,smer HUN (Pince) (v),108,68,53.5,1.3,04.06.2026 22:35:00,Normalen promet
AC-A5,Vučja vas AC,smer HUN (Pince) (v),192,106,18.8,2.0,04.06.2026 22:35:00,Normalen promet
AC-A5,Zamarkova AC,smer HUN (Pince) (v),408,101,8.7,4.1,04.06.2026 22:35:00,Normalen promet
AC-A5,Brengova AC,smer HUN (Pince) (v),336,102,11.8,3.3,04.06.2026 22:40:00,Normalen promet
AC-A5,Cenkova AC,smer HUN (Pince) (v),228,111,15.1,2.5,04.06.2026 22:40:00,Normalen promet
AC-A5,Dolinsko AC,smer HUN (Pince) (v),240,102,15.5,2.2,04.06.2026 22:40:00,Normalen promet
AC-A5,Dragučova AC,smer HUN (Pince) (v),228,106,16.6,2.4,04.06.2026 22:40:00,Normalen promet
AC-A5,Gančani AC,smer HUN (Pince) (v),264,101,12.0,3.0,04.06.2026 22:40:00,Normalen promet
AC-A5,Lormanje AC,smer HUN (Pince) (v),264,106,12.6,2.5,04.06.2026 22:40:00,Normalen promet
AC-A5,Mostje AC,smer HUN (Pince) (v),168,102,20.2,1.7,04.06.2026 22:40:00,Normalen promet
AC-A5,Pince AC,smer HUN (Pince) (v),72,63,19.0,1.5,04.06.2026 22:40:00,Normalen promet
AC-A5,Vučja vas AC,smer HUN (Pince) (v),204,107,18.5,2.0,04.06.2026 22:40:00,Normalen promet
AC-A5,Zamarkova AC,smer HUN (Pince) (v),300,103,12.3,2.5,04.06.2026 22:40:00,Normalen promet
AC-A5,Brengova AC,smer HUN (Pince) (v),264,102,13.8,2.9,04.06.2026 22:45:00,Normalen promet
AC-A5,Cenkova AC,smer HUN (Pince) (v),264,105,13.3,3.0,04.06.2026 22:45:00,Normalen promet
AC-A5,Dolinsko AC,smer HUN (Pince) (v),276,97,13.0,3.2,04.06.2026 22:45:00,Normalen promet
AC-A5,Dragučova AC,smer HUN (Pince) (v),372,101,9.5,4.5,04.06.2026 22:45:00,Normalen promet
AC-A5,Gančani AC,smer HUN (Pince) (v),276,109,14.3,2.1,04.06.2026 22:45:00,Normalen promet
AC-A5,Lormanje AC,smer HUN (Pince) (v),204,101,18.9,2.4,04.06.2026 22:45:00,Normalen promet
AC-A5,Mostje AC,smer HUN (Pince) (v),180,107,22.4,1.6,04.06.2026 22:45:00,Normalen promet
AC-A5,Pince AC,smer HUN (Pince) (v),120,78,30.6,2.2,04.06.2026 22:45:00,Normalen promet
AC-A5,Vučja vas AC,smer HUN (Pince) (v),156,102,19.3,2.2,04.06.2026 22:45:00,Normalen promet
AC-A5,Zamarkova AC,smer HUN (Pince) (v),264,96,13.6,3.7,04.06.2026 22:45:00,Normalen promet
AC-A5,Brengova AC,smer HUN (Pince) (v),216,102,19.9,2.7,04.06.2026 22:50:00,Normalen promet
AC-A5,Cenkova AC,smer HUN (Pince) (v),240,108,10.6,2.3,04.06.2026 22:50:00,Normalen promet
AC-A5,Dolinsko AC,smer HUN (Pince) (v),180,108,20.2,1.6,04.06.2026 22:50:00,Normalen promet
AC-A5,Dragučova AC,smer HUN (Pince) (v),204,109,18.4,2.0,04.06.2026 22:50:00,Normalen promet
AC-A5,Gančani AC,smer HUN (Pince) (v),144,98,25.4,1.9,04.06.2026 22:50:00,Normalen promet
AC-A5,Lormanje AC,smer HUN (Pince) (v),204,99,17.4,2.8,04.06.2026 22:50:00,Normalen promet
AC-A5,Mostje AC,smer HUN (Pince) (v),180,95,19.7,2.4,04.06.2026 22:50:00,Normalen promet
AC-A5,Pince AC,smer HUN (Pince) (v),36,82,51.8,0.5,04.06.2026 22:50:00,Normalen promet
AC-A5,Vučja vas AC,smer HUN (Pince) (v),216,112,19.6,1.9,04.06.2026 22:50:00,Normalen promet
AC-A5,Zamarkova AC,smer HUN (Pince) (v),252,94,14.4,3.4,04.06.2026 22:50:00,Normalen promet
AC-A5,Brengova AC,smer HUN (Pince) (v),192,98,21.6,2.6,04.06.2026 22:55:00,Normalen promet
AC-A5,Cenkova AC,smer HUN (Pince) (v),156,106,27.9,1.8,04.06.2026 22:55:00,Normalen promet
AC-A5,Dolinsko AC,smer HUN (Pince) (v),180,100,20.3,2.0,04.06.2026 22:55:00,Normalen promet
AC-A5,Dragučova AC,smer HUN (Pince) (v),288,105,12.3,3.3,04.06.2026 22:55:00,Normalen promet
AC-A5,Gančani AC,smer HUN (Pince) (v),192,100,17.1,2.3,04.06.2026 22:55:00,Normalen promet
AC-A5,Lormanje AC,smer HUN (Pince) (v),156,95,22.8,2.3,04.06.2026 22:55:00,Normalen promet
AC-A5,Mostje AC,smer HUN (Pince) (v),132,106,27.0,1.3,04.06.2026 22:55:00,Normalen promet
AC-A5,Pince AC,smer HUN (Pince) (v),72,78,42.0,1.4,04.06.2026 22:55:00,Normalen promet
AC-A5,Vučja vas AC,smer HUN (Pince) (v),192,110,15.6,1.6,04.06.2026 22:55:00,Normalen promet
AC-A5,Zamarkova AC,smer HUN (Pince) (v),216,108,17.0,2.0,04.06.2026 22:55:00,Normalen promet
AC-A5,Brengova AC,smer HUN (Pince) (v),144,101,19.3,2.1,04.06.2026 23:00:00,Normalen promet
AC-A5,Cenkova AC,smer HUN (Pince) (v),228,92,17.8,3.9,04.06.2026 23:00:00,Normalen promet
AC-A5,Dolinsko AC,smer HUN (Pince) (v),204,99,16.1,2.3,04.06.2026 23:00:00,Normalen promet
AC-A5,Dragučova AC,smer HUN (Pince) (v),288,105,12.5,3.3,04.06.2026 23:00:00,Normalen promet
AC-A5,Gančani AC,smer HUN (Pince) (v),180,111,16.2,1.5,04.06.2026 23:00:00,Normalen promet
AC-A5,Lormanje AC,smer HUN (Pince) (v),168,111,21.8,1.7,04.06.2026 23:00:00,Normalen promet
AC-A5,Mostje AC,smer HUN (Pince) (v),144,97,24.6,1.7,04.06.2026 23:00:00,Normalen promet
AC-A5,Pince AC,smer HUN (Pince) (v),120,77,26.3,1.9,04.06.2026 23:00:00,Normalen promet
AC-A5,Vučja vas AC,smer HUN (Pince) (v),144,102,25.8,1.5,04.06.2026 23:00:00,Normalen promet
AC-A5,Zamarkova AC,smer HUN (Pince) (v),312,101,11.3,3.7,04.06.2026 23:00:00,Normalen promet
AC-A5,Brengova AC,smer HUN (Pince) (v),240,106,15.7,2.9,04.06.2026 23:05:00,Normalen promet
AC-A5,Cenkova AC,smer HUN (Pince) (v),144,117,23.0,1.3,04.06.2026 23:05:00,Normalen promet
AC-A5,Dolinsko AC,smer HUN (Pince) (v),144,101,27.0,1.4,04.06.2026 23:05:00,Normalen promet
AC-A5,Dragučova AC,smer HUN (Pince) (v),216,95,16.0,3.1,04.06.2026 23:05:00,Normalen promet
AC-A5,Gančani AC,smer HUN (Pince) (v),156,111,25.2,1.3,04.06.2026 23:05:00,Normalen promet
AC-A5,Lormanje AC,smer HUN (Pince) (v),288,103,13.1,3.5,04.06.2026 23:05:00,Normalen promet
AC-A5,Mostje AC,smer HUN (Pince) (v),240,104,14.9,2.2,04.06.2026 23:05:00,Normalen promet
AC-A5,Pince AC,smer HUN (Pince) (v),96,82,30.5,1.5,04.06.2026 23:05:00,Normalen promet
AC-A5,Vučja vas AC,smer HUN (Pince) (v),180,96,22.4,2.8,04.06.2026 23:05:00,Normalen promet
AC-A5,Zamarkova AC,smer HUN (Pince) (v),264,100,13.9,3.4,04.06.2026 23:05:00,Normalen promet
AC-A5,Brengova AC,smer HUN (Pince) (v),264,102,13.0,3.0,04.06.2026 23:10:00,Normalen promet
AC-A5,Cenkova AC,smer HUN (Pince) (v),204,104,18.8,2.9,04.06.2026 23:10:00,Normalen promet
AC-A5,Dolinsko AC,smer HUN (Pince) (v),108,100,30.9,1.0,04.06.2026 23:10:00,Normalen promet
AC-A5,Dragučova AC,smer HUN (Pince) (v),216,111,17.7,2.1,04.06.2026 23:10:00,Normalen promet
AC-A5,Gančani AC,smer HUN (Pince) (v),132,107,31.1,1.2,04.06.2026 23:10:00,Normalen promet
AC-A5,Lormanje AC,smer HUN (Pince) (v),216,95,16.3,3.1,04.06.2026 23:10:00,Normalen promet
AC-A5,Mostje AC,smer HUN (Pince) (v),96,107,33.4,1.0,04.06.2026 23:10:00,Normalen promet
AC-A5,Pince AC,smer HUN (Pince) (v),84,71,36.8,1.3,04.06.2026 23:10:00,Normalen promet
AC-A5,Vučja vas AC,smer HUN (Pince) (v),144,110,23.4,1.7,04.06.2026 23:10:00,Normalen promet
AC-A5,Zamarkova AC,smer HUN (Pince) (v),216,95,17.0,2.8,04.06.2026 23:10:00,Normalen promet
AC-A5,Brengova AC,smer HUN (Pince) (v),216,95,17.7,3.4,04.06.2026 23:15:00,Normalen promet
AC-A5,Cenkova AC,smer HUN (Pince) (v),132,100,27.1,1.8,04.06.2026 23:15:00,Normalen promet
AC-A5,Dolinsko AC,smer HUN (Pince) (v),156,104,24.5,1.6,04.06.2026 23:15:00,Normalen promet
AC-A5,Dragučova AC,smer HUN (Pince) (v),252,96,11.9,3.5,04.06.2026 23:15:00,Normalen promet
AC-A5,Gančani AC,smer HUN (Pince) (v),168,102,21.9,2.1,04.06.2026 23:15:00,Normalen promet
AC-A5,Lormanje AC,smer HUN (Pince) (v),204,99,16.7,2.5,04.06.2026 23:15:00,Normalen promet
AC-A5,Mostje AC,smer HUN (Pince) (v),120,101,35.0,1.1,04.06.2026 23:15:00,Normalen promet
AC-A5,Pince AC,smer HUN (Pince) (v),252,67,21.8,4.0,04.06.2026 23:15:00,Normalen promet
AC-A5,Vučja vas AC,smer HUN (Pince) (v),180,118,20.8,1.9,04.06.2026 23:15:00,Normalen promet
AC-A5,Zamarkova AC,smer HUN (Pince) (v),228,100,15.5,2.5,04.06.2026 23:15:00,Normalen promet
AC-A5,Brengova AC,smer HUN (Pince) (v),156,99,22.3,1.6,04.06.2026 23:20:00,Normalen promet
AC-A5,Cenkova AC,smer HUN (Pince) (v),240,104,14.8,3.2,04.06.2026 23:20:00,Normalen promet
AC-A5,Dolinsko AC,smer HUN (Pince) (v),168,105,19.8,1.9,04.06.2026 23:20:00,Normalen promet
AC-A5,Dragučova AC,smer HUN (Pince) (v),180,102,22.3,2.6,04.06.2026 23:20:00,Normalen promet
AC-A5,Gančani AC,smer HUN (Pince) (v),156,107,22.7,1.7,04.06.2026 23:20:00,Normalen promet
AC-A5,Lormanje AC,smer HUN (Pince) (v),168,94,21.6,2.5,04.06.2026 23:20:00,Normalen promet
AC-A5,Mostje AC,smer HUN (Pince) (v),84,104,43.2,1.0,04.06.2026 23:20:00,Normalen promet
AC-A5,Pince AC,smer HUN (Pince) (v),60,80,46.3,0.8,04.06.2026 23:20:00,Normalen promet
AC-A5,Vučja vas AC,smer HUN (Pince) (v),120,92,22.3,2.2,04.06.2026 23:20:00,Normalen promet
AC-A5,Zamarkova AC,smer HUN (Pince) (v),240,92,14.3,3.4,04.06.2026 23:20:00,Normalen promet
AC-A5,Brengova AC,smer HUN (Pince) (v),192,93,16.7,3.1,04.06.2026 23:25:00,Normalen promet
AC-A5,Cenkova AC,smer HUN (Pince) (v),120,97,29.9,1.6,04.06.2026 23:25:00,Normalen promet
AC-A5,Dolinsko AC,smer HUN (Pince) (v),96,102,36.5,1.2,04.06.2026 23:25:00,Normalen promet
AC-A5,Dragučova AC,smer HUN (Pince) (v),276,108,12.8,2.8,04.06.2026 23:25:00,Normalen promet
AC-A5,Gančani AC,smer HUN (Pince) (v),132,102,25.0,1.8,04.06.2026 23:25:00,Normalen promet
AC-A5,Lormanje AC,smer HUN (Pince) (v),96,97,33.4,1.6,04.06.2026 23:25:00,Normalen promet
AC-A5,Mostje AC,smer HUN (Pince) (v),192,106,17.7,2.0,04.06.2026 23:25:00,Normalen promet
AC-A5,Pince AC,smer HUN (Pince) (v),60,82,73.8,0.8,04.06.2026 23:25:00,Normalen promet
AC-A5,Vučja vas AC,smer HUN (Pince) (v),156,99,28.5,2.5,04.06.2026 23:25:00,Normalen promet
AC-A5,Zamarkova AC,smer HUN (Pince) (v),228,84,15.6,3.9,04.06.2026 23:25:00,Normalen promet
AC-A5,Brengova AC,smer HUN (Pince) (v),84,93,45.8,1.3,04.06.2026 23:30:00,Normalen promet
AC-A5,Cenkova AC,smer HUN (Pince) (v),168,99,15.9,2.6,04.06.2026 23:30:00,Normalen promet
AC-A5,Dolinsko AC,smer HUN (Pince) (v),168,99,23.2,2.3,04.06.2026 23:30:00,Normalen promet
AC-A5,Dragučova AC,smer HUN (Pince) (v),132,100,26.2,1.6,04.06.2026 23:30:00,Normalen promet
AC-A5,Gančani AC,smer HUN (Pince) (v),108,102,33.4,1.7,04.06.2026 23:30:00,Normalen promet
AC-A5,Lormanje AC,smer HUN (Pince) (v),252,90,15.5,4.0,04.06.2026 23:30:00,Normalen promet
AC-A5,Mostje AC,smer HUN (Pince) (v),96,105,40.1,1.2,04.06.2026 23:30:00,Normalen promet
AC-A5,Pince AC,smer HUN (Pince) (v),72,83,42.6,0.9,04.06.2026 23:30:00,Normalen promet
AC-A5,Vučja vas AC,smer HUN (Pince) (v),96,93,34.8,1.6,04.06.2026 23:30:00,Normalen promet
AC-A5,Zamarkova AC,smer HUN (Pince) (v),240,100,15.4,2.5,04.06.2026 23:30:00,Normalen promet
AC-A5,Brengova AC,smer HUN (Pince) (v),300,90,12.5,4.2,04.06.2026 23:35:00,Normalen promet
AC-A5,Cenkova AC,smer HUN (Pince) (v),216,89,20.1,3.0,04.06.2026 23:35:00,Normalen promet
AC-A5,Dolinsko AC,smer HUN (Pince) (v),84,96,44.0,1.2,04.06.2026 23:35:00,Normalen promet
AC-A5,Dragučova AC,smer HUN (Pince) (v),276,100,11.7,3.8,04.06.2026 23:35:00,Normalen promet
AC-A5,Gančani AC,smer HUN (Pince) (v),180,94,21.7,2.8,04.06.2026 23:35:00,Normalen promet
AC-A5,Lormanje AC,smer HUN (Pince) (v),120,100,25.8,1.4,04.06.2026 23:35:00,Normalen promet
AC-A5,Mostje AC,smer HUN (Pince) (v),144,102,23.6,1.9,04.06.2026 23:35:00,Normalen promet
AC-A5,Pince AC,smer HUN (Pince) (v),132,64,26.0,2.3,04.06.2026 23:35:00,Normalen promet
AC-A5,Vučja vas AC,smer HUN (Pince) (v),108,102,36.5,1.5,04.06.2026 23:35:00,Normalen promet
AC-A5,Zamarkova AC,smer HUN (Pince) (v),144,107,25.9,1.4,04.06.2026 23:35:00,Normalen promet
AC-A5,Brengova AC,smer HUN (Pince) (v),84,95,48.7,1.1,05.06.2026 00:30:00,Normalen promet
AC-A5,Cenkova AC,smer HUN (Pince) (v),72,97,35.3,1.1,05.06.2026 00:30:00,Normalen promet
AC-A5,Dolinsko AC,smer HUN (Pince) (v),84,92,40.4,1.5,05.06.2026 00:30:00,Normalen promet
AC-A5,Dragučova AC,smer HUN (Pince) (v),168,99,23.8,2.0,05.06.2026 00:30:00,Normalen promet
AC-A5,Gančani AC,smer HUN (Pince) (v),48,94,47.7,0.8,05.06.2026 00:30:00,Normalen promet
AC-A5,Lormanje AC,smer HUN (Pince) (v),96,107,30.7,0.9,05.06.2026 00:30:00,Normalen promet
AC-A5,Mostje AC,smer HUN (Pince) (v),96,97,34.6,1.6,05.06.2026 00:30:00,Normalen promet
AC-A5,Pince AC,smer HUN (Pince) (v),108,86,35.8,1.7,05.06.2026 00:30:00,Normalen promet
AC-A5,Vučja vas AC,smer HUN (Pince) (v),144,92,28.9,2.7,05.06.2026 00:30:00,Normalen promet
AC-A5,Zamarkova AC,smer HUN (Pince) (v),108,91,30.2,1.4,05.06.2026 00:30:00,Normalen promet
AC-A5,Brengova AC,smer HUN (Pince) (v),84,95,42.9,1.2,05.06.2026 00:35:00,Normalen promet
AC-A5,Cenkova AC,smer HUN (Pince) (v),120,106,38.1,1.4,05.06.2026 00:35:00,Normalen promet
AC-A5,Dolinsko AC,smer HUN (Pince) (v),48,98,73.9,0.8,05.06.2026 00:35:00,Normalen promet
AC-A5,Dragučova AC,smer HUN (Pince) (v),96,107,40.1,1.2,05.06.2026 00:35:00,Normalen promet
AC-A5,Gančani AC,smer HUN (Pince) (v),156,96,35.4,2.8,05.06.2026 00:35:00,Normalen promet
AC-A5,Lormanje AC,smer HUN (Pince) (v),72,99,48.8,1.5,05.06.2026 00:35:00,Normalen promet
AC-A5,Mostje AC,smer HUN (Pince) (v),108,86,34.8,2.0,05.06.2026 00:35:00,Normalen promet
AC-A5,Pince AC,smer HUN (Pince) (v),60,86,55.8,0.9,05.06.2026 00:35:00,Normalen promet
AC-A5,Vučja vas AC,smer HUN (Pince) (v),72,108,63.1,0.7,05.06.2026 00:35:00,Normalen promet
AC-A5,Zamarkova AC,smer HUN (Pince) (v),168,103,24.9,2.2,05.06.2026 00:35:00,Normalen promet
AC-A5,Brengova AC,smer HUN (Pince) (v),120,102,28.2,1.5,05.06.2026 00:40:00,Normalen promet
AC-A5,Cenkova AC,smer HUN (Pince) (v),72,97,44.0,1.1,05.06.2026 00:40:00,Normalen promet
AC-A5,Dolinsko AC,smer HUN (Pince) (v),156,94,22.9,2.9,05.06.2026 00:40:00,Normalen promet
AC-A5,Dragučova AC,smer HUN (Pince) (v),108,104,34.1,1.2,05.06.2026 00:40:00,Normalen promet
AC-A5,Gančani AC,smer HUN (Pince) (v),120,96,29.0,2.0,05.06.2026 00:40:00,Normalen promet
AC-A5,Lormanje AC,smer HUN (Pince) (v),108,105,40.1,1.6,05.06.2026 00:40:00,Normalen promet
AC-A5,Mostje AC,smer HUN (Pince) (v),48,102,77.4,0.8,05.06.2026 00:40:00,Normalen promet
AC-A5,Pince AC,smer HUN (Pince) (v),96,77,34.8,2.0,05.06.2026 00:40:00,Normalen promet
AC-A5,Vučja vas AC,smer HUN (Pince) (v),72,98,62.3,0.9,05.06.2026 00:40:00,Normalen promet
AC-A5,Zamarkova AC,smer HUN (Pince) (v),72,108,47.9,0.7,05.06.2026 00:40:00,Normalen promet
AC-A5,Brengova AC,smer HUN (Pince) (v),108,105,34.8,1.3,05.06.2026 00:45:00,Normalen promet
AC-A5,Cenkova AC,smer HUN (Pince) (v),144,110,27.9,1.7,05.06.2026 00:45:00,Normalen promet
AC-A5,Dolinsko AC,smer HUN (Pince) (v),108,88,34.7,1.9,05.06.2026 00:45:00,Normalen promet
AC-A5,Dragučova AC,smer HUN (Pince) (v),108,101,27.2,1.5,05.06.2026 00:45:00,Normalen promet
AC-A5,Gančani AC,smer HUN (Pince) (v),108,98,35.4,1.5,05.06.2026 00:45:00,Normalen promet
AC-A5,Lormanje AC,smer HUN (Pince) (v),48,87,62.1,0.9,05.06.2026 00:45:00,Normalen promet
AC-A5,Mostje AC,smer HUN (Pince) (v),168,96,21.4,2.8,05.06.2026 00:45:00,Normalen promet
AC-A5,Pince AC,smer HUN (Pince) (v),84,63,45.4,2.1,05.06.2026 00:45:00,Normalen promet
AC-A5,Vučja vas AC,smer HUN (Pince) (v),60,89,36.7,0.8,05.06.2026 00:45:00,Normalen promet
AC-A5,Zamarkova AC,smer HUN (Pince) (v),96,94,38.1,1.4,05.06.2026 00:45:00,Normalen promet
AC-A5,Brengova AC,smer HUN (Pince) (v),72,95,48.1,1.0,05.06.2026 00:50:00,Normalen promet
AC-A5,Cenkova AC,smer HUN (Pince) (v),60,108,54.5,0.7,05.06.2026 00:50:00,Normalen promet
AC-A5,Dolinsko AC,smer HUN (Pince) (v),96,97,33.7,1.4,05.06.2026 00:50:00,Normalen promet
AC-A5,Dragučova AC,smer HUN (Pince) (v),96,108,41.3,1.0,05.06.2026 00:50:00,Normalen promet
AC-A5,Gančani AC,smer HUN (Pince) (v),84,97,40.7,1.2,05.06.2026 00:50:00,Normalen promet
AC-A5,Lormanje AC,smer HUN (Pince) (v),96,102,38.0,1.4,05.06.2026 00:50:00,Normalen promet
AC-A5,Mostje AC,smer HUN (Pince) (v),72,88,37.8,1.3,05.06.2026 00:50:00,Normalen promet
AC-A5,Pince AC,smer HUN (Pince) (v),48,72,60.7,0.9,05.06.2026 00:50:00,Normalen promet
AC-A5,Vučja vas AC,smer HUN (Pince) (v),96,103,44.7,1.2,05.06.2026 00:50:00,Normalen promet
AC-A5,Zamarkova AC,smer HUN (Pince) (v),108,93,34.6,1.8,05.06.2026 00:50:00,Normalen promet
AC-A5,Brengova AC,smer HUN (Pince) (v),84,101,45.3,1.2,05.06.2026 00:55:00,Normalen promet
AC-A5,Cenkova AC,smer HUN (Pince) (v),96,101,36.1,1.3,05.06.2026 00:55:00,Normalen promet
AC-A5,Dolinsko AC,smer HUN (Pince) (v),84,98,48.1,1.0,05.06.2026 00:55:00,Normalen promet
AC-A5,Dragučova AC,smer HUN (Pince) (v),48,106,79.1,0.5,05.06.2026 00:55:00,Normalen promet
AC-A5,Gančani AC,smer HUN (Pince) (v),72,113,48.9,0.6,05.06.2026 00:55:00,Normalen promet
AC-A5,Lormanje AC,smer HUN (Pince) (v),156,100,26.0,2.2,05.06.2026 00:55:00,Normalen promet
AC-A5,Mostje AC,smer HUN (Pince) (v),84,89,50.4,1.5,05.06.2026 00:55:00,Normalen promet
AC-A5,Pince AC,smer HUN (Pince) (v),108,71,38.0,2.5,05.06.2026 00:55:00,Normalen promet
AC-A5,Vučja vas AC,smer HUN (Pince) (v),48,94,60.6,0.9,05.06.2026 00:55:00,Normalen promet
AC-A5,Zamarkova AC,smer HUN (Pince) (v),48,107,40.6,0.4,05.06.2026 00:55:00,Normalen promet
AC-A5,Brengova AC,smer HUN (Pince) (v),84,89,26.4,1.6,05.06.2026 01:00:00,Normalen promet
AC-A5,Cenkova AC,smer HUN (Pince) (v),72,104,50.7,1.0,05.06.2026 01:00:00,Normalen promet
AC-A5,Dolinsko AC,smer HUN (Pince) (v),96,105,31.3,0.9,05.06.2026 01:00:00,Normalen promet
AC-A5,Dragučova AC,smer HUN (Pince) (v),156,102,20.5,2.1,05.06.2026 01:00:00,Normalen promet
AC-A5,Gančani AC,smer HUN (Pince) (v),132,100,29.6,2.0,05.06.2026 01:00:00,Normalen promet
AC-A5,Lormanje AC,smer HUN (Pince) (v),24,106,101.7,0.2,05.06.2026 01:00:00,Normalen promet
AC-A5,Mostje AC,smer HUN (Pince) (v),60,100,57.1,0.8,05.06.2026 01:00:00,Normalen promet
AC-A5,Pince AC,smer HUN (Pince) (v),72,80,55.2,0.9,05.06.2026 01:00:00,Normalen promet
AC-A5,Vučja vas AC,smer HUN (Pince) (v),36,104,116.0,0.5,05.06.2026 01:00:00,Normalen promet
AC-A5,Zamarkova AC,smer HUN (Pince) (v),96,96,53.0,1.6,05.06.2026 01:00:00,Normalen promet
AC-A5,Brengova AC,smer HUN (Pince) (v),60,112,83.9,0.6,05.06.2026 01:05:00,Normalen promet
AC-A5,Cenkova AC,smer HUN (Pince) (v),60,92,22.4,1.2,05.06.2026 01:05:00,Normalen promet
AC-A5,Dolinsko AC,smer HUN (Pince) (v),72,88,46.6,1.5,05.06.2026 01:05:00,Normalen promet
AC-A5,Dragučova AC,smer HUN (Pince) (v),60,97,65.9,1.0,05.06.2026 01:05:00,Normalen promet
AC-A5,Gančani AC,smer HUN (Pince) (v),36,102,55.6,0.6,05.06.2026 01:05:00,Normalen promet
AC-A5,Lormanje AC,smer HUN (Pince) (v),228,95,16.9,3.9,05.06.2026 01:05:00,Normalen promet
AC-A5,Mostje AC,smer HUN (Pince) (v),120,111,30.7,1.2,05.06.2026 01:05:00,Normalen promet
AC-A5,Pince AC,smer HUN (Pince) (v),72,71,14.7,1.4,05.06.2026 01:05:00,Normalen promet
AC-A5,Vučja vas AC,smer HUN (Pince) (v),96,96,34.9,1.6,05.06.2026 01:05:00,Normalen promet
AC-A5,Zamarkova AC,smer HUN (Pince) (v),108,111,30.2,0.9,05.06.2026 01:05:00,Normalen promet
AC-A5,Brengova AC,smer HUN (Pince) (v),144,98,19.3,2.0,05.06.2026 01:10:00,Normalen promet
AC-A5,Cenkova AC,smer HUN (Pince) (v),72,115,78.5,0.6,05.06.2026 01:10:00,Normalen promet
AC-A5,Dolinsko AC,smer HUN (Pince) (v),48,100,87.0,0.7,05.06.2026 01:10:00,Normalen promet
AC-A5,Dragučova AC,smer HUN (Pince) (v),144,99,24.2,2.4,05.06.2026 01:10:00,Normalen promet
AC-A5,Gančani AC,smer HUN (Pince) (v),84,102,61.5,1.1,05.06.2026 01:10:00,Normalen promet
AC-A5,Lormanje AC,smer HUN (Pince) (v),48,101,33.5,0.4,05.06.2026 01:10:00,Normalen promet
AC-A5,Mostje AC,smer HUN (Pince) (v),84,94,39.3,1.5,05.06.2026 01:10:00,Normalen promet
AC-A5,Pince AC,smer HUN (Pince) (v),120,76,48.2,2.3,05.06.2026 01:10:00,Normalen promet
AC-A5,Vučja vas AC,smer HUN (Pince) (v),72,89,46.5,1.4,05.06.2026 01:10:00,Normalen promet
AC-A5,Zamarkova AC,smer HUN (Pince) (v),156,93,25.2,2.7,05.06.2026 01:10:00,Normalen promet
AC-A5,Brengova AC,smer HUN (Pince) (v),72,96,56.2,0.9,05.06.2026 01:15:00,Normalen promet
AC-A5,Cenkova AC,smer HUN (Pince) (v),132,94,29.4,2.0,05.06.2026 01:15:00,Normalen promet
AC-A5,Dolinsko AC,smer HUN (Pince) (v),84,97,45.4,1.3,05.06.2026 01:15:00,Normalen promet
AC-A5,Dragučova AC,smer HUN (Pince) (v),120,106,29.0,1.4,05.06.2026 01:15:00,Normalen promet
AC-A5,Gančani AC,smer HUN (Pince) (v),84,99,39.5,1.4,05.06.2026 01:15:00,Normalen promet
AC-A5,Lormanje AC,smer HUN (Pince) (v),156,96,34.3,2.4,05.06.2026 01:15:00,Normalen promet
AC-A5,Mostje AC,smer HUN (Pince) (v),60,106,65.6,0.8,05.06.2026 01:15:00,Normalen promet
AC-A5,Pince AC,smer HUN (Pince) (v),48,63,46.7,0.9,05.06.2026 01:15:00,Normalen promet
AC-A5,Vučja vas AC,smer HUN (Pince) (v),24,135,156.7,0.1,05.06.2026 01:15:00,Normalen promet
AC-A5,Zamarkova AC,smer HUN (Pince) (v),108,102,33.9,1.5,05.06.2026 01:15:00,Normalen promet
AC-A5,Brengova AC,smer HUN (Pince) (v),132,93,29.1,2.4,05.06.2026 01:20:00,Normalen promet
AC-A5,Cenkova AC,smer HUN (Pince) (v),96,118,38.6,1.0,05.06.2026 01:20:00,Normalen promet
AC-A5,Dolinsko AC,smer HUN (Pince) (v),72,103,46.4,1.0,05.06.2026 01:20:00,Normalen promet
AC-A5,Dragučova AC,smer HUN (Pince) (v),96,100,35.6,1.3,05.06.2026 01:20:00,Normalen promet
AC-A5,Gančani AC,smer HUN (Pince) (v),60,105,62.5,1.0,05.06.2026 01:20:00,Normalen promet
AC-A5,Lormanje AC,smer HUN (Pince) (v),60,94,42.1,1.0,05.06.2026 01:20:00,Normalen promet
AC-A5,Mostje AC,smer HUN (Pince) (v),72,103,47.9,1.0,05.06.2026 01:20:00,Normalen promet
AC-A5,Pince AC,smer HUN (Pince) (v),108,82,48.7,2.1,05.06.2026 01:20:00,Normalen promet
AC-A5,Vučja vas AC,smer HUN (Pince) (v),132,92,24.8,2.1,05.06.2026 01:20:00,Normalen promet
AC-A5,Zamarkova AC,smer HUN (Pince) (v),72,95,46.0,1.0,05.06.2026 01:20:00,Normalen promet
AC-A5,Brengova AC,smer HUN (Pince) (v),60,89,58.4,1.1,05.06.2026 01:25:00,Normalen promet
AC-A5,Cenkova AC,smer HUN (Pince) (v),96,91,35.2,1.9,05.06.2026 01:25:00,Normalen promet
AC-A5,Dolinsko AC,smer HUN (Pince) (v),48,96,68.3,0.9,05.06.2026 01:25:00,Normalen promet
AC-A5,Dragučova AC,smer HUN (Pince) (v),84,104,46.3,1.1,05.06.2026 01:25:00,Normalen promet
AC-A5,Gančani AC,smer HUN (Pince) (v),48,100,77.2,0.7,05.06.2026 01:25:00,Normalen promet
AC-A5,Lormanje AC,smer HUN (Pince) (v),84,93,57.7,1.4,05.06.2026 01:25:00,Normalen promet
AC-A5,Mostje AC,smer HUN (Pince) (v),72,91,48.2,1.3,05.06.2026 01:25:00,Normalen promet
AC-A5,Pince AC,smer HUN (Pince) (v),48,76,51.1,0.6,05.06.2026 01:25:00,Normalen promet
AC-A5,Vučja vas AC,smer HUN (Pince) (v),48,128,68.1,0.2,05.06.2026 01:25:00,Normalen promet
AC-A5,Zamarkova AC,smer HUN (Pince) (v),72,93,47.4,1.2,05.06.2026 01:25:00,Normalen promet
AC-A5,Brengova AC,smer HUN (Pince) (v),96,94,38.0,1.6,05.06.2026 01:30:00,Normalen promet
AC-A5,Cenkova AC,smer HUN (Pince) (v),72,94,46.3,1.2,05.06.2026 01:30:00,Normalen promet
AC-A5,Dolinsko AC,smer HUN (Pince) (v),48,98,61.5,0.7,05.06.2026 01:30:00,Normalen promet
AC-A5,Dragučova AC,smer HUN (Pince) (v),108,101,28.8,1.7,05.06.2026 01:30:00,Normalen promet
AC-A5,Gančani AC,smer HUN (Pince) (v),84,97,38.0,1.5,05.06.2026 01:30:00,Normalen promet
AC-A5,Lormanje AC,smer HUN (Pince) (v),72,86,49.2,1.4,05.06.2026 01:30:00,Normalen promet
AC-A5,Mostje AC,smer HUN (Pince) (v),72,94,57.5,1.1,05.06.2026 01:30:00,Normalen promet
AC-A5,Pince AC,smer HUN (Pince) (v),72,77,56.4,1.4,05.06.2026 01:30:00,Normalen promet
AC-A5,Vučja vas AC,smer HUN (Pince) (v),108,95,30.0,1.6,05.06.2026 01:30:00,Normalen promet
AC-A5,Zamarkova AC,smer HUN (Pince) (v),96,88,38.2,1.3,05.06.2026 01:30:00,Normalen promet
AC-A5,Brengova AC,smer HUN (Pince) (v),60,95,52.5,1.0,05.06.2026 01:35:00,Normalen promet
AC-A5,Cenkova AC,smer HUN (Pince) (v),96,100,41.6,1.4,05.06.2026 01:35:00,Normalen promet
AC-A5,Dolinsko AC,smer HUN (Pince) (v),84,97,36.9,1.6,05.06.2026 01:35:00,Normalen promet
AC-A5,Dragučova AC,smer HUN (Pince) (v),84,98,47.9,1.2,05.06.2026 01:35:00,Normalen promet
AC-A5,Gančani AC,smer HUN (Pince) (v),36,92,87.5,0.6,05.06.2026 01:35:00,Normalen promet
AC-A5,Lormanje AC,smer HUN (Pince) (v),60,92,55.3,1.0,05.06.2026 01:35:00,Normalen promet
AC-A5,Mostje AC,smer HUN (Pince) (v),72,106,48.0,0.8,05.06.2026 01:35:00,Normalen promet
AC-A5,Pince AC,smer HUN (Pince) (v),84,79,46.1,1.7,05.06.2026 01:35:00,Normalen promet
AC-A5,Vučja vas AC,smer HUN (Pince) (v),24,95,69.0,0.4,05.06.2026 01:35:00,Normalen promet
AC-A5,Zamarkova AC,smer HUN (Pince) (v),120,95,33.9,2.0,05.06.2026 01:35:00,Normalen promet
AC-A5,Brengova AC,smer HUN (Pince) (v),108,94,35.1,1.9,05.06.2026 01:40:00,Normalen promet
AC-A5,Cenkova AC,smer HUN (Pince) (v),60,87,57.5,1.2,05.06.2026 01:40:00,Normalen promet
AC-A5,Dolinsko AC,smer HUN (Pince) (v),60,95,84.7,1.0,05.06.2026 01:40:00,Normalen promet
AC-A5,Dragučova AC,smer HUN (Pince) (v),72,106,50.9,1.2,05.06.2026 01:40:00,Normalen promet
AC-A5,Gančani AC,smer HUN (Pince) (v),120,95,34.0,2.3,05.06.2026 01:40:00,Normalen promet
AC-A5,Lormanje AC,smer HUN (Pince) (v),120,93,30.9,2.2,05.06.2026 01:40:00,Normalen promet
AC-A5,Mostje AC,smer HUN (Pince) (v),96,95,25.9,1.7,05.06.2026 01:40:00,Normalen promet
AC-A5,Pince AC,smer HUN (Pince) (v),24,81,125.9,0.4,05.06.2026 01:40:00,Normalen promet
AC-A5,Vučja vas AC,smer HUN (Pince) (v),84,101,50.0,1.1,05.06.2026 01:40:00,Normalen promet
AC-A5,Zamarkova AC,smer HUN (Pince) (v),60,95,59.2,1.1,05.06.2026 01:40:00,Normalen promet
AC-A5,Brengova AC,smer HUN (Pince) (v),72,94,35.5,1.1,05.06.2026 01:45:00,Normalen promet
AC-A5,Cenkova AC,smer HUN (Pince) (v),96,102,31.1,1.6,05.06.2026 01:45:00,Normalen promet
AC-A5,Dolinsko AC,smer HUN (Pince) (v),108,90,26.2,1.9,05.06.2026 01:45:00,Normalen promet
AC-A5,Dragučova AC,smer HUN (Pince) (v),120,97,30.1,1.9,05.06.2026 01:45:00,Normalen promet
AC-A5,Gančani AC,smer HUN (Pince) (v),84,103,44.0,1.1,05.06.2026 01:45:00,Normalen promet
AC-A5,Lormanje AC,smer HUN (Pince) (v),72,100,45.4,1.3,05.06.2026 01:45:00,Normalen promet
AC-A5,Mostje AC,smer HUN (Pince) (v),60,100,68.6,0.8,05.06.2026 01:45:00,Normalen promet
AC-A5,Pince AC,smer HUN (Pince) (v),48,90,83.3,0.5,05.06.2026 01:45:00,Normalen promet
AC-A5,Vučja vas AC,smer HUN (Pince) (v),60,93,21.3,1.4,05.06.2026 01:45:00,Normalen promet
AC-A5,Zamarkova AC,smer HUN (Pince) (v),60,106,52.3,0.8,05.06.2026 01:45:00,Normalen promet
AC-A5,Brengova AC,smer HUN (Pince) (v),72,102,67.6,1.2,05.06.2026 01:50:00,Normalen promet
AC-A5,Cenkova AC,smer HUN (Pince) (v),84,103,46.3,1.2,05.06.2026 01:50:00,Normalen promet
AC-A5,Dolinsko AC,smer HUN (Pince) (v),60,92,60.4,1.0,05.06.2026 01:50:00,Normalen promet
AC-A5,Dragučova AC,smer HUN (Pince) (v),84,100,39.0,1.2,05.06.2026 01:50:00,Normalen promet
AC-A5,Gančani AC,smer HUN (Pince) (v),48,89,68.1,0.9,05.06.2026 01:50:00,Normalen promet
AC-A5,Lormanje AC,smer HUN (Pince) (v),72,90,47.3,1.5,05.06.2026 01:50:00,Normalen promet
AC-A5,Mostje AC,smer HUN (Pince) (v),108,87,35.1,2.3,05.06.2026 01:50:00,Normalen promet
AC-A5,Pince AC,smer HUN (Pince) (v),84,81,47.3,1.8,05.06.2026 01:50:00,Normalen promet
AC-A5,Vučja vas AC,smer HUN (Pince) (v),36,104,105.9,0.8,05.06.2026 01:50:00,Normalen promet
AC-A5,Zamarkova AC,smer HUN (Pince) (v),144,93,25.1,2.4,05.06.2026 01:50:00,Normalen promet
AC-A5,Brengova AC,smer HUN (Pince) (v),72,90,30.2,1.4,05.06.2026 01:55:00,Normalen promet
AC-A5,Cenkova AC,smer HUN (Pince) (v),48,88,72.1,1.1,05.06.2026 01:55:00,Normalen promet
AC-A5,Dolinsko AC,smer HUN (Pince) (v),72,96,56.6,1.5,05.06.2026 01:55:00,Normalen promet
AC-A5,Dragučova AC,smer HUN (Pince) (v),60,102,52.5,0.8,05.06.2026 01:55:00,Normalen promet
AC-A5,Gančani AC,smer HUN (Pince) (v),84,96,40.2,1.4,05.06.2026 01:55:00,Normalen promet
AC-A5,Lormanje AC,smer HUN (Pince) (v),84,97,46.6,1.3,05.06.2026 01:55:00,Normalen promet
AC-A5,Mostje AC,smer HUN (Pince) (v),60,91,61.6,1.0,05.06.2026 01:55:00,Normalen promet
AC-A5,Pince AC,smer HUN (Pince) (v),48,81,67.2,0.7,05.06.2026 01:55:00,Normalen promet
AC-A5,Vučja vas AC,smer HUN (Pince) (v),144,100,33.8,2.6,05.06.2026 01:55:00,Normalen promet
AC-A5,Zamarkova AC,smer HUN (Pince) (v),72,95,50.4,1.1,05.06.2026 01:55:00,Normalen promet
AC-A5,Brengova AC,smer HUN (Pince) (v),96,95,51.4,1.6,05.06.2026 02:00:00,Normalen promet
AC-A5,Cenkova AC,smer HUN (Pince) (v),84,93,49.9,1.7,05.06.2026 02:00:00,Normalen promet
AC-A5,Dolinsko AC,smer HUN (Pince) (v),60,98,44.5,0.8,05.06.2026 02:00:00,Normalen promet
AC-A5,Dragučova AC,smer HUN (Pince) (v),60,116,62.4,0.7,05.06.2026 02:00:00,Normalen promet
AC-A5,Gančani AC,smer HUN (Pince) (v),96,100,43.5,1.6,05.06.2026 02:00:00,Normalen promet
AC-A5,Lormanje AC,smer HUN (Pince) (v),96,106,31.7,1.3,05.06.2026 02:00:00,Normalen promet
AC-A5,Mostje AC,smer HUN (Pince) (v),84,99,48.1,1.5,05.06.2026 02:00:00,Normalen promet
AC-A5,Pince AC,smer HUN (Pince) (v),72,65,54.3,1.7,05.06.2026 02:00:00,Normalen promet
AC-A5,Vučja vas AC,smer HUN (Pince) (v),12,90,60.6,0.3,05.06.2026 02:00:00,Normalen promet
AC-A5,Zamarkova AC,smer HUN (Pince) (v),36,101,74.8,0.5,05.06.2026 02:00:00,Normalen promet
AC-A5,Brengova AC,smer HUN (Pince) (v),60,105,61.4,0.8,05.06.2026 02:05:00,Normalen promet
AC-A5,Cenkova AC,smer HUN (Pince) (v),84,107,42.6,1.1,05.06.2026 02:05:00,Normalen promet
AC-A5,Dolinsko AC,smer HUN (Pince) (v),108,99,42.6,1.9,05.06.2026 02:05:00,Normalen promet
AC-A5,Dragučova AC,smer HUN (Pince) (v),72,95,46.9,1.2,05.06.2026 02:05:00,Normalen promet
AC-A5,Gančani AC,smer HUN (Pince) (v),60,89,37.9,1.2,05.06.2026 02:05:00,Normalen promet
AC-A5,Lormanje AC,smer HUN (Pince) (v),60,118,72.8,0.6,05.06.2026 02:05:00,Normalen promet
AC-A5,Mostje AC,smer HUN (Pince) (v),48,103,66.1,0.5,05.06.2026 02:05:00,Normalen promet
AC-A5,Pince AC,smer HUN (Pince) (v),96,74,38.7,1.8,05.06.2026 02:05:00,Normalen promet
AC-A5,Vučja vas AC,smer HUN (Pince) (v),120,93,70.7,1.8,05.06.2026 02:05:00,Normalen promet
AC-A5,Zamarkova AC,smer HUN (Pince) (v),72,103,58.2,0.8,05.06.2026 02:05:00,Normalen promet
AC-A5,Brengova AC,smer HUN (Pince) (v),48,102,60.0,0.7,05.06.2026 02:10:00,Normalen promet
AC-A5,Cenkova AC,smer HUN (Pince) (v),60,118,41.6,0.7,05.06.2026 02:10:00,Normalen promet
AC-A5,Dolinsko AC,smer HUN (Pince) (v),60,94,47.1,1.0,05.06.2026 02:10:00,Normalen promet
AC-A5,Dragučova AC,smer HUN (Pince) (v),72,106,50.3,1.0,05.06.2026 02:10:00,Normalen promet
AC-A5,Gančani AC,smer HUN (Pince) (v),72,96,64.8,1.1,05.06.2026 02:10:00,Normalen promet
AC-A5,Lormanje AC,smer HUN (Pince) (v),72,93,49.4,1.1,05.06.2026 02:10:00,Normalen promet
AC-A5,Mostje AC,smer HUN (Pince) (v),120,92,31.1,2.5,05.06.2026 02:10:00,Normalen promet
AC-A5,Pince AC,smer HUN (Pince) (v),48,83,60.7,1.0,05.06.2026 02:10:00,Normalen promet
AC-A5,Vučja vas AC,smer HUN (Pince) (v),108,103,31.3,1.7,05.06.2026 02:10:00,Normalen promet
AC-A5,Zamarkova AC,smer HUN (Pince) (v),84,93,59.1,1.6,05.06.2026 02:10:00,Normalen promet
AC-A5,Brengova AC,smer HUN (Pince) (v),84,87,51.1,1.6,05.06.2026 02:15:00,Normalen promet
AC-A5,Cenkova AC,smer HUN (Pince) (v),48,97,85.1,0.7,05.06.2026 02:15:00,Normalen promet
AC-A5,Dolinsko AC,smer HUN (Pince) (v),84,100,51.4,1.2,05.06.2026 02:15:00,Normalen promet
AC-A5,Dragučova AC,smer HUN (Pince) (v),60,109,69.7,0.6,05.06.2026 02:15:00,Normalen promet
AC-A5,Gančani AC,smer HUN (Pince) (v),108,105,31.3,1.6,05.06.2026 02:15:00,Normalen promet
AC-A5,Lormanje AC,smer HUN (Pince) (v),60,91,39.2,1.2,05.06.2026 02:15:00,Normalen promet
AC-A5,Mostje AC,smer HUN (Pince) (v),60,87,33.7,1.2,05.06.2026 02:15:00,Normalen promet
AC-A5,Pince AC,smer HUN (Pince) (v),36,87,73.2,0.3,05.06.2026 02:15:00,Normalen promet
AC-A5,Vučja vas AC,smer HUN (Pince) (v),96,102,38.2,1.4,05.06.2026 02:15:00,Normalen promet
AC-A5,Zamarkova AC,smer HUN (Pince) (v),60,98,37.9,0.9,05.06.2026 02:15:00,Normalen promet
AC-A5,Brengova AC,smer HUN (Pince) (v),36,84,98.8,0.8,05.06.2026 02:20:00,Normalen promet
AC-A5,Cenkova AC,smer HUN (Pince) (v),84,96,43.8,1.5,05.06.2026 02:20:00,Normalen promet
AC-A5,Dolinsko AC,smer HUN (Pince) (v),108,101,27.8,1.7,05.06.2026 02:20:00,Normalen promet
AC-A5,Dragučova AC,smer HUN (Pince) (v),72,96,35.8,1.2,05.06.2026 02:20:00,Normalen promet
AC-A5,Gančani AC,smer HUN (Pince) (v),72,91,55.1,1.4,05.06.2026 02:20:00,Normalen promet
AC-A5,Lormanje AC,smer HUN (Pince) (v),96,96,47.8,1.3,05.06.2026 02:20:00,Normalen promet
AC-A5,Mostje AC,smer HUN (Pince) (v),120,106,44.9,1.4,05.06.2026 02:20:00,Normalen promet
AC-A5,Pince AC,smer HUN (Pince) (v),96,84,45.5,2.0,05.06.2026 02:20:00,Normalen promet
AC-A5,Vučja vas AC,smer HUN (Pince) (v),60,85,96.9,1.2,05.06.2026 02:20:00,Normalen promet
AC-A5,Zamarkova AC,smer HUN (Pince) (v),84,113,43.8,0.7,05.06.2026 02:20:00,Normalen promet
AC-A5,Brengova AC,smer HUN (Pince) (v),60,108,31.2,0.7,05.06.2026 02:25:00,Normalen promet
AC-A5,Cenkova AC,smer HUN (Pince) (v),60,107,63.3,0.9,05.06.2026 02:25:00,Normalen promet
AC-A5,Dolinsko AC,smer HUN (Pince) (v),84,97,47.5,1.6,05.06.2026 02:25:00,Normalen promet
AC-A5,Dragučova AC,smer HUN (Pince) (v),108,99,28.4,1.4,05.06.2026 02:25:00,Normalen promet
AC-A5,Gančani AC,smer HUN (Pince) (v),72,102,50.8,1.4,05.06.2026 02:25:00,Normalen promet
AC-A5,Lormanje AC,smer HUN (Pince) (v),108,89,26.1,1.6,05.06.2026 02:25:00,Normalen promet
AC-A5,Mostje AC,smer HUN (Pince) (v),96,91,22.3,1.8,05.06.2026 02:25:00,Normalen promet
AC-A5,Pince AC,smer HUN (Pince) (v),84,76,71.0,1.2,05.06.2026 02:25:00,Normalen promet
AC-A5,Vučja vas AC,smer HUN (Pince) (v),0,0,0.0,0.0,05.06.2026 02:25:00,Ni podatka
AC-A5,Zamarkova AC,smer HUN (Pince) (v),96,96,50.1,1.5,05.06.2026 02:25:00,Normalen promet
AC-A5,Brengova AC,smer HUN (Pince) (v),72,99,52.6,1.2,05.06.2026 02:30:00,Normalen promet
AC-A5,Cenkova AC,smer HUN (Pince) (v),36,86,76.3,0.5,05.06.2026 02:30:00,Normalen promet
AC-A5,Dolinsko AC,smer HUN (Pince) (v),48,87,68.5,1.0,05.06.2026 02:30:00,Normalen promet
AC-A5,Dragučova AC,smer HUN (Pince) (v),96,98,46.1,1.3,05.06.2026 02:30:00,Normalen promet
AC-A5,Gančani AC,smer HUN (Pince) (v),60,99,45.4,0.9,05.06.2026 02:30:00,Normalen promet
AC-A5,Lormanje AC,smer HUN (Pince) (v),84,103,49.2,1.0,05.06.2026 02:30:00,Normalen promet
AC-A5,Mostje AC,smer HUN (Pince) (v),72,99,68.5,1.3,05.06.2026 02:30:00,Normalen promet
AC-A5,Pince AC,smer HUN (Pince) (v),120,86,45.1,1.8,05.06.2026 02:30:00,Normalen promet
AC-A5,Vučja vas AC,smer HUN (Pince) (v),36,99,54.3,0.7,05.06.2026 02:30:00,Normalen promet
AC-A5,Zamarkova AC,smer HUN (Pince) (v),96,99,37.6,1.2,05.06.2026 02:30:00,Normalen promet
AC-A5,Brengova AC,smer HUN (Pince) (v),96,99,34.3,1.3,05.06.2026 02:35:00,Normalen promet
AC-A5,Cenkova AC,smer HUN (Pince) (v),132,107,34.0,1.7,05.06.2026 02:35:00,Normalen promet
AC-A5,Dolinsko AC,smer HUN (Pince) (v),60,99,42.7,0.9,05.06.2026 02:35:00,Normalen promet
AC-A5,Dragučova AC,smer HUN (Pince) (v),96,92,41.1,1.8,05.06.2026 02:35:00,Normalen promet
AC-A5,Gančani AC,smer HUN (Pince) (v),48,99,84.7,0.7,05.06.2026 02:35:00,Normalen promet
AC-A5,Lormanje AC,smer HUN (Pince) (v),72,95,70.2,0.8,05.06.2026 02:35:00,Normalen promet
AC-A5,Mostje AC,smer HUN (Pince) (v),60,84,55.4,1.3,05.06.2026 02:35:00,Normalen promet
AC-A5,Pince AC,smer HUN (Pince) (v),96,84,36.1,1.6,05.06.2026 02:35:00,Normalen promet
AC-A5,Vučja vas AC,smer HUN (Pince) (v),72,87,64.8,1.4,05.06.2026 02:35:00,Normalen promet
AC-A5,Zamarkova AC,smer HUN (Pince) (v),84,94,40.6,1.3,05.06.2026 02:35:00,Normalen promet
AC-A5,Brengova AC,smer HUN (Pince) (v),48,88,86.6,0.9,05.06.2026 02:40:00,Normalen promet
AC-A5,Cenkova AC,smer HUN (Pince) (v),60,93,42.0,1.1,05.06.2026 02:40:00,Normalen promet
AC-A5,Dolinsko AC,smer HUN (Pince) (v),72,95,66.8,1.3,05.06.2026 02:40:00,Normalen promet
AC-A5,Dragučova AC,smer HUN (Pince) (v),96,92,40.6,1.8,05.06.2026 02:40:00,Normalen promet
AC-A5,Gančani AC,smer HUN (Pince) (v),72,93,51.7,1.3,05.06.2026 02:40:00,Normalen promet
AC-A5,Lormanje AC,smer HUN (Pince) (v),60,96,55.8,1.0,05.06.2026 02:40:00,Normalen promet
AC-A5,Mostje AC,smer HUN (Pince) (v),108,99,34.9,1.7,05.06.2026 02:40:00,Normalen promet
AC-A5,Pince AC,smer HUN (Pince) (v),96,81,47.5,1.8,05.06.2026 02:40:00,Normalen promet
AC-A5,Vučja vas AC,smer HUN (Pince) (v),84,104,42.8,1.1,05.06.2026 02:40:00,Normalen promet
AC-A5,Zamarkova AC,smer HUN (Pince) (v),120,95,32.3,2.1,05.06.2026 02:40:00,Normalen promet
AC-A5,Brengova AC,smer HUN (Pince) (v),96,89,40.1,1.7,05.06.2026 02:45:00,Normalen promet
AC-A5,Cenkova AC,smer HUN (Pince) (v),84,97,50.4,1.3,05.06.2026 02:45:00,Normalen promet
AC-A5,Dolinsko AC,smer HUN (Pince) (v),60,89,63.8,1.2,05.06.2026 02:45:00,Normalen promet
AC-A5,Dragučova AC,smer HUN (Pince) (v),36,85,38.5,0.9,05.06.2026 02:45:00,Normalen promet
AC-A5,Gančani AC,smer HUN (Pince) (v),72,94,48.3,1.2,05.06.2026 02:45:00,Normalen promet
AC-A5,Lormanje AC,smer HUN (Pince) (v),24,84,204.1,0.3,05.06.2026 02:45:00,Normalen promet
AC-A5,Mostje AC,smer HUN (Pince) (v),72,93,50.1,1.2,05.06.2026 02:45:00,Normalen promet
AC-A5,Pince AC,smer HUN (Pince) (v),48,78,125.0,0.5,05.06.2026 02:45:00,Normalen promet
AC-A5,Vučja vas AC,smer HUN (Pince) (v),96,99,36.7,1.4,05.06.2026 02:45:00,Normalen promet
AC-A5,Zamarkova AC,smer HUN (Pince) (v),84,88,36.9,1.6,05.06.2026 02:45:00,Normalen promet
AC-A5,Brengova AC,smer HUN (Pince) (v),36,84,74.2,0.8,05.06.2026 02:50:00,Normalen promet
AC-A5,Cenkova AC,smer HUN (Pince) (v),84,90,35.6,1.5,05.06.2026 02:50:00,Normalen promet
AC-A5,Dolinsko AC,smer HUN (Pince) (v),60,91,41.4,0.9,05.06.2026 02:50:00,Normalen promet
AC-A5,Dragučova AC,smer HUN (Pince) (v),144,106,40.1,1.8,05.06.2026 02:50:00,Normalen promet
AC-A5,Gančani AC,smer HUN (Pince) (v),84,95,30.6,1.4,05.06.2026 02:50:00,Normalen promet
AC-A5,Lormanje AC,smer HUN (Pince) (v),84,82,38.7,2.1,05.06.2026 02:50:00,Normalen promet
AC-A5,Mostje AC,smer HUN (Pince) (v),48,88,65.1,0.9,05.06.2026 02:50:00,Normalen promet
AC-A5,Pince AC,smer HUN (Pince) (v),48,65,43.4,1.3,05.06.2026 02:50:00,Normalen promet
AC-A5,Vučja vas AC,smer HUN (Pince) (v),36,94,97.3,0.5,05.06.2026 02:50:00,Normalen promet
AC-A5,Zamarkova AC,smer HUN (Pince) (v),60,96,60.9,0.9,05.06.2026 02:50:00,Normalen promet
AC-A5,Brengova AC,smer HUN (Pince) (v),84,89,44.5,1.6,05.06.2026 02:55:00,Normalen promet
AC-A5,Cenkova AC,smer HUN (Pince) (v),48,87,98.3,1.0,05.06.2026 02:55:00,Normalen promet
AC-A5,Dolinsko AC,smer HUN (Pince) (v),72,92,39.4,1.3,05.06.2026 02:55:00,Normalen promet
AC-A5,Dragučova AC,smer HUN (Pince) (v),120,89,20.0,2.4,05.06.2026 02:55:00,Normalen promet
AC-A5,Gančani AC,smer HUN (Pince) (v),60,91,73.0,1.2,05.06.2026 02:55:00,Normalen promet
AC-A5,Lormanje AC,smer HUN (Pince) (v),96,101,38.2,1.1,05.06.2026 02:55:00,Normalen promet
AC-A5,Mostje AC,smer HUN (Pince) (v),96,96,42.9,1.3,05.06.2026 02:55:00,Normalen promet
AC-A5,Pince AC,smer HUN (Pince) (v),12,87,98.0,0.3,05.06.2026 02:55:00,Normalen promet
AC-A5,Vučja vas AC,smer HUN (Pince) (v),60,96,59.7,0.9,05.06.2026 02:55:00,Normalen promet
AC-A5,Zamarkova AC,smer HUN (Pince) (v),108,95,31.4,1.8,05.06.2026 02:55:00,Normalen promet
AC-A5,Brengova AC,smer HUN (Pince) (v),120,101,34.5,1.7,05.06.2026 03:00:00,Normalen promet
AC-A5,Cenkova AC,smer HUN (Pince) (v),120,101,31.0,1.8,05.06.2026 03:00:00,Normalen promet
AC-A5,Dolinsko AC,smer HUN (Pince) (v),72,92,70.7,1.3,05.06.2026 03:00:00,Normalen promet
AC-A5,Dragučova AC,smer HUN (Pince) (v),132,111,30.9,1.4,05.06.2026 03:00:00,Normalen promet
AC-A5,Gančani AC,smer HUN (Pince) (v),60,93,66.7,1.0,05.06.2026 03:00:00,Normalen promet
AC-A5,Lormanje AC,smer HUN (Pince) (v),156,97,22.4,2.6,05.06.2026 03:00:00,Normalen promet
AC-A5,Mostje AC,smer HUN (Pince) (v),60,86,31.6,1.2,05.06.2026 03:00:00,Normalen promet
AC-A5,Pince AC,smer HUN (Pince) (v),12,74,187.0,0.2,05.06.2026 03:00:00,Normalen promet
AC-A5,Vučja vas AC,smer HUN (Pince) (v),48,87,25.0,1.0,05.06.2026 03:00:00,Normalen promet
AC-A5,Zamarkova AC,smer HUN (Pince) (v),192,92,21.3,3.6,05.06.2026 03:00:00,Normalen promet
AC-A5,Brengova AC,smer HUN (Pince) (v),216,95,17.4,3.8,05.06.2026 03:05:00,Normalen promet
AC-A5,Cenkova AC,smer HUN (Pince) (v),96,97,37.3,1.6,05.06.2026 03:05:00,Normalen promet
AC-A5,Dolinsko AC,smer HUN (Pince) (v),60,92,69.1,1.0,05.06.2026 03:05:00,Normalen promet
AC-A5,Dragučova AC,smer HUN (Pince) (v),48,94,86.5,0.8,05.06.2026 03:05:00,Normalen promet
AC-A5,Gančani AC,smer HUN (Pince) (v),72,93,45.6,1.2,05.06.2026 03:05:00,Normalen promet
AC-A5,Lormanje AC,smer HUN (Pince) (v),204,95,19.5,3.6,05.06.2026 03:05:00,Normalen promet
AC-A5,Mostje AC,smer HUN (Pince) (v),84,94,54.0,1.3,05.06.2026 03:05:00,Normalen promet
AC-A5,Pince AC,smer HUN (Pince) (v),48,84,25.2,0.8,05.06.2026 03:05:00,Normalen promet
AC-A5,Vučja vas AC,smer HUN (Pince) (v),96,89,61.9,1.9,05.06.2026 03:05:00,Normalen promet
AC-A5,Zamarkova AC,smer HUN (Pince) (v),84,110,40.0,0.6,05.06.2026 03:05:00,Normalen promet
AC-A5,Brengova AC,smer HUN (Pince) (v),72,94,49.8,1.0,05.06.2026 03:10:00,Normalen promet
AC-A5,Cenkova AC,smer HUN (Pince) (v),192,92,18.4,3.6,05.06.2026 03:10:00,Normalen promet
AC-A5,Dolinsko AC,smer HUN (Pince) (v),48,87,51.0,1.0,05.06.2026 03:10:00,Normalen promet
AC-A5,Dragučova AC,smer HUN (Pince) (v),84,108,37.2,1.0,05.06.2026 03:10:00,Normalen promet
AC-A5,Gančani AC,smer HUN (Pince) (v),60,99,66.8,1.0,05.06.2026 03:10:00,Normalen promet
AC-A5,Lormanje AC,smer HUN (Pince) (v),24,102,66.8,0.2,05.06.2026 03:10:00,Normalen promet
AC-A5,Mostje AC,smer HUN (Pince) (v),72,97,54.5,1.1,05.06.2026 03:10:00,Normalen promet
AC-A5,Pince AC,smer HUN (Pince) (v),24,75,82.2,0.6,05.06.2026 03:10:00,Normalen promet
AC-A5,Vučja vas AC,smer HUN (Pince) (v),84,100,40.9,1.5,05.06.2026 03:10:00,Normalen promet
AC-A5,Zamarkova AC,smer HUN (Pince) (v),84,99,44.3,1.1,05.06.2026 03:10:00,Normalen promet
AC-A5,Brengova AC,smer HUN (Pince) (v),36,99,90.4,0.3,05.06.2026 03:15:00,Normalen promet
AC-A5,Cenkova AC,smer HUN (Pince) (v),48,96,49.7,0.7,05.06.2026 03:15:00,Normalen promet
AC-A5,Dolinsko AC,smer HUN (Pince) (v),84,99,56.3,1.3,05.06.2026 03:15:00,Normalen promet
AC-A5,Dragučova AC,smer HUN (Pince) (v),108,97,38.4,1.6,05.06.2026 03:15:00,Normalen promet
AC-A5,Gančani AC,smer HUN (Pince) (v),96,96,31.7,1.8,05.06.2026 03:15:00,Normalen promet
AC-A5,Lormanje AC,smer HUN (Pince) (v),72,92,49.6,1.4,05.06.2026 03:15:00,Normalen promet
AC-A5,Mostje AC,smer HUN (Pince) (v),48,87,64.4,1.0,05.06.2026 03:15:00,Normalen promet
AC-A5,Pince AC,smer HUN (Pince) (v),96,84,68.3,1.7,05.06.2026 03:15:00,Normalen promet
AC-A5,Vučja vas AC,smer HUN (Pince) (v),132,89,26.3,2.7,05.06.2026 03:15:00,Normalen promet
AC-A5,Zamarkova AC,smer HUN (Pince) (v),72,105,46.2,0.9,05.06.2026 03:15:00,Normalen promet
AC-A5,Brengova AC,smer HUN (Pince) (v),96,105,37.6,1.2,05.06.2026 03:20:00,Normalen promet
AC-A5,Cenkova AC,smer HUN (Pince) (v),48,100,100.0,0.6,05.06.2026 03:20:00,Normalen promet
AC-A5,Dolinsko AC,smer HUN (Pince) (v),60,84,44.6,1.4,05.06.2026 03:20:00,Normalen promet
AC-A5,Dragučova AC,smer HUN (Pince) (v),144,88,23.5,2.8,05.06.2026 03:20:00,Normalen promet
AC-A5,Gančani AC,smer HUN (Pince) (v),132,87,32.2,2.6,05.06.2026 03:20:00,Normalen promet
AC-A5,Lormanje AC,smer HUN (Pince) (v),108,96,42.7,1.2,05.06.2026 03:20:00,Normalen promet
AC-A5,Mostje AC,smer HUN (Pince) (v),96,101,46.1,1.5,05.06.2026 03:20:00,Normalen promet
AC-A5,Pince AC,smer HUN (Pince) (v),0,0,0.0,0.0,05.06.2026 03:20:00,Normalen promet
AC-A5,Vučja vas AC,smer HUN (Pince) (v),144,86,19.0,3.1,05.06.2026 03:20:00,Normalen promet
AC-A5,Zamarkova AC,smer HUN (Pince) (v),144,94,27.6,2.1,05.06.2026 03:20:00,Normalen promet
AC-A5,Brengova AC,smer HUN (Pince) (v),96,93,40.3,1.4,05.06.2026 03:25:00,Normalen promet
AC-A5,Cenkova AC,smer HUN (Pince) (v),48,113,51.1,0.7,05.06.2026 03:25:00,Normalen promet
AC-A5,Dolinsko AC,smer HUN (Pince) (v),144,88,27.3,2.7,05.06.2026 03:25:00,Normalen promet
AC-A5,Dragučova AC,smer HUN (Pince) (v),144,93,25.3,2.6,05.06.2026 03:25:00,Normalen promet
AC-A5,Gančani AC,smer HUN (Pince) (v),180,90,19.2,3.6,05.06.2026 03:25:00,Normalen promet
AC-A5,Lormanje AC,smer HUN (Pince) (v),120,93,27.0,1.9,05.06.2026 03:25:00,Normalen promet
AC-A5,Mostje AC,smer HUN (Pince) (v),84,95,41.0,1.6,05.06.2026 03:25:00,Normalen promet
AC-A5,Pince AC,smer HUN (Pince) (v),60,90,57.5,1.0,05.06.2026 03:25:00,Normalen promet
AC-A5,Vučja vas AC,smer HUN (Pince) (v),12,106,382.9,0.1,05.06.2026 03:25:00,Normalen promet
AC-A5,Zamarkova AC,smer HUN (Pince) (v),180,94,17.6,3.1,05.06.2026 03:25:00,Normalen promet
AC-A5,Brengova AC,smer HUN (Pince) (v),108,87,29.8,2.0,05.06.2026 03:30:00,Normalen promet
AC-A5,Cenkova AC,smer HUN (Pince) (v),144,100,32.1,1.8,05.06.2026 03:30:00,Normalen promet
AC-A5,Dolinsko AC,smer HUN (Pince) (v),156,89,25.4,3.3,05.06.2026 03:30:00,Normalen promet
AC-A5,Dragučova AC,smer HUN (Pince) (v),144,99,24.8,1.9,05.06.2026 03:30:00,Normalen promet
AC-A5,Gančani AC,smer HUN (Pince) (v),36,87,81.0,0.8,05.06.2026 03:30:00,Normalen promet
AC-A5,Lormanje AC,smer HUN (Pince) (v),144,95,24.2,2.6,05.06.2026 03:30:00,Normalen promet
AC-A5,Mostje AC,smer HUN (Pince) (v),156,93,19.8,2.7,05.06.2026 03:30:00,Normalen promet
AC-A5,Pince AC,smer HUN (Pince) (v),72,83,61.6,1.5,05.06.2026 03:30:00,Normalen promet
AC-A5,Vučja vas AC,smer HUN (Pince) (v),48,107,70.4,0.5,05.06.2026 03:30:00,Normalen promet
AC-A5,Zamarkova AC,smer HUN (Pince) (v),192,93,20.1,3.1,05.06.2026 03:30:00,Normalen promet
AC-A5,Brengova AC,smer HUN (Pince) (v),192,92,19.8,3.3,05.06.2026 03:35:00,Normalen promet
AC-A5,Cenkova AC,smer HUN (Pince) (v),132,90,26.2,2.6,05.06.2026 03:35:00,Normalen promet
AC-A5,Dolinsko AC,smer HUN (Pince) (v),36,88,64.2,0.8,05.06.2026 03:35:00,Normalen promet
AC-A5,Dragučova AC,smer HUN (Pince) (v),108,101,32.9,1.4,05.06.2026 03:35:00,Normalen promet
AC-A5,Gančani AC,smer HUN (Pince) (v),36,111,90.9,0.4,05.06.2026 03:35:00,Normalen promet
AC-A5,Lormanje AC,smer HUN (Pince) (v),156,94,24.0,2.4,05.06.2026 03:35:00,Normalen promet
AC-A5,Mostje AC,smer HUN (Pince) (v),144,86,25.9,3.0,05.06.2026 03:35:00,Normalen promet
AC-A5,Pince AC,smer HUN (Pince) (v),24,62,116.9,0.8,05.06.2026 03:35:00,Normalen promet
AC-A5,Vučja vas AC,smer HUN (Pince) (v),120,104,31.9,1.8,05.06.2026 03:35:00,Normalen promet
AC-A5,Zamarkova AC,smer HUN (Pince) (v),108,92,31.8,1.6,05.06.2026 03:35:00,Normalen promet
AC-A5,Brengova AC,smer HUN (Pince) (v),96,94,26.0,1.4,05.06.2026 03:40:00,Normalen promet
AC-A5,Cenkova AC,smer HUN (Pince) (v),192,103,19.4,2.7,05.06.2026 03:40:00,Normalen promet
AC-A5,Dolinsko AC,smer HUN (Pince) (v),48,108,102.9,0.5,05.06.2026 03:40:00,Normalen promet
AC-A5,Dragučova AC,smer HUN (Pince) (v),108,93,33.9,1.9,05.06.2026 03:40:00,Normalen promet
AC-A5,Gančani AC,smer HUN (Pince) (v),96,106,42.8,1.2,05.06.2026 03:40:00,Normalen promet
AC-A5,Lormanje AC,smer HUN (Pince) (v),84,91,34.7,1.2,05.06.2026 03:40:00,Normalen promet
AC-A5,Mostje AC,smer HUN (Pince) (v),60,92,65.7,1.2,05.06.2026 03:40:00,Normalen promet
AC-A5,Pince AC,smer HUN (Pince) (v),144,61,28.9,4.0,05.06.2026 03:40:00,Normalen promet
AC-A5,Vučja vas AC,smer HUN (Pince) (v),108,94,33.4,1.7,05.06.2026 03:40:00,Normalen promet
AC-A5,Zamarkova AC,smer HUN (Pince) (v),120,93,28.8,1.8,05.06.2026 03:40:00,Normalen promet
AC-A5,Brengova AC,smer HUN (Pince) (v),108,92,41.0,1.6,05.06.2026 03:45:00,Normalen promet
AC-A5,Cenkova AC,smer HUN (Pince) (v),84,92,42.2,1.5,05.06.2026 03:45:00,Normalen promet
AC-A5,Dolinsko AC,smer HUN (Pince) (v),72,103,34.4,1.1,05.06.2026 03:45:00,Normalen promet
AC-A5,Dragučova AC,smer HUN (Pince) (v),96,91,34.9,2.0,05.06.2026 03:45:00,Normalen promet
AC-A5,Gančani AC,smer HUN (Pince) (v),48,95,76.0,0.7,05.06.2026 03:45:00,Normalen promet
AC-A5,Lormanje AC,smer HUN (Pince) (v),84,87,37.4,1.7,05.06.2026 03:45:00,Normalen promet
AC-A5,Mostje AC,smer HUN (Pince) (v),36,107,89.3,0.4,05.06.2026 03:45:00,Normalen promet
AC-A5,Pince AC,smer HUN (Pince) (v),72,77,46.5,1.8,05.06.2026 03:45:00,Normalen promet
AC-A5,Vučja vas AC,smer HUN (Pince) (v),120,96,31.1,2.2,05.06.2026 03:45:00,Normalen promet
AC-A5,Zamarkova AC,smer HUN (Pince) (v),132,94,26.8,2.1,05.06.2026 03:45:00,Normalen promet
AC-A5,Brengova AC,smer HUN (Pince) (v),144,90,26.2,2.7,05.06.2026 03:50:00,Normalen promet
AC-A5,Cenkova AC,smer HUN (Pince) (v),60,92,55.2,1.1,05.06.2026 03:50:00,Normalen promet
AC-A5,Dolinsko AC,smer HUN (Pince) (v),84,98,53.8,1.3,05.06.2026 03:50:00,Normalen promet
AC-A5,Dragučova AC,smer HUN (Pince) (v),36,96,90.5,0.6,05.06.2026 03:50:00,Normalen promet
AC-A5,Gančani AC,smer HUN (Pince) (v),156,103,26.0,2.4,05.06.2026 03:50:00,Normalen promet
AC-A5,Lormanje AC,smer HUN (Pince) (v),168,90,28.2,3.3,05.06.2026 03:50:00,Normalen promet
AC-A5,Mostje AC,smer HUN (Pince) (v),60,91,54.9,1.0,05.06.2026 03:50:00,Normalen promet
AC-A5,Pince AC,smer HUN (Pince) (v),96,79,43.3,1.9,05.06.2026 03:50:00,Normalen promet
AC-A5,Vučja vas AC,smer HUN (Pince) (v),108,94,29.3,1.9,05.06.2026 03:50:00,Normalen promet
AC-A5,Zamarkova AC,smer HUN (Pince) (v),48,85,57.0,1.1,05.06.2026 03:50:00,Normalen promet
AC-A5,Brengova AC,smer HUN (Pince) (v),108,89,33.6,2.2,05.06.2026 03:55:00,Normalen promet
AC-A5,Cenkova AC,smer HUN (Pince) (v),132,96,24.0,2.2,05.06.2026 03:55:00,Normalen promet
AC-A5,Dolinsko AC,smer HUN (Pince) (v),120,93,28.9,2.0,05.06.2026 03:55:00,Normalen promet
AC-A5,Dragučova AC,smer HUN (Pince) (v),108,89,35.0,2.2,05.06.2026 03:55:00,Normalen promet
AC-A5,Gančani AC,smer HUN (Pince) (v),108,95,26.9,1.8,05.06.2026 03:55:00,Normalen promet
AC-A5,Lormanje AC,smer HUN (Pince) (v),60,99,42.0,0.8,05.06.2026 03:55:00,Normalen promet
AC-A5,Mostje AC,smer HUN (Pince) (v),96,103,43.4,1.2,05.06.2026 03:55:00,Normalen promet
AC-A5,Pince AC,smer HUN (Pince) (v),36,94,95.9,0.5,05.06.2026 03:55:00,Normalen promet
AC-A5,Vučja vas AC,smer HUN (Pince) (v),96,91,40.7,1.7,05.06.2026 03:55:00,Normalen promet
AC-A5,Zamarkova AC,smer HUN (Pince) (v),84,98,55.3,1.3,05.06.2026 03:55:00,Normalen promet
AC-A5,Brengova AC,smer HUN (Pince) (v),48,99,74.2,0.7,05.06.2026 04:00:00,Normalen promet
AC-A5,Cenkova AC,smer HUN (Pince) (v),108,91,33.2,2.3,05.06.2026 04:00:00,Normalen promet
AC-A5,Dolinsko AC,smer HUN (Pince) (v),120,93,32.1,2.2,05.06.2026 04:00:00,Normalen promet
AC-A5,Dragučova AC,smer HUN (Pince) (v),84,95,40.4,1.4,05.06.2026 04:00:00,Normalen promet
AC-A5,Gančani AC,smer HUN (Pince) (v),96,90,41.8,1.9,05.06.2026 04:00:00,Normalen promet
AC-A5,Lormanje AC,smer HUN (Pince) (v),120,98,39.7,2.1,05.06.2026 04:00:00,Normalen promet
AC-A5,Mostje AC,smer HUN (Pince) (v),96,86,38.7,1.9,05.06.2026 04:00:00,Normalen promet
AC-A5,Pince AC,smer HUN (Pince) (v),24,85,125.1,0.4,05.06.2026 04:00:00,Normalen promet
AC-A5,Vučja vas AC,smer HUN (Pince) (v),108,92,29.3,2.2,05.06.2026 04:00:00,Normalen promet
AC-A5,Zamarkova AC,smer HUN (Pince) (v),108,96,34.4,1.9,05.06.2026 04:00:00,Normalen promet
AC-A5,Brengova AC,smer HUN (Pince) (v),120,91,30.6,2.3,05.06.2026 04:05:00,Normalen promet
AC-A5,Cenkova AC,smer HUN (Pince) (v),72,110,56.6,0.9,05.06.2026 04:05:00,Normalen promet
AC-A5,Dolinsko AC,smer HUN (Pince) (v),96,93,30.2,1.9,05.06.2026 04:05:00,Normalen promet
AC-A5,Dragučova AC,smer HUN (Pince) (v),156,95,25.4,2.6,05.06.2026 04:05:00,Normalen promet
AC-A5,Gančani AC,smer HUN (Pince) (v),84,88,43.7,1.8,05.06.2026 04:05:00,Normalen promet
AC-A5,Lormanje AC,smer HUN (Pince) (v),120,92,30.2,2.1,05.06.2026 04:05:00,Normalen promet
AC-A5,Mostje AC,smer HUN (Pince) (v),96,92,22.9,1.6,05.06.2026 04:05:00,Normalen promet
AC-A5,Pince AC,smer HUN (Pince) (v),120,72,34.3,2.3,05.06.2026 04:05:00,Normalen promet
AC-A5,Vučja vas AC,smer HUN (Pince) (v),156,90,24.3,3.1,05.06.2026 04:05:00,Normalen promet
AC-A5,Zamarkova AC,smer HUN (Pince) (v),132,90,27.6,2.4,05.06.2026 04:05:00,Normalen promet
AC-A5,Brengova AC,smer HUN (Pince) (v),108,96,30.0,1.6,05.06.2026 04:10:00,Normalen promet
AC-A5,Cenkova AC,smer HUN (Pince) (v),108,92,28.4,2.1,05.06.2026 04:10:00,Normalen promet
AC-A5,Dolinsko AC,smer HUN (Pince) (v),120,93,32.4,2.1,05.06.2026 04:10:00,Normalen promet
AC-A5,Dragučova AC,smer HUN (Pince) (v),72,95,50.9,1.1,05.06.2026 04:10:00,Normalen promet
AC-A5,Gančani AC,smer HUN (Pince) (v),120,96,28.1,2.2,05.06.2026 04:10:00,Normalen promet
AC-A5,Lormanje AC,smer HUN (Pince) (v),144,89,21.4,2.9,05.06.2026 04:10:00,Normalen promet
AC-A5,Mostje AC,smer HUN (Pince) (v),108,87,46.3,2.2,05.06.2026 04:10:00,Normalen promet
AC-A5,Pince AC,smer HUN (Pince) (v),96,86,34.3,1.7,05.06.2026 04:10:00,Normalen promet
AC-A5,Vučja vas AC,smer HUN (Pince) (v),108,98,35.1,1.9,05.06.2026 04:10:00,Normalen promet
AC-A5,Zamarkova AC,smer HUN (Pince) (v),132,96,26.1,1.8,05.06.2026 04:10:00,Normalen promet
AC-A5,Brengova AC,smer HUN (Pince) (v),156,88,24.8,3.2,05.06.2026 04:15:00,Normalen promet
AC-A5,Cenkova AC,smer HUN (Pince) (v),132,101,30.5,1.9,05.06.2026 04:15:00,Normalen promet
AC-A5,Dolinsko AC,smer HUN (Pince) (v),132,91,26.2,2.8,05.06.2026 04:15:00,Normalen promet
AC-A5,Dragučova AC,smer HUN (Pince) (v),120,96,25.5,1.7,05.06.2026 04:15:00,Normalen promet
AC-A5,Gančani AC,smer HUN (Pince) (v),168,88,21.8,3.7,05.06.2026 04:15:00,Normalen promet
AC-A5,Lormanje AC,smer HUN (Pince) (v),120,90,30.8,2.3,05.06.2026 04:15:00,Normalen promet
AC-A5,Mostje AC,smer HUN (Pince) (v),108,91,28.4,1.8,05.06.2026 04:15:00,Normalen promet
AC-A5,Pince AC,smer HUN (Pince) (v),84,73,47.8,2.0,05.06.2026 04:15:00,Normalen promet
AC-A5,Vučja vas AC,smer HUN (Pince) (v),120,93,29.5,2.2,05.06.2026 04:15:00,Normalen promet
AC-A5,Zamarkova AC,smer HUN (Pince) (v),72,95,51.8,1.2,05.06.2026 04:15:00,Normalen promet
AC-A5,Brengova AC,smer HUN (Pince) (v),120,92,29.6,2.1,05.06.2026 04:20:00,Normalen promet
AC-A5,Cenkova AC,smer HUN (Pince) (v),168,90,22.6,3.4,05.06.2026 04:20:00,Normalen promet
AC-A5,Dolinsko AC,smer HUN (Pince) (v),180,92,19.1,3.6,05.06.2026 04:20:00,Normalen promet
AC-A5,Dragučova AC,smer HUN (Pince) (v),108,100,36.1,1.3,05.06.2026 04:20:00,Normalen promet
AC-A5,Gančani AC,smer HUN (Pince) (v),132,92,26.8,2.4,05.06.2026 04:20:00,Normalen promet
AC-A5,Lormanje AC,smer HUN (Pince) (v),132,103,28.3,1.9,05.06.2026 04:20:00,Normalen promet
AC-A5,Mostje AC,smer HUN (Pince) (v),120,94,28.4,2.3,05.06.2026 04:20:00,Normalen promet
AC-A5,Pince AC,smer HUN (Pince) (v),60,64,49.2,1.6,05.06.2026 04:20:00,Gost promet z zastoji
AC-A5,Vučja vas AC,smer HUN (Pince) (v),156,95,21.3,2.7,05.06.2026 04:20:00,Normalen promet
AC-A5,Zamarkova AC,smer HUN (Pince) (v),144,95,22.9,1.6,05.06.2026 04:20:00,Normalen promet
AC-A5,Brengova AC,smer HUN (Pince) (v),108,90,33.5,2.0,05.06.2026 04:25:00,Normalen promet
AC-A5,Cenkova AC,smer HUN (Pince) (v),132,94,24.6,2.4,05.06.2026 04:25:00,Normalen promet
AC-A5,Dolinsko AC,smer HUN (Pince) (v),120,87,30.5,2.4,05.06.2026 04:25:00,Normalen promet
AC-A5,Dragučova AC,smer HUN (Pince) (v),192,93,18.8,3.8,05.06.2026 04:25:00,Normalen promet
AC-A5,Gančani AC,smer HUN (Pince) (v),120,96,29.6,2.0,05.06.2026 04:25:00,Normalen promet
AC-A5,Lormanje AC,smer HUN (Pince) (v),108,91,27.5,1.8,05.06.2026 04:25:00,Normalen promet
AC-A5,Mostje AC,smer HUN (Pince) (v),180,88,19.4,3.8,05.06.2026 04:25:00,Normalen promet
AC-A5,Pince AC,smer HUN (Pince) (v),156,80,24.5,3.3,05.06.2026 04:25:00,Normalen promet
AC-A5,Vučja vas AC,smer HUN (Pince) (v),132,85,28.3,2.8,05.06.2026 04:25:00,Normalen promet
AC-A5,Zamarkova AC,smer HUN (Pince) (v),120,99,31.6,1.7,05.06.2026 04:25:00,Normalen promet
AC-A5,Brengova AC,smer HUN (Pince) (v),96,104,31.4,0.9,05.06.2026 04:30:00,Normalen promet
AC-A5,Cenkova AC,smer HUN (Pince) (v),96,98,35.4,1.5,05.06.2026 04:30:00,Normalen promet
AC-A5,Dolinsko AC,smer HUN (Pince) (v),120,96,28.0,1.9,05.06.2026 04:30:00,Normalen promet
AC-A5,Dragučova AC,smer HUN (Pince) (v),72,100,46.0,1.1,05.06.2026 04:30:00,Normalen promet
AC-A5,Gančani AC,smer HUN (Pince) (v),120,90,28.3,2.5,05.06.2026 04:30:00,Normalen promet
AC-A5,Lormanje AC,smer HUN (Pince) (v),120,100,32.3,2.0,05.06.2026 04:30:00,Normalen promet
AC-A5,Mostje AC,smer HUN (Pince) (v),108,86,39.1,2.4,05.06.2026 04:30:00,Normalen promet
AC-A5,Pince AC,smer HUN (Pince) (v),84,80,44.8,1.8,05.06.2026 04:30:00,Normalen promet
AC-A5,Vučja vas AC,smer HUN (Pince) (v),168,92,21.6,3.3,05.06.2026 04:30:00,Normalen promet
AC-A5,Zamarkova AC,smer HUN (Pince) (v),204,93,16.4,3.5,05.06.2026 04:30:00,Normalen promet
AC-A5,Brengova AC,smer HUN (Pince) (v),228,95,17.8,4.2,05.06.2026 04:35:00,Normalen promet
AC-A5,Cenkova AC,smer HUN (Pince) (v),96,103,40.1,1.3,05.06.2026 04:35:00,Normalen promet
AC-A5,Dolinsko AC,smer HUN (Pince) (v),120,85,32.2,2.6,05.06.2026 04:35:00,Normalen promet
AC-A5,Dragučova AC,smer HUN (Pince) (v),132,96,31.2,2.2,05.06.2026 04:35:00,Normalen promet
AC-A5,Gančani AC,smer HUN (Pince) (v),180,93,21.8,3.5,05.06.2026 04:35:00,Normalen promet
AC-A5,Lormanje AC,smer HUN (Pince) (v),192,94,20.9,3.4,05.06.2026 04:35:00,Normalen promet
AC-A5,Mostje AC,smer HUN (Pince) (v),120,94,27.5,2.0,05.06.2026 04:35:00,Normalen promet
AC-A5,Pince AC,smer HUN (Pince) (v),96,76,35.4,2.1,05.06.2026 04:35:00,Normalen promet
AC-A5,Vučja vas AC,smer HUN (Pince) (v),132,94,27.8,2.3,05.06.2026 04:35:00,Normalen promet
AC-A5,Zamarkova AC,smer HUN (Pince) (v),120,95,31.7,2.0,05.06.2026 04:35:00,Normalen promet
AC-A5,Brengova AC,smer HUN (Pince) (v),96,96,38.4,1.5,05.06.2026 04:40:00,Normalen promet
AC-A5,Cenkova AC,smer HUN (Pince) (v),240,99,15.2,4.0,05.06.2026 04:40:00,Normalen promet
AC-A5,Dolinsko AC,smer HUN (Pince) (v),204,95,17.5,3.8,05.06.2026 04:40:00,Normalen promet
AC-A5,Dragučova AC,smer HUN (Pince) (v),216,97,15.9,3.7,05.06.2026 04:40:00,Normalen promet
AC-A5,Gančani AC,smer HUN (Pince) (v),204,92,15.1,3.8,05.06.2026 04:40:00,Normalen promet
AC-A5,Lormanje AC,smer HUN (Pince) (v),120,93,27.7,2.0,05.06.2026 04:40:00,Normalen promet
AC-A5,Mostje AC,smer HUN (Pince) (v),96,84,31.5,2.2,05.06.2026 04:40:00,Normalen promet
AC-A5,Pince AC,smer HUN (Pince) (v),72,81,52.3,1.5,05.06.2026 04:40:00,Normalen promet
AC-A5,Vučja vas AC,smer HUN (Pince) (v),156,98,22.2,2.7,05.06.2026 04:40:00,Normalen promet
AC-A5,Zamarkova AC,smer HUN (Pince) (v),120,95,27.4,1.8,05.06.2026 04:40:00,Normalen promet
AC-A5,Brengova AC,smer HUN (Pince) (v),108,88,33.2,1.9,05.06.2026 04:45:00,Normalen promet
AC-A5,Cenkova AC,smer HUN (Pince) (v),60,103,53.1,1.0,05.06.2026 04:45:00,Normalen promet
AC-A5,Dolinsko AC,smer HUN (Pince) (v),216,92,16.0,4.3,05.06.2026 04:45:00,Normalen promet
AC-A5,Dragučova AC,smer HUN (Pince) (v),144,90,25.3,2.7,05.06.2026 04:45:00,Normalen promet
AC-A5,Gančani AC,smer HUN (Pince) (v),204,95,19.2,3.6,05.06.2026 04:45:00,Normalen promet
AC-A5,Lormanje AC,smer HUN (Pince) (v),156,96,24.4,2.4,05.06.2026 04:45:00,Normalen promet
AC-A5,Mostje AC,smer HUN (Pince) (v),228,92,19.0,4.4,05.06.2026 04:45:00,Normalen promet
AC-A5,Pince AC,smer HUN (Pince) (v),84,78,31.2,1.5,05.06.2026 04:45:00,Normalen promet
AC-A5,Vučja vas AC,smer HUN (Pince) (v),192,101,18.0,3.0,05.06.2026 04:45:00,Normalen promet
AC-A5,Zamarkova AC,smer HUN (Pince) (v),192,91,18.1,3.6,05.06.2026 04:45:00,Normalen promet
AC-A5,Brengova AC,smer HUN (Pince) (v),168,88,21.0,3.3,05.06.2026 04:50:00,Normalen promet
AC-A5,Cenkova AC,smer HUN (Pince) (v),144,92,26.8,2.4,05.06.2026 04:50:00,Normalen promet
AC-A5,Dolinsko AC,smer HUN (Pince) (v),168,91,21.4,3.2,05.06.2026 04:50:00,Normalen promet
AC-A5,Dragučova AC,smer HUN (Pince) (v),120,93,28.2,2.0,05.06.2026 04:50:00,Normalen promet
AC-A5,Gančani AC,smer HUN (Pince) (v),108,94,30.5,2.0,05.06.2026 04:50:00,Normalen promet
AC-A5,Lormanje AC,smer HUN (Pince) (v),156,86,21.4,3.4,05.06.2026 04:50:00,Normalen promet
AC-A5,Mostje AC,smer HUN (Pince) (v),180,91,20.5,3.2,05.06.2026 04:50:00,Normalen promet
AC-A5,Pince AC,smer HUN (Pince) (v),96,81,38.3,2.2,05.06.2026 04:50:00,Normalen promet
AC-A5,Vučja vas AC,smer HUN (Pince) (v),144,92,23.0,2.8,05.06.2026 04:50:00,Normalen promet
AC-A5,Zamarkova AC,smer HUN (Pince) (v),228,90,17.0,3.7,05.06.2026 04:50:00,Normalen promet
AC-A5,Brengova AC,smer HUN (Pince) (v),84,91,42.1,1.5,05.06.2026 04:55:00,Normalen promet
AC-A5,Cenkova AC,smer HUN (Pince) (v),156,96,19.4,2.8,05.06.2026 04:55:00,Normalen promet
AC-A5,Dolinsko AC,smer HUN (Pince) (v),108,95,33.5,2.0,05.06.2026 04:55:00,Normalen promet
AC-A5,Dragučova AC,smer HUN (Pince) (v),192,91,19.3,3.6,05.06.2026 04:55:00,Normalen promet
AC-A5,Gančani AC,smer HUN (Pince) (v),192,92,18.8,3.7,05.06.2026 04:55:00,Normalen promet
AC-A5,Lormanje AC,smer HUN (Pince) (v),120,90,29.9,2.2,05.06.2026 04:55:00,Normalen promet
AC-A5,Mostje AC,smer HUN (Pince) (v),156,91,19.5,3.0,05.06.2026 04:55:00,Normalen promet
AC-A5,Pince AC,smer HUN (Pince) (v),216,75,19.8,4.9,05.06.2026 04:55:00,Normalen promet
AC-A5,Vučja vas AC,smer HUN (Pince) (v),132,89,29.0,2.7,05.06.2026 04:55:00,Normalen promet
AC-A5,Zamarkova AC,smer HUN (Pince) (v),144,93,25.7,2.2,05.06.2026 04:55:00,Normalen promet
AC-A5,Brengova AC,smer HUN (Pince) (v),132,91,26.8,2.2,05.06.2026 05:00:00,Normalen promet
AC-A5,Cenkova AC,smer HUN (Pince) (v),108,93,38.9,2.1,05.06.2026 05:00:00,Normalen promet
AC-A5,Dolinsko AC,smer HUN (Pince) (v),108,90,21.1,2.8,05.06.2026 05:00:00,Normalen promet
AC-A5,Dragučova AC,smer HUN (Pince) (v),252,96,13.8,4.2,05.06.2026 05:00:00,Normalen promet
AC-A5,Gančani AC,smer HUN (Pince) (v),48,94,81.0,0.9,05.06.2026 05:00:00,Normalen promet
AC-A5,Lormanje AC,smer HUN (Pince) (v),192,94,19.6,3.3,05.06.2026 05:00:00,Normalen promet
AC-A5,Mostje AC,smer HUN (Pince) (v),120,92,33.1,2.3,05.06.2026 05:00:00,Normalen promet
AC-A5,Pince AC,smer HUN (Pince) (v),120,72,30.6,2.8,05.06.2026 05:00:00,Normalen promet
AC-A5,Vučja vas AC,smer HUN (Pince) (v),144,92,24.5,2.7,05.06.2026 05:00:00,Normalen promet
AC-A5,Zamarkova AC,smer HUN (Pince) (v),276,89,11.9,4.8,05.06.2026 05:00:00,Normalen promet
AC-A5,Brengova AC,smer HUN (Pince) (v),240,89,15.4,4.3,05.06.2026 05:05:00,Normalen promet
AC-A5,Cenkova AC,smer HUN (Pince) (v),108,93,30.5,1.8,05.06.2026 05:05:00,Normalen promet
AC-A5,Dolinsko AC,smer HUN (Pince) (v),120,93,37.6,2.2,05.06.2026 05:05:00,Normalen promet
AC-A5,Dragučova AC,smer HUN (Pince) (v),336,95,11.3,5.6,05.06.2026 05:05:00,Normalen promet
AC-A5,Gančani AC,smer HUN (Pince) (v),228,89,13.5,4.7,05.06.2026 05:05:00,Normalen promet
AC-A5,Lormanje AC,smer HUN (Pince) (v),228,88,16.4,4.5,05.06.2026 05:05:00,Normalen promet
AC-A5,Mostje AC,smer HUN (Pince) (v),156,91,19.4,3.2,05.06.2026 05:05:00,Normalen promet
AC-A5,Pince AC,smer HUN (Pince) (v),120,69,23.8,3.1,05.06.2026 05:05:00,Normalen promet
AC-A5,Vučja vas AC,smer HUN (Pince) (v),168,90,21.1,3.2,05.06.2026 05:05:00,Normalen promet
AC-A5,Zamarkova AC,smer HUN (Pince) (v),288,92,14.4,4.4,05.06.2026 05:05:00,Normalen promet
AC-A5,Brengova AC,smer HUN (Pince) (v),228,92,15.6,4.1,05.06.2026 05:10:00,Normalen promet
AC-A5,Cenkova AC,smer HUN (Pince) (v),276,100,13.5,4.3,05.06.2026 05:10:00,Normalen promet
AC-A5,Dolinsko AC,smer HUN (Pince) (v),168,90,19.5,3.4,05.06.2026 05:10:00,Normalen promet
AC-A5,Dragučova AC,smer HUN (Pince) (v),216,103,17.0,3.1,05.06.2026 05:10:00,Normalen promet
AC-A5,Gančani AC,smer HUN (Pince) (v),180,93,21.6,3.0,05.06.2026 05:10:00,Normalen promet
AC-A5,Lormanje AC,smer HUN (Pince) (v),228,92,14.6,4.3,05.06.2026 05:10:00,Normalen promet
AC-A5,Mostje AC,smer HUN (Pince) (v),72,94,50.7,1.3,05.06.2026 05:10:00,Normalen promet
AC-A5,Pince AC,smer HUN (Pince) (v),72,79,62.4,1.6,05.06.2026 05:10:00,Normalen promet
AC-A5,Vučja vas AC,smer HUN (Pince) (v),120,95,31.0,2.2,05.06.2026 05:10:00,Normalen promet
AC-A5,Zamarkova AC,smer HUN (Pince) (v),348,99,10.0,4.7,05.06.2026 05:10:00,Normalen promet
AC-A5,Brengova AC,smer HUN (Pince) (v),312,94,11.3,5.2,05.06.2026 05:15:00,Normalen promet
AC-A5,Cenkova AC,smer HUN (Pince) (v),264,93,14.0,4.8,05.06.2026 05:15:00,Normalen promet
AC-A5,Dolinsko AC,smer HUN (Pince) (v),204,95,17.4,3.4,05.06.2026 05:15:00,Normalen promet
AC-A5,Dragučova AC,smer HUN (Pince) (v),276,98,13.4,4.3,05.06.2026 05:15:00,Normalen promet
AC-A5,Gančani AC,smer HUN (Pince) (v),156,97,24.5,2.8,05.06.2026 05:15:00,Normalen promet
AC-A5,Lormanje AC,smer HUN (Pince) (v),240,103,14.9,2.8,05.06.2026 05:15:00,Normalen promet
AC-A5,Mostje AC,smer HUN (Pince) (v),204,87,14.8,4.5,05.06.2026 05:15:00,Normalen promet
AC-A5,Pince AC,smer HUN (Pince) (v),132,81,25.4,3.0,05.06.2026 05:15:00,Normalen promet
AC-A5,Vučja vas AC,smer HUN (Pince) (v),216,99,17.1,3.5,05.06.2026 05:15:00,Normalen promet
AC-A5,Zamarkova AC,smer HUN (Pince) (v),360,95,10.2,5.4,05.06.2026 05:15:00,Normalen promet
AC-A5,Brengova AC,smer HUN (Pince) (v),240,97,14.1,3.1,05.06.2026 05:20:00,Normalen promet
AC-A5,Cenkova AC,smer HUN (Pince) (v),324,101,11.4,4.9,05.06.2026 05:20:00,Normalen promet
AC-A5,Dolinsko AC,smer HUN (Pince) (v),180,95,21.7,2.9,05.06.2026 05:20:00,Normalen promet
AC-A5,Dragučova AC,smer HUN (Pince) (v),252,106,13.3,3.2,05.06.2026 05:20:00,Normalen promet
AC-A5,Gančani AC,smer HUN (Pince) (v),180,99,19.7,2.5,05.06.2026 05:20:00,Normalen promet
AC-A5,Lormanje AC,smer HUN (Pince) (v),348,92,10.9,5.8,05.06.2026 05:20:00,Normalen promet
AC-A5,Mostje AC,smer HUN (Pince) (v),264,108,16.1,3.7,05.06.2026 05:20:00,Normalen promet
AC-A5,Pince AC,smer HUN (Pince) (v),72,80,50.1,1.8,05.06.2026 05:20:00,Normalen promet
AC-A5,Vučja vas AC,smer HUN (Pince) (v),228,91,15.7,4.3,05.06.2026 05:20:00,Normalen promet
AC-A5,Zamarkova AC,smer HUN (Pince) (v),312,98,11.4,4.0,05.06.2026 05:20:00,Normalen promet
AC-A5,Brengova AC,smer HUN (Pince) (v),384,93,8.9,7.0,05.06.2026 05:25:00,Normalen promet
AC-A5,Cenkova AC,smer HUN (Pince) (v),324,99,11.6,4.4,05.06.2026 05:25:00,Normalen promet
AC-A5,Dolinsko AC,smer HUN (Pince) (v),228,104,14.7,2.8,05.06.2026 05:25:00,Normalen promet
AC-A5,Dragučova AC,smer HUN (Pince) (v),324,105,11.9,4.1,05.06.2026 05:25:00,Normalen promet
AC-A5,Gančani AC,smer HUN (Pince) (v),312,96,11.1,5.6,05.06.2026 05:25:00,Normalen promet
AC-A5,Lormanje AC,smer HUN (Pince) (v),252,99,14.0,3.4,05.06.2026 05:25:00,Normalen promet
AC-A5,Mostje AC,smer HUN (Pince) (v),276,105,14.2,3.5,05.06.2026 05:25:00,Normalen promet
AC-A5,Pince AC,smer HUN (Pince) (v),132,70,24.0,3.1,05.06.2026 05:25:00,Normalen promet
AC-A5,Vučja vas AC,smer HUN (Pince) (v),336,95,9.7,5.9,05.06.2026 05:25:00,Normalen promet
AC-A5,Zamarkova AC,smer HUN (Pince) (v),312,105,10.9,3.3,05.06.2026 05:25:00,Normalen promet
AC-A5,Brengova AC,smer HUN (Pince) (v),288,103,11.6,4.0,05.06.2026 05:30:00,Normalen promet
AC-A5,Cenkova AC,smer HUN (Pince) (v),312,105,11.4,4.3,05.06.2026 05:30:00,Normalen promet
AC-A5,Dolinsko AC,smer HUN (Pince) (v),324,93,10.7,6.0,05.06.2026 05:30:00,Normalen promet
AC-A5,Dragučova AC,smer HUN (Pince) (v),432,106,8.5,5.0,05.06.2026 05:30:00,Normalen promet
AC-A5,Gančani AC,smer HUN (Pince) (v),228,99,15.7,3.7,05.06.2026 05:30:00,Normalen promet
AC-A5,Lormanje AC,smer HUN (Pince) (v),228,96,15.4,3.9,05.06.2026 05:30:00,Normalen promet
AC-A5,Mostje AC,smer HUN (Pince) (v),228,103,15.8,2.8,05.06.2026 05:30:00,Normalen promet
AC-A5,Pince AC,smer HUN (Pince) (v),192,67,21.6,5.1,05.06.2026 05:30:00,Normalen promet
AC-A5,Vučja vas AC,smer HUN (Pince) (v),360,105,10.6,3.9,05.06.2026 05:30:00,Normalen promet
AC-A5,Zamarkova AC,smer HUN (Pince) (v),372,95,9.9,5.4,05.06.2026 05:30:00,Normalen promet
AC-A5,Brengova AC,smer HUN (Pince) (v),252,105,10.2,4.2,05.06.2026 05:35:00,Normalen promet
AC-A5,Cenkova AC,smer HUN (Pince) (v),300,107,10.4,4.0,05.06.2026 05:35:00,Normalen promet
AC-A5,Dolinsko AC,smer HUN (Pince) (v),288,100,13.4,4.7,05.06.2026 05:35:00,Normalen promet
AC-A5,Dragučova AC,smer HUN (Pince) (v),432,99,8.5,6.3,05.06.2026 05:35:00,Normalen promet
AC-A5,Gančani AC,smer HUN (Pince) (v),348,98,9.9,5.8,05.06.2026 05:35:00,Normalen promet
AC-A5,Lormanje AC,smer HUN (Pince) (v),288,95,13.1,4.7,05.06.2026 05:35:00,Normalen promet
AC-A5,Mostje AC,smer HUN (Pince) (v),420,99,8.1,6.8,05.06.2026 05:35:00,Normalen promet
AC-A5,Pince AC,smer HUN (Pince) (v),120,83,24.6,1.8,05.06.2026 05:35:00,Normalen promet
AC-A5,Vučja vas AC,smer HUN (Pince) (v),396,99,8.7,5.3,05.06.2026 05:35:00,Normalen promet
AC-A5,Zamarkova AC,smer HUN (Pince) (v),504,100,7.4,6.3,05.06.2026 05:35:00,Povečan promet
AC-A5,Brengova AC,smer HUN (Pince) (v),372,98,10.6,4.5,05.06.2026 05:40:00,Normalen promet
AC-A5,Cenkova AC,smer HUN (Pince) (v),312,103,12.3,4.5,05.06.2026 05:40:00,Normalen promet
AC-A5,Dolinsko AC,smer HUN (Pince) (v),360,100,7.9,6.3,05.06.2026 05:40:00,Normalen promet
AC-A5,Dragučova AC,smer HUN (Pince) (v),444,104,8.0,5.4,05.06.2026 05:40:00,Normalen promet
AC-A5,Gančani AC,smer HUN (Pince) (v),264,104,12.7,3.1,05.06.2026 05:40:00,Normalen promet
AC-A5,Lormanje AC,smer HUN (Pince) (v),396,95,8.9,6.1,05.06.2026 05:40:00,Normalen promet
AC-A5,Mostje AC,smer HUN (Pince) (v),300,100,12.0,4.2,05.06.2026 05:40:00,Normalen promet
AC-A5,Pince AC,smer HUN (Pince) (v),156,81,25.7,3.0,05.06.2026 05:40:00,Normalen promet
AC-A5,Vučja vas AC,smer HUN (Pince) (v),324,98,11.0,4.7,05.06.2026 05:40:00,Normalen promet
AC-A5,Zamarkova AC,smer HUN (Pince) (v),420,98,7.3,5.9,05.06.2026 05:40:00,Povečan promet
AC-A5,Brengova AC,smer HUN (Pince) (v),324,93,8.6,5.3,05.06.2026 05:45:00,Normalen promet
AC-A5,Cenkova AC,smer HUN (Pince) (v),360,102,10.1,4.7,05.06.2026 05:45:00,Normalen promet
AC-A5,Dolinsko AC,smer HUN (Pince) (v),312,106,12.1,3.0,05.06.2026 05:45:00,Normalen promet
AC-A5,Dragučova AC,smer HUN (Pince) (v),336,102,10.6,4.5,05.06.2026 05:45:00,Normalen promet
AC-A5,Gančani AC,smer HUN (Pince) (v),276,91,11.2,4.7,05.06.2026 05:45:00,Normalen promet
AC-A5,Lormanje AC,smer HUN (Pince) (v),276,99,12.9,4.2,05.06.2026 05:45:00,Normalen promet
AC-A5,Mostje AC,smer HUN (Pince) (v),504,99,7.2,7.0,05.06.2026 05:45:00,Povečan promet
AC-A5,Pince AC,smer HUN (Pince) (v),228,82,12.4,4.5,05.06.2026 05:45:00,Normalen promet
AC-A5,Vučja vas AC,smer HUN (Pince) (v),252,97,14.0,3.7,05.06.2026 05:45:00,Normalen promet
AC-A5,Zamarkova AC,smer HUN (Pince) (v),444,100,8.1,5.5,05.06.2026 05:45:00,Normalen promet
AC-A5,Brengova AC,smer HUN (Pince) (v),372,95,11.8,4.9,05.06.2026 05:50:00,Normalen promet
AC-A5,Cenkova AC,smer HUN (Pince) (v),360,101,9.9,5.7,05.06.2026 05:50:00,Normalen promet
AC-A5,Dolinsko AC,smer HUN (Pince) (v),228,91,15.5,4.0,05.06.2026 05:50:00,Normalen promet
AC-A5,Dragučova AC,smer HUN (Pince) (v),480,91,7.3,8.8,05.06.2026 05:50:00,Povečan promet
AC-A5,Gančani AC,smer HUN (Pince) (v),216,92,17.8,3.8,05.06.2026 05:50:00,Normalen promet
AC-A5,Lormanje AC,smer HUN (Pince) (v),384,104,9.4,4.6,05.06.2026 05:50:00,Normalen promet
AC-A5,Mostje AC,smer HUN (Pince) (v),288,111,12.2,3.0,05.06.2026 05:50:00,Normalen promet
AC-A5,Pince AC,smer HUN (Pince) (v),252,68,17.4,6.8,05.06.2026 05:50:00,Normalen promet
AC-A5,Vučja vas AC,smer HUN (Pince) (v),396,99,8.8,5.8,05.06.2026 05:50:00,Normalen promet
AC-A5,Zamarkova AC,smer HUN (Pince) (v),420,103,8.6,5.5,05.06.2026 05:50:00,Normalen promet
AC-A5,Brengova AC,smer HUN (Pince) (v),348,99,11.2,4.9,05.06.2026 05:55:00,Normalen promet
AC-A5,Cenkova AC,smer HUN (Pince) (v),300,110,12.9,3.6,05.06.2026 05:55:00,Normalen promet
AC-A5,Dolinsko AC,smer HUN (Pince) (v),300,95,11.2,5.2,05.06.2026 05:55:00,Normalen promet
AC-A5,Dragučova AC,smer HUN (Pince) (v),468,96,8.0,7.7,05.06.2026 05:55:00,Normalen promet
AC-A5,Gančani AC,smer HUN (Pince) (v),276,93,13.4,4.9,05.06.2026 05:55:00,Normalen promet
AC-A5,Lormanje AC,smer HUN (Pince) (v),372,96,9.4,5.9,05.06.2026 05:55:00,Normalen promet
AC-A5,Mostje AC,smer HUN (Pince) (v),312,96,11.9,4.8,05.06.2026 05:55:00,Normalen promet
AC-A5,Pince AC,smer HUN (Pince) (v),168,83,20.1,3.0,05.06.2026 05:55:00,Normalen promet
AC-A5,Vučja vas AC,smer HUN (Pince) (v),360,97,9.9,4.9,05.06.2026 05:55:00,Normalen promet
AC-A5,Zamarkova AC,smer HUN (Pince) (v),696,93,4.9,12.0,05.06.2026 05:55:00,Zgoščen promet
AC-A5,Brengova AC,smer HUN (Pince) (v),576,92,6.4,9.9,05.06.2026 06:00:00,Normalen promet
AC-A5,Cenkova AC,smer HUN (Pince) (v),300,102,11.6,4.2,05.06.2026 06:00:00,Normalen promet
AC-A5,Dolinsko AC,smer HUN (Pince) (v),336,95,10.9,6.1,05.06.2026 06:00:00,Normalen promet
AC-A5,Dragučova AC,smer HUN (Pince) (v),576,96,6.0,9.4,05.06.2026 06:00:00,Povečan promet
AC-A5,Gančani AC,smer HUN (Pince) (v),312,97,11.6,5.2,05.06.2026 06:00:00,Normalen promet
AC-A5,Lormanje AC,smer HUN (Pince) (v),432,90,8.0,8.6,05.06.2026 06:00:00,Normalen promet
AC-A5,Mostje AC,smer HUN (Pince) (v),264,93,12.7,4.7,05.06.2026 06:00:00,Normalen promet
AC-A5,Pince AC,smer HUN (Pince) (v),48,79,64.6,1.0,05.06.2026 06:00:00,Normalen promet
AC-A5,Vučja vas AC,smer HUN (Pince) (v),312,94,11.2,5.3,05.06.2026 06:00:00,Normalen promet
AC-A5,Zamarkova AC,smer HUN (Pince) (v),528,95,6.9,7.7,05.06.2026 06:00:00,Povečan promet
AC-A5,Brengova AC,smer HUN (Pince) (v),408,94,9.6,5.8,05.06.2026 06:05:00,Normalen promet
AC-A5,Cenkova AC,smer HUN (Pince) (v),384,91,8.7,7.6,05.06.2026 06:05:00,Normalen promet
AC-A5,Dolinsko AC,smer HUN (Pince) (v),252,97,14.3,3.9,05.06.2026 06:05:00,Normalen promet
AC-A5,Dragučova AC,smer HUN (Pince) (v),468,110,8.3,4.7,05.06.2026 06:05:00,Normalen promet
AC-A5,Gančani AC,smer HUN (Pince) (v),372,94,9.7,5.8,05.06.2026 06:05:00,Normalen promet
AC-A5,Lormanje AC,smer HUN (Pince) (v),444,93,8.1,7.2,05.06.2026 06:05:00,Normalen promet
AC-A5,Mostje AC,smer HUN (Pince) (v),324,97,11.6,5.6,05.06.2026 06:05:00,Normalen promet
AC-A5,Pince AC,smer HUN (Pince) (v),156,71,25.3,3.8,05.06.2026 06:05:00,Normalen promet
AC-A5,Vučja vas AC,smer HUN (Pince) (v),288,104,12.8,3.9,05.06.2026 06:05:00,Normalen promet
AC-A5,Zamarkova AC,smer HUN (Pince) (v),612,93,5.6,9.7,05.06.2026 06:05:00,Povečan promet
AC-A5,Brengova AC,smer HUN (Pince) (v),672,92,6.0,10.6,05.06.2026 06:10:00,Povečan promet
AC-A5,Cenkova AC,smer HUN (Pince) (v),516,102,7.6,8.2,05.06.2026 06:10:00,Povečan promet
AC-A5,Dolinsko AC,smer HUN (Pince) (v),348,97,10.2,5.5,05.06.2026 06:10:00,Normalen promet
AC-A5,Dragučova AC,smer HUN (Pince) (v),456,100,7.2,6.9,05.06.2026 06:10:00,Normalen promet
AC-A5,Gančani AC,smer HUN (Pince) (v),360,101,9.6,5.2,05.06.2026 06:10:00,Normalen promet
AC-A5,Lormanje AC,smer HUN (Pince) (v),456,96,7.7,7.0,05.06.2026 06:10:00,Normalen promet
AC-A5,Mostje AC,smer HUN (Pince) (v),276,102,12.2,3.8,05.06.2026 06:10:00,Normalen promet
AC-A5,Pince AC,smer HUN (Pince) (v),144,76,25.5,3.4,05.06.2026 06:10:00,Normalen promet
AC-A5,Vučja vas AC,smer HUN (Pince) (v),360,92,9.8,6.4,05.06.2026 06:10:00,Normalen promet
AC-A5,Zamarkova AC,smer HUN (Pince) (v),456,106,8.2,4.3,05.06.2026 06:10:00,Normalen promet
AC-A5,Brengova AC,smer HUN (Pince) (v),480,101,8.4,5.6,05.06.2026 06:15:00,Normalen promet
AC-A5,Cenkova AC,smer HUN (Pince) (v),504,96,7.0,8.0,05.06.2026 06:15:00,Povečan promet
AC-A5,Dolinsko AC,smer HUN (Pince) (v),312,100,11.7,4.4,05.06.2026 06:15:00,Normalen promet
AC-A5,Dragučova AC,smer HUN (Pince) (v),600,104,5.8,6.8,05.06.2026 06:15:00,Povečan promet
AC-A5,Gančani AC,smer HUN (Pince) (v),312,94,11.4,4.9,05.06.2026 06:15:00,Normalen promet
AC-A5,Lormanje AC,smer HUN (Pince) (v),360,107,9.7,3.9,05.06.2026 06:15:00,Normalen promet
AC-A5,Mostje AC,smer HUN (Pince) (v),432,99,8.9,6.2,05.06.2026 06:15:00,Normalen promet
AC-A5,Pince AC,smer HUN (Pince) (v),312,74,15.9,6.7,05.06.2026 06:15:00,Normalen promet
AC-A5,Vučja vas AC,smer HUN (Pince) (v),492,92,7.2,9.2,05.06.2026 06:15:00,Povečan promet
AC-A5,Zamarkova AC,smer HUN (Pince) (v),600,99,5.7,8.0,05.06.2026 06:15:00,Povečan promet
AC-A5,Brengova AC,smer HUN (Pince) (v),396,101,9.1,4.9,05.06.2026 06:20:00,Normalen promet
AC-A5,Cenkova AC,smer HUN (Pince) (v),432,109,8.2,4.5,05.06.2026 06:20:00,Normalen promet
AC-A5,Dolinsko AC,smer HUN (Pince) (v),336,96,10.9,5.3,05.06.2026 06:20:00,Normalen promet
AC-A5,Dragučova AC,smer HUN (Pince) (v),672,105,5.3,8.6,05.06.2026 06:20:00,Povečan promet
AC-A5,Gančani AC,smer HUN (Pince) (v),492,98,7.1,7.6,05.06.2026 06:20:00,Povečan promet
AC-A5,Lormanje AC,smer HUN (Pince) (v),552,101,6.9,7.3,05.06.2026 06:20:00,Povečan promet
AC-A5,Mostje AC,smer HUN (Pince) (v),372,101,8.9,5.3,05.06.2026 06:20:00,Normalen promet
AC-A5,Pince AC,smer HUN (Pince) (v),204,74,15.4,3.7,05.06.2026 06:20:00,Normalen promet
AC-A5,Vučja vas AC,smer HUN (Pince) (v),516,98,6.8,8.2,05.06.2026 06:20:00,Povečan promet
AC-A5,Zamarkova AC,smer HUN (Pince) (v),720,97,4.7,9.2,05.06.2026 06:20:00,Povečan promet
AC-A5,Brengova AC,smer HUN (Pince) (v),612,97,6.1,8.0,05.06.2026 06:25:00,Povečan promet
AC-A5,Cenkova AC,smer HUN (Pince) (v),564,100,6.2,8.1,05.06.2026 06:25:00,Povečan promet
AC-A5,Dolinsko AC,smer HUN (Pince) (v),552,98,6.1,8.4,05.06.2026 06:25:00,Povečan promet
AC-A5,Dragučova AC,smer HUN (Pince) (v),624,100,5.7,8.1,05.06.2026 06:25:00,Povečan promet
AC-A5,Gančani AC,smer HUN (Pince) (v),564,92,6.2,10.8,05.06.2026 06:25:00,Povečan promet
AC-A5,Lormanje AC,smer HUN (Pince) (v),648,99,5.3,9.2,05.06.2026 06:25:00,Povečan promet
AC-A5,Mostje AC,smer HUN (Pince) (v),336,98,10.3,5.6,05.06.2026 06:25:00,Normalen promet
AC-A5,Pince AC,smer HUN (Pince) (v),180,74,17.8,3.9,05.06.2026 06:25:00,Normalen promet
AC-A5,Vučja vas AC,smer HUN (Pince) (v),564,99,6.0,8.5,05.06.2026 06:25:00,Povečan promet
AC-A5,Zamarkova AC,smer HUN (Pince) (v),768,101,5.0,9.2,05.06.2026 06:25:00,Povečan promet
AC-A5,Brengova AC,smer HUN (Pince) (v),600,96,6.3,8.7,05.06.2026 06:30:00,Povečan promet
AC-A5,Cenkova AC,smer HUN (Pince) (v),600,106,6.0,7.0,05.06.2026 06:30:00,Povečan promet
AC-A5,Dolinsko AC,smer HUN (Pince) (v),576,91,6.3,10.7,05.06.2026 06:30:00,Povečan promet
AC-A5,Dragučova AC,smer HUN (Pince) (v),504,107,7.6,5.5,05.06.2026 06:30:00,Povečan promet
AC-A5,Gančani AC,smer HUN (Pince) (v),528,92,7.0,9.8,05.06.2026 06:30:00,Povečan promet
AC-A5,Lormanje AC,smer HUN (Pince) (v),552,100,6.6,7.8,05.06.2026 06:30:00,Povečan promet
AC-A5,Mostje AC,smer HUN (Pince) (v),504,95,7.1,8.3,05.06.2026 06:30:00,Povečan promet
AC-A5,Pince AC,smer HUN (Pince) (v),168,76,20.7,3.9,05.06.2026 06:30:00,Normalen promet
AC-A5,Vučja vas AC,smer HUN (Pince) (v),600,106,6.6,6.2,05.06.2026 06:30:00,Povečan promet
AC-A5,Zamarkova AC,smer HUN (Pince) (v),720,100,4.6,8.9,05.06.2026 06:30:00,Povečan promet
AC-A5,Brengova AC,smer HUN (Pince) (v),528,98,6.2,7.3,05.06.2026 06:35:00,Povečan promet
AC-A5,Cenkova AC,smer HUN (Pince) (v),696,106,4.8,8.6,05.06.2026 06:35:00,Povečan promet
AC-A5,Dolinsko AC,smer HUN (Pince) (v),552,90,6.7,10.4,05.06.2026 06:35:00,Povečan promet
AC-A5,Dragučova AC,smer HUN (Pince) (v),624,107,6.3,8.0,05.06.2026 06:35:00,Povečan promet
AC-A5,Gančani AC,smer HUN (Pince) (v),408,105,8.6,6.3,05.06.2026 06:35:00,Povečan promet
AC-A5,Lormanje AC,smer HUN (Pince) (v),516,98,6.8,7.4,05.06.2026 06:35:00,Povečan promet
AC-A5,Mostje AC,smer HUN (Pince) (v),636,90,5.3,12.0,05.06.2026 06:35:00,Zgoščen promet
AC-A5,Pince AC,smer HUN (Pince) (v),120,82,22.9,2.5,05.06.2026 06:35:00,Normalen promet
AC-A5,Vučja vas AC,smer HUN (Pince) (v),672,106,5.5,7.2,05.06.2026 06:35:00,Zgoščen promet
AC-A5,Zamarkova AC,smer HUN (Pince) (v),648,103,5.3,7.0,05.06.2026 06:35:00,Povečan promet
AC-A5,Brengova AC,smer HUN (Pince) (v),540,105,6.8,6.3,05.06.2026 06:40:00,Povečan promet
AC-A5,Cenkova AC,smer HUN (Pince) (v),684,104,5.1,8.6,05.06.2026 06:40:00,Povečan promet
AC-A5,Dolinsko AC,smer HUN (Pince) (v),468,102,7.3,6.2,05.06.2026 06:40:00,Povečan promet
AC-A5,Dragučova AC,smer HUN (Pince) (v),600,103,6.0,7.1,05.06.2026 06:40:00,Povečan promet
AC-A5,Gančani AC,smer HUN (Pince) (v),432,105,7.6,5.8,05.06.2026 06:40:00,Normalen promet
AC-A5,Lormanje AC,smer HUN (Pince) (v),492,104,7.6,6.2,05.06.2026 06:40:00,Normalen promet
AC-A5,Mostje AC,smer HUN (Pince) (v),684,95,4.9,11.4,05.06.2026 06:40:00,Zgoščen promet
AC-A5,Pince AC,smer HUN (Pince) (v),432,79,12.2,9.3,05.06.2026 06:40:00,Normalen promet
AC-A5,Vučja vas AC,smer HUN (Pince) (v),648,100,5.8,9.8,05.06.2026 06:40:00,Zgoščen promet
AC-A5,Zamarkova AC,smer HUN (Pince) (v),756,96,4.7,9.7,05.06.2026 06:40:00,Povečan promet
AC-A5,Brengova AC,smer HUN (Pince) (v),564,100,6.1,8.4,05.06.2026 06:45:00,Povečan promet
AC-A5,Cenkova AC,smer HUN (Pince) (v),648,110,5.7,6.5,05.06.2026 06:45:00,Povečan promet
AC-A5,Dolinsko AC,smer HUN (Pince) (v),420,102,8.7,5.5,05.06.2026 06:45:00,Normalen promet
AC-A5,Dragučova AC,smer HUN (Pince) (v),624,102,5.6,8.4,05.06.2026 06:45:00,Povečan promet
AC-A5,Gančani AC,smer HUN (Pince) (v),468,100,8.2,6.5,05.06.2026 06:45:00,Normalen promet
AC-A5,Lormanje AC,smer HUN (Pince) (v),456,100,7.5,6.5,05.06.2026 06:45:00,Normalen promet
AC-A5,Mostje AC,smer HUN (Pince) (v),588,106,6.3,6.8,05.06.2026 06:45:00,Povečan promet
AC-A5,Pince AC,smer HUN (Pince) (v),216,78,12.2,6.2,05.06.2026 06:45:00,Normalen promet
AC-A5,Vučja vas AC,smer HUN (Pince) (v),648,105,5.4,7.0,05.06.2026 06:45:00,Zgoščen promet
AC-A5,Zamarkova AC,smer HUN (Pince) (v),696,96,5.0,8.1,05.06.2026 06:45:00,Povečan promet
AC-A5,Brengova AC,smer HUN (Pince) (v),432,103,8.0,5.5,05.06.2026 06:50:00,Normalen promet
AC-A5,Cenkova AC,smer HUN (Pince) (v),588,109,6.1,7.4,05.06.2026 06:50:00,Povečan promet
AC-A5,Dolinsko AC,smer HUN (Pince) (v),504,94,6.8,7.9,05.06.2026 06:50:00,Povečan promet
AC-A5,Dragučova AC,smer HUN (Pince) (v),708,102,4.8,9.0,05.06.2026 06:50:00,Povečan promet
AC-A5,Gančani AC,smer HUN (Pince) (v),588,96,6.1,9.5,05.06.2026 06:50:00,Povečan promet
AC-A5,Lormanje AC,smer HUN (Pince) (v),456,95,7.7,7.6,05.06.2026 06:50:00,Normalen promet
AC-A5,Mostje AC,smer HUN (Pince) (v),480,102,7.5,6.1,05.06.2026 06:50:00,Povečan promet
AC-A5,Pince AC,smer HUN (Pince) (v),348,72,8.9,9.7,05.06.2026 06:50:00,Normalen promet
AC-A5,Vučja vas AC,smer HUN (Pince) (v),684,101,5.4,9.3,05.06.2026 06:50:00,Zgoščen promet
AC-A5,Zamarkova AC,smer HUN (Pince) (v),936,96,3.9,11.7,05.06.2026 06:50:00,Zgoščen promet
AC-A5,Brengova AC,smer HUN (Pince) (v),492,96,7.2,7.3,05.06.2026 06:55:00,Povečan promet
AC-A5,Cenkova AC,smer HUN (Pince) (v),432,105,7.7,5.8,05.06.2026 06:55:00,Normalen promet
AC-A5,Dolinsko AC,smer HUN (Pince) (v),528,97,6.9,7.9,05.06.2026 06:55:00,Povečan promet
AC-A5,Dragučova AC,smer HUN (Pince) (v),636,109,6.0,6.5,05.06.2026 06:55:00,Povečan promet
AC-A5,Gančani AC,smer HUN (Pince) (v),468,99,7.7,7.1,05.06.2026 06:55:00,Normalen promet
AC-A5,Lormanje AC,smer HUN (Pince) (v),540,100,6.8,6.9,05.06.2026 06:55:00,Povečan promet
AC-A5,Mostje AC,smer HUN (Pince) (v),504,102,7.3,6.4,05.06.2026 06:55:00,Povečan promet
AC-A5,Pince AC,smer HUN (Pince) (v),252,82,14.7,5.1,05.06.2026 06:55:00,Normalen promet
AC-A5,Vučja vas AC,smer HUN (Pince) (v),468,108,7.7,6.3,05.06.2026 06:55:00,Normalen promet
AC-A5,Zamarkova AC,smer HUN (Pince) (v),864,97,3.9,10.0,05.06.2026 06:55:00,Povečan promet
AC-A5,Brengova AC,smer HUN (Pince) (v),528,94,6.3,7.5,05.06.2026 07:00:00,Povečan promet
AC-A5,Cenkova AC,smer HUN (Pince) (v),552,108,6.7,6.8,05.06.2026 07:00:00,Povečan promet
AC-A5,Dolinsko AC,smer HUN (Pince) (v),396,93,9.1,6.7,05.06.2026 07:00:00,Normalen promet
AC-A5,Dragučova AC,smer HUN (Pince) (v),624,101,5.9,9.0,05.06.2026 07:00:00,Povečan promet
AC-A5,Gančani AC,smer HUN (Pince) (v),444,97,8.1,7.5,05.06.2026 07:00:00,Normalen promet
AC-A5,Lormanje AC,smer HUN (Pince) (v),504,100,6.9,6.3,05.06.2026 07:00:00,Povečan promet
AC-A5,Mostje AC,smer HUN (Pince) (v),480,91,7.5,8.5,05.06.2026 07:00:00,Povečan promet
AC-A5,Pince AC,smer HUN (Pince) (v),156,81,24.7,3.4,05.06.2026 07:00:00,Normalen promet
AC-A5,Vučja vas AC,smer HUN (Pince) (v),480,97,8.0,7.4,05.06.2026 07:00:00,Normalen promet
AC-A5,Zamarkova AC,smer HUN (Pince) (v),768,104,4.9,8.0,05.06.2026 07:00:00,Povečan promet
AC-A5,Brengova AC,smer HUN (Pince) (v),420,96,8.5,5.3,05.06.2026 07:05:00,Normalen promet
AC-A5,Cenkova AC,smer HUN (Pince) (v),432,98,7.3,6.4,05.06.2026 07:05:00,Povečan promet
AC-A5,Dolinsko AC,smer HUN (Pince) (v),456,92,7.7,8.5,05.06.2026 07:05:00,Normalen promet
AC-A5,Dragučova AC,smer HUN (Pince) (v),516,101,7.1,6.5,05.06.2026 07:05:00,Povečan promet
AC-A5,Gančani AC,smer HUN (Pince) (v),288,98,12.6,5.0,05.06.2026 07:05:00,Normalen promet
AC-A5,Lormanje AC,smer HUN (Pince) (v),552,94,6.2,7.8,05.06.2026 07:05:00,Povečan promet
AC-A5,Mostje AC,smer HUN (Pince) (v),408,98,9.2,6.4,05.06.2026 07:05:00,Normalen promet
AC-A5,Pince AC,smer HUN (Pince) (v),312,66,16.5,6.2,05.06.2026 07:05:00,Gost promet z zastoji
AC-A5,Vučja vas AC,smer HUN (Pince) (v),504,102,7.3,6.3,05.06.2026 07:05:00,Normalen promet
AC-A5,Zamarkova AC,smer HUN (Pince) (v),600,96,6.0,8.4,05.06.2026 07:05:00,Povečan promet
AC-A5,Brengova AC,smer HUN (Pince) (v),492,99,7.6,6.8,05.06.2026 07:10:00,Povečan promet
AC-A5,Cenkova AC,smer HUN (Pince) (v),420,103,9.5,5.5,05.06.2026 07:10:00,Normalen promet
AC-A5,Dolinsko AC,smer HUN (Pince) (v),276,101,12.7,3.8,05.06.2026 07:10:00,Normalen promet
AC-A5,Dragučova AC,smer HUN (Pince) (v),564,104,6.1,7.1,05.06.2026 07:10:00,Povečan promet
AC-A5,Gančani AC,smer HUN (Pince) (v),432,99,8.0,6.1,05.06.2026 07:10:00,Normalen promet
AC-A5,Lormanje AC,smer HUN (Pince) (v),420,97,8.9,5.5,05.06.2026 07:10:00,Normalen promet
AC-A5,Mostje AC,smer HUN (Pince) (v),420,95,8.7,7.3,05.06.2026 07:10:00,Normalen promet
AC-A5,Pince AC,smer HUN (Pince) (v),120,66,28.7,3.3,05.06.2026 07:10:00,Gost promet z zastoji
AC-A5,Vučja vas AC,smer HUN (Pince) (v),504,99,6.4,7.8,05.06.2026 07:10:00,Povečan promet
AC-A5,Zamarkova AC,smer HUN (Pince) (v),624,99,5.6,7.6,05.06.2026 07:10:00,Povečan promet
AC-A5,Brengova AC,smer HUN (Pince) (v),516,98,7.1,6.7,05.06.2026 07:15:00,Povečan promet
AC-A5,Cenkova AC,smer HUN (Pince) (v),444,106,8.3,5.7,05.06.2026 07:15:00,Normalen promet
AC-A5,Dolinsko AC,smer HUN (Pince) (v),372,100,9.6,5.5,05.06.2026 07:15:00,Normalen promet
AC-A5,Dragučova AC,smer HUN (Pince) (v),696,98,5.2,10.7,05.06.2026 07:15:00,Zgoščen promet
AC-A5,Gančani AC,smer HUN (Pince) (v),468,99,7.4,7.4,05.06.2026 07:15:00,Normalen promet
AC-A5,Lormanje AC,smer HUN (Pince) (v),492,95,7.1,7.5,05.06.2026 07:15:00,Povečan promet
AC-A5,Mostje AC,smer HUN (Pince) (v),324,99,10.9,4.9,05.06.2026 07:15:00,Normalen promet
AC-A5,Pince AC,smer HUN (Pince) (v),252,67,17.6,6.5,05.06.2026 07:15:00,Gost promet z zastoji
AC-A5,Vučja vas AC,smer HUN (Pince) (v),456,99,8.5,6.0,05.06.2026 07:15:00,Povečan promet
AC-A5,Zamarkova AC,smer HUN (Pince) (v),636,94,5.7,9.1,05.06.2026 07:15:00,Povečan promet
AC-A5,Brengova AC,smer HUN (Pince) (v),360,91,9.4,6.3,05.06.2026 07:20:00,Normalen promet
AC-A5,Cenkova AC,smer HUN (Pince) (v),468,106,7.2,5.7,05.06.2026 07:20:00,Povečan promet
AC-A5,Dolinsko AC,smer HUN (Pince) (v),456,96,7.2,7.8,05.06.2026 07:20:00,Povečan promet
AC-A5,Dragučova AC,smer HUN (Pince) (v),756,99,4.5,10.7,05.06.2026 07:20:00,Zgoščen promet
AC-A5,Gančani AC,smer HUN (Pince) (v),348,97,10.1,5.6,05.06.2026 07:20:00,Normalen promet
AC-A5,Lormanje AC,smer HUN (Pince) (v),516,93,6.7,8.7,05.06.2026 07:20:00,Povečan promet
AC-A5,Mostje AC,smer HUN (Pince) (v),396,101,8.6,5.8,05.06.2026 07:20:00,Normalen promet
AC-A5,Pince AC,smer HUN (Pince) (v),264,66,13.9,6.8,05.06.2026 07:20:00,Gost promet z zastoji
AC-A5,Vučja vas AC,smer HUN (Pince) (v),492,100,6.7,6.8,05.06.2026 07:20:00,Povečan promet
AC-A5,Zamarkova AC,smer HUN (Pince) (v),888,94,4.0,12.2,05.06.2026 07:20:00,Zgoščen promet
AC-A5,Brengova AC,smer HUN (Pince) (v),612,93,6.0,9.2,05.06.2026 07:25:00,Povečan promet
AC-A5,Cenkova AC,smer HUN (Pince) (v),420,98,8.3,6.6,05.06.2026 07:25:00,Normalen promet
AC-A5,Dolinsko AC,smer HUN (Pince) (v),312,95,12.5,5.2,05.06.2026 07:25:00,Normalen promet
AC-A5,Dragučova AC,smer HUN (Pince) (v),624,103,5.9,8.2,05.06.2026 07:25:00,Povečan promet
AC-A5,Gančani AC,smer HUN (Pince) (v),420,99,8.8,6.0,05.06.2026 07:25:00,Normalen promet
AC-A5,Lormanje AC,smer HUN (Pince) (v),588,93,5.7,9.5,05.06.2026 07:25:00,Povečan promet
AC-A5,Mostje AC,smer HUN (Pince) (v),420,96,8.3,7.4,05.06.2026 07:25:00,Normalen promet
AC-A5,Pince AC,smer HUN (Pince) (v),168,62,21.2,4.9,05.06.2026 07:25:00,Normalen promet
AC-A5,Vučja vas AC,smer HUN (Pince) (v),516,106,7.3,5.6,05.06.2026 07:25:00,Normalen promet
AC-A5,Zamarkova AC,smer HUN (Pince) (v),840,95,4.3,11.8,05.06.2026 07:25:00,Zgoščen promet
AC-A5,Brengova AC,smer HUN (Pince) (v),588,91,6.2,10.2,05.06.2026 07:30:00,Povečan promet
AC-A5,Cenkova AC,smer HUN (Pince) (v),600,97,6.4,9.6,05.06.2026 07:30:00,Povečan promet
AC-A5,Dolinsko AC,smer HUN (Pince) (v),396,91,9.4,6.7,05.06.2026 07:30:00,Normalen promet
AC-A5,Dragučova AC,smer HUN (Pince) (v),576,103,6.6,7.5,05.06.2026 07:30:00,Povečan promet
AC-A5,Gančani AC,smer HUN (Pince) (v),360,97,9.9,6.1,05.06.2026 07:30:00,Normalen promet
AC-A5,Lormanje AC,smer HUN (Pince) (v),552,93,6.5,8.7,05.06.2026 07:30:00,Povečan promet
AC-A5,Mostje AC,smer HUN (Pince) (v),336,100,10.2,4.8,05.06.2026 07:30:00,Normalen promet
AC-A5,Pince AC,smer HUN (Pince) (v),168,77,18.8,3.6,05.06.2026 07:30:00,Normalen promet
AC-A5,Vučja vas AC,smer HUN (Pince) (v),444,100,7.4,5.6,05.06.2026 07:30:00,Normalen promet
AC-A5,Zamarkova AC,smer HUN (Pince) (v),672,102,5.2,8.0,05.06.2026 07:30:00,Povečan promet
AC-A5,Brengova AC,smer HUN (Pince) (v),648,100,5.8,8.5,05.06.2026 07:35:00,Povečan promet
AC-A5,Cenkova AC,smer HUN (Pince) (v),588,95,5.9,9.8,05.06.2026 07:35:00,Povečan promet
AC-A5,Dolinsko AC,smer HUN (Pince) (v),312,100,11.4,4.7,05.06.2026 07:35:00,Normalen promet
AC-A5,Dragučova AC,smer HUN (Pince) (v),528,96,6.6,8.9,05.06.2026 07:35:00,Povečan promet
AC-A5,Gančani AC,smer HUN (Pince) (v),360,100,10.3,5.0,05.06.2026 07:35:00,Normalen promet
AC-A5,Lormanje AC,smer HUN (Pince) (v),528,101,6.6,7.0,05.06.2026 07:35:00,Povečan promet
AC-A5,Mostje AC,smer HUN (Pince) (v),360,96,10.7,5.7,05.06.2026 07:35:00,Normalen promet
AC-A5,Pince AC,smer HUN (Pince) (v),252,70,15.8,7.1,05.06.2026 07:35:00,Normalen promet
AC-A5,Vučja vas AC,smer HUN (Pince) (v),540,103,6.9,6.6,05.06.2026 07:35:00,Povečan promet
AC-A5,Zamarkova AC,smer HUN (Pince) (v),612,94,6.2,8.4,05.06.2026 07:35:00,Povečan promet
AC-A5,Brengova AC,smer HUN (Pince) (v),384,101,9.2,5.2,05.06.2026 07:40:00,Normalen promet
AC-A5,Cenkova AC,smer HUN (Pince) (v),528,104,6.8,7.1,05.06.2026 07:40:00,Povečan promet
AC-A5,Dolinsko AC,smer HUN (Pince) (v),360,100,9.7,4.9,05.06.2026 07:40:00,Normalen promet
AC-A5,Dragučova AC,smer HUN (Pince) (v),564,99,6.3,8.0,05.06.2026 07:40:00,Povečan promet
AC-A5,Gančani AC,smer HUN (Pince) (v),384,106,8.7,4.8,05.06.2026 07:40:00,Normalen promet
AC-A5,Lormanje AC,smer HUN (Pince) (v),468,96,7.2,7.6,05.06.2026 07:40:00,Normalen promet
AC-A5,Mostje AC,smer HUN (Pince) (v),384,101,8.6,5.6,05.06.2026 07:40:00,Normalen promet
AC-A5,Pince AC,smer HUN (Pince) (v),168,65,19.1,4.4,05.06.2026 07:40:00,Normalen promet
AC-A5,Vučja vas AC,smer HUN (Pince) (v),492,95,6.7,8.6,05.06.2026 07:40:00,Povečan promet
AC-A5,Zamarkova AC,smer HUN (Pince) (v),720,94,4.9,11.2,05.06.2026 07:40:00,Zgoščen promet
AC-A5,Brengova AC,smer HUN (Pince) (v),516,93,6.8,9.1,05.06.2026 07:45:00,Povečan promet
AC-A5,Cenkova AC,smer HUN (Pince) (v),396,102,8.9,5.7,05.06.2026 07:45:00,Normalen promet
AC-A5,Dolinsko AC,smer HUN (Pince) (v),324,98,11.2,4.9,05.06.2026 07:45:00,Normalen promet
AC-A5,Dragučova AC,smer HUN (Pince) (v),660,100,5.2,9.0,05.06.2026 07:45:00,Povečan promet
AC-A5,Gančani AC,smer HUN (Pince) (v),492,90,6.6,9.3,05.06.2026 07:45:00,Povečan promet
AC-A5,Lormanje AC,smer HUN (Pince) (v),564,99,6.3,8.1,05.06.2026 07:45:00,Povečan promet
AC-A5,Mostje AC,smer HUN (Pince) (v),372,99,9.6,5.0,05.06.2026 07:45:00,Normalen promet
AC-A5,Pince AC,smer HUN (Pince) (v),132,78,21.4,2.9,05.06.2026 07:45:00,Normalen promet
AC-A5,Vučja vas AC,smer HUN (Pince) (v),648,98,5.0,10.4,05.06.2026 07:45:00,Povečan promet
AC-A5,Zamarkova AC,smer HUN (Pince) (v),636,96,6.2,8.7,05.06.2026 07:45:00,Povečan promet
AC-A5,Brengova AC,smer HUN (Pince) (v),588,94,6.2,8.7,05.06.2026 07:50:00,Povečan promet
AC-A5,Cenkova AC,smer HUN (Pince) (v),576,97,6.2,9.2,05.06.2026 07:50:00,Povečan promet
AC-A5,Dolinsko AC,smer HUN (Pince) (v),444,89,7.9,8.8,05.06.2026 07:50:00,Normalen promet
AC-A5,Dragučova AC,smer HUN (Pince) (v),552,97,6.4,8.7,05.06.2026 07:50:00,Povečan promet
AC-A5,Gančani AC,smer HUN (Pince) (v),480,90,7.9,8.7,05.06.2026 07:50:00,Normalen promet
AC-A5,Lormanje AC,smer HUN (Pince) (v),612,95,5.4,9.5,05.06.2026 07:50:00,Povečan promet
AC-A5,Mostje AC,smer HUN (Pince) (v),312,98,11.6,4.6,05.06.2026 07:50:00,Normalen promet
AC-A5,Pince AC,smer HUN (Pince) (v),168,65,26.3,4.7,05.06.2026 07:50:00,Normalen promet
AC-A5,Vučja vas AC,smer HUN (Pince) (v),360,103,10.0,4.9,05.06.2026 07:50:00,Normalen promet
AC-A5,Zamarkova AC,smer HUN (Pince) (v),564,92,5.7,9.1,05.06.2026 07:50:00,Povečan promet
AC-A5,Brengova AC,smer HUN (Pince) (v),480,97,7.7,7.1,05.06.2026 07:55:00,Povečan promet
AC-A5,Cenkova AC,smer HUN (Pince) (v),540,103,6.4,7.4,05.06.2026 07:55:00,Povečan promet
AC-A5,Dolinsko AC,smer HUN (Pince) (v),384,88,9.2,7.3,05.06.2026 07:55:00,Normalen promet
AC-A5,Dragučova AC,smer HUN (Pince) (v),636,97,5.6,9.0,05.06.2026 07:55:00,Povečan promet
AC-A5,Gančani AC,smer HUN (Pince) (v),396,90,8.3,7.7,05.06.2026 07:55:00,Normalen promet
AC-A5,Lormanje AC,smer HUN (Pince) (v),456,95,7.6,7.6,05.06.2026 07:55:00,Normalen promet
AC-A5,Mostje AC,smer HUN (Pince) (v),384,90,9.2,7.1,05.06.2026 07:55:00,Normalen promet
AC-A5,Pince AC,smer HUN (Pince) (v),288,74,11.0,5.6,05.06.2026 07:55:00,Normalen promet
AC-A5,Vučja vas AC,smer HUN (Pince) (v),504,99,7.0,7.3,05.06.2026 07:55:00,Povečan promet
AC-A5,Zamarkova AC,smer HUN (Pince) (v),708,93,5.0,10.8,05.06.2026 07:55:00,Zgoščen promet
AC-A5,Brengova AC,smer HUN (Pince) (v),540,92,6.8,8.8,05.06.2026 08:00:00,Povečan promet
AC-A5,Cenkova AC,smer HUN (Pince) (v),444,98,8.0,7.3,05.06.2026 08:00:00,Normalen promet
AC-A5,Dolinsko AC,smer HUN (Pince) (v),432,90,7.8,8.7,05.06.2026 08:00:00,Normalen promet
AC-A5,Dragučova AC,smer HUN (Pince) (v),528,102,6.6,7.3,05.06.2026 08:00:00,Povečan promet
AC-A5,Gančani AC,smer HUN (Pince) (v),432,100,9.1,6.4,05.06.2026 08:00:00,Normalen promet
AC-A5,Lormanje AC,smer HUN (Pince) (v),600,98,6.4,8.2,05.06.2026 08:00:00,Povečan promet
AC-A5,Mostje AC,smer HUN (Pince) (v),432,87,7.8,8.6,05.06.2026 08:00:00,Normalen promet
AC-A5,Pince AC,smer HUN (Pince) (v),84,74,45.7,1.5,05.06.2026 08:00:00,Normalen promet
AC-A5,Vučja vas AC,smer HUN (Pince) (v),540,95,6.7,9.8,05.06.2026 08:00:00,Povečan promet
AC-A5,Zamarkova AC,smer HUN (Pince) (v),720,94,4.9,9.9,05.06.2026 08:00:00,Povečan promet
AC-A5,Brengova AC,smer HUN (Pince) (v),504,91,6.8,8.0,05.06.2026 08:05:00,Povečan promet
AC-A5,Cenkova AC,smer HUN (Pince) (v),540,98,7.0,8.3,05.06.2026 08:05:00,Povečan promet
AC-A5,Dolinsko AC,smer HUN (Pince) (v),432,96,7.9,6.4,05.06.2026 08:05:00,Normalen promet
AC-A5,Dragučova AC,smer HUN (Pince) (v),528,102,7.0,6.3,05.06.2026 08:05:00,Povečan promet
AC-A5,Gančani AC,smer HUN (Pince) (v),528,92,7.0,9.7,05.06.2026 08:05:00,Povečan promet
AC-A5,Lormanje AC,smer HUN (Pince) (v),408,94,8.0,6.2,05.06.2026 08:05:00,Normalen promet
AC-A5,Mostje AC,smer HUN (Pince) (v),384,94,9.3,6.9,05.06.2026 08:05:00,Normalen promet
AC-A5,Pince AC,smer HUN (Pince) (v),288,80,10.3,5.5,05.06.2026 08:05:00,Normalen promet
AC-A5,Vučja vas AC,smer HUN (Pince) (v),456,96,7.6,7.6,05.06.2026 08:05:00,Povečan promet
AC-A5,Zamarkova AC,smer HUN (Pince) (v),600,102,5.9,7.1,05.06.2026 08:05:00,Povečan promet
AC-A5,Brengova AC,smer HUN (Pince) (v),540,98,6.4,6.9,05.06.2026 08:10:00,Povečan promet
AC-A5,Cenkova AC,smer HUN (Pince) (v),576,97,5.9,8.7,05.06.2026 08:10:00,Povečan promet
AC-A5,Dolinsko AC,smer HUN (Pince) (v),456,88,7.9,9.2,05.06.2026 08:10:00,Normalen promet
AC-A5,Dragučova AC,smer HUN (Pince) (v),624,102,5.5,7.6,05.06.2026 08:10:00,Povečan promet
AC-A5,Gančani AC,smer HUN (Pince) (v),360,96,9.3,6.4,05.06.2026 08:10:00,Normalen promet
AC-A5,Lormanje AC,smer HUN (Pince) (v),528,99,7.0,6.8,05.06.2026 08:10:00,Povečan promet
AC-A5,Mostje AC,smer HUN (Pince) (v),300,98,11.8,4.9,05.06.2026 08:10:00,Normalen promet
AC-A5,Pince AC,smer HUN (Pince) (v),204,65,14.6,6.0,05.06.2026 08:10:00,Normalen promet
AC-A5,Vučja vas AC,smer HUN (Pince) (v),528,98,6.9,8.3,05.06.2026 08:10:00,Povečan promet
AC-A5,Zamarkova AC,smer HUN (Pince) (v),648,96,5.5,8.2,05.06.2026 08:10:00,Povečan promet
AC-A5,Brengova AC,smer HUN (Pince) (v),564,101,6.1,7.0,05.06.2026 08:15:00,Povečan promet
AC-A5,Cenkova AC,smer HUN (Pince) (v),456,105,7.8,5.9,05.06.2026 08:15:00,Normalen promet
AC-A5,Dolinsko AC,smer HUN (Pince) (v),312,93,11.0,5.6,05.06.2026 08:15:00,Normalen promet
AC-A5,Dragučova AC,smer HUN (Pince) (v),636,97,6.1,9.5,05.06.2026 08:15:00,Povečan promet
AC-A5,Gančani AC,smer HUN (Pince) (v),396,88,8.5,8.2,05.06.2026 08:15:00,Normalen promet
AC-A5,Lormanje AC,smer HUN (Pince) (v),468,99,7.2,6.4,05.06.2026 08:15:00,Povečan promet
AC-A5,Mostje AC,smer HUN (Pince) (v),420,84,8.0,9.4,05.06.2026 08:15:00,Normalen promet
AC-A5,Pince AC,smer HUN (Pince) (v),252,72,18.2,6.7,05.06.2026 08:15:00,Gost promet z zastoji
AC-A5,Vučja vas AC,smer HUN (Pince) (v),576,98,6.2,8.9,05.06.2026 08:15:00,Povečan promet
AC-A5,Zamarkova AC,smer HUN (Pince) (v),636,94,5.6,8.0,05.06.2026 08:15:00,Povečan promet
AC-A5,Brengova AC,smer HUN (Pince) (v),504,100,7.4,6.6,05.06.2026 08:20:00,Povečan promet
AC-A5,Cenkova AC,smer HUN (Pince) (v),456,110,7.8,4.7,05.06.2026 08:20:00,Normalen promet
AC-A5,Dolinsko AC,smer HUN (Pince) (v),432,88,8.5,8.4,05.06.2026 08:20:00,Normalen promet
AC-A5,Dragučova AC,smer HUN (Pince) (v),648,100,5.4,9.6,05.06.2026 08:20:00,Povečan promet
AC-A5,Gančani AC,smer HUN (Pince) (v),456,91,7.6,8.4,05.06.2026 08:20:00,Normalen promet
AC-A5,Lormanje AC,smer HUN (Pince) (v),444,98,8.0,5.9,05.06.2026 08:20:00,Normalen promet
AC-A5,Mostje AC,smer HUN (Pince) (v),372,91,9.7,6.9,05.06.2026 08:20:00,Normalen promet
AC-A5,Pince AC,smer HUN (Pince) (v),192,67,11.3,4.5,05.06.2026 08:20:00,Normalen promet
AC-A5,Vučja vas AC,smer HUN (Pince) (v),480,92,7.6,8.2,05.06.2026 08:20:00,Povečan promet
AC-A5,Zamarkova AC,smer HUN (Pince) (v),588,90,5.5,9.7,05.06.2026 08:20:00,Povečan promet
AC-A5,Brengova AC,smer HUN (Pince) (v),504,97,7.1,7.7,05.06.2026 08:25:00,Povečan promet
AC-A5,Cenkova AC,smer HUN (Pince) (v),552,106,6.8,6.9,05.06.2026 08:25:00,Povečan promet
AC-A5,Dolinsko AC,smer HUN (Pince) (v),420,85,8.6,8.7,05.06.2026 08:25:00,Normalen promet
AC-A5,Dragučova AC,smer HUN (Pince) (v),552,100,6.4,7.9,05.06.2026 08:25:00,Povečan promet
AC-A5,Gančani AC,smer HUN (Pince) (v),312,92,11.2,5.5,05.06.2026 08:25:00,Normalen promet
AC-A5,Lormanje AC,smer HUN (Pince) (v),504,90,7.3,9.1,05.06.2026 08:25:00,Povečan promet
AC-A5,Mostje AC,smer HUN (Pince) (v),396,87,8.9,8.2,05.06.2026 08:25:00,Normalen promet
AC-A5,Pince AC,smer HUN (Pince) (v),492,66,9.9,13.4,05.06.2026 08:25:00,Povečan promet
AC-A5,Vučja vas AC,smer HUN (Pince) (v),396,92,8.4,5.7,05.06.2026 08:25:00,Normalen promet
AC-A5,Zamarkova AC,smer HUN (Pince) (v),696,93,5.2,10.8,05.06.2026 08:25:00,Zgoščen promet
AC-A5,Brengova AC,smer HUN (Pince) (v),636,96,5.5,9.3,05.06.2026 08:30:00,Povečan promet
AC-A5,Cenkova AC,smer HUN (Pince) (v),576,100,6.1,8.4,05.06.2026 08:30:00,Povečan promet
AC-A5,Dolinsko AC,smer HUN (Pince) (v),276,98,12.2,4.3,05.06.2026 08:30:00,Normalen promet
AC-A5,Dragučova AC,smer HUN (Pince) (v),648,101,5.3,9.2,05.06.2026 08:30:00,Povečan promet
AC-A5,Gančani AC,smer HUN (Pince) (v),348,92,11.0,6.5,05.06.2026 08:30:00,Normalen promet
AC-A5,Lormanje AC,smer HUN (Pince) (v),540,95,6.6,8.8,05.06.2026 08:30:00,Povečan promet
AC-A5,Mostje AC,smer HUN (Pince) (v),396,89,9.4,8.1,05.06.2026 08:30:00,Normalen promet
AC-A5,Pince AC,smer HUN (Pince) (v),276,71,12.6,6.7,05.06.2026 08:30:00,Normalen promet
AC-A5,Vučja vas AC,smer HUN (Pince) (v),468,96,7.9,7.1,05.06.2026 08:30:00,Normalen promet
AC-A5,Zamarkova AC,smer HUN (Pince) (v),648,98,5.4,8.4,05.06.2026 08:30:00,Povečan promet
AC-A5,Brengova AC,smer HUN (Pince) (v),528,98,6.8,7.5,05.06.2026 08:35:00,Povečan promet
AC-A5,Cenkova AC,smer HUN (Pince) (v),552,102,6.2,8.6,05.06.2026 08:35:00,Povečan promet
AC-A5,Dolinsko AC,smer HUN (Pince) (v),432,90,8.9,7.6,05.06.2026 08:35:00,Normalen promet
AC-A5,Dragučova AC,smer HUN (Pince) (v),660,103,5.4,8.0,05.06.2026 08:35:00,Povečan promet
AC-A5,Gančani AC,smer HUN (Pince) (v),348,99,10.5,5.1,05.06.2026 08:35:00,Normalen promet
AC-A5,Lormanje AC,smer HUN (Pince) (v),516,95,6.9,8.0,05.06.2026 08:35:00,Povečan promet
AC-A5,Mostje AC,smer HUN (Pince) (v),324,94,9.9,5.5,05.06.2026 08:35:00,Normalen promet
AC-A5,Pince AC,smer HUN (Pince) (v),192,63,18.2,4.9,05.06.2026 08:35:00,Normalen promet
AC-A5,Vučja vas AC,smer HUN (Pince) (v),408,99,9.2,5.0,05.06.2026 08:35:00,Normalen promet
AC-A5,Zamarkova AC,smer HUN (Pince) (v),684,89,4.9,10.5,05.06.2026 08:35:00,Zgoščen promet
AC-A5,Brengova AC,smer HUN (Pince) (v),528,98,7.0,8.2,05.06.2026 08:40:00,Povečan promet
AC-A5,Cenkova AC,smer HUN (Pince) (v),528,100,6.5,7.7,05.06.2026 08:40:00,Povečan promet
AC-A5,Dolinsko AC,smer HUN (Pince) (v),360,100,9.7,4.8,05.06.2026 08:40:00,Normalen promet
AC-A5,Dragučova AC,smer HUN (Pince) (v),672,101,5.6,8.8,05.06.2026 08:40:00,Povečan promet
AC-A5,Gančani AC,smer HUN (Pince) (v),288,96,12.2,4.5,05.06.2026 08:40:00,Normalen promet
AC-A5,Lormanje AC,smer HUN (Pince) (v),492,91,6.8,8.3,05.06.2026 08:40:00,Povečan promet
AC-A5,Mostje AC,smer HUN (Pince) (v),372,95,10.8,6.5,05.06.2026 08:40:00,Normalen promet
AC-A5,Pince AC,smer HUN (Pince) (v),276,67,9.0,7.8,05.06.2026 08:40:00,Normalen promet
AC-A5,Vučja vas AC,smer HUN (Pince) (v),468,90,6.7,7.9,05.06.2026 08:40:00,Povečan promet
AC-A5,Zamarkova AC,smer HUN (Pince) (v),660,96,5.5,8.1,05.06.2026 08:40:00,Povečan promet
AC-A5,Brengova AC,smer HUN (Pince) (v),408,97,9.0,6.1,05.06.2026 08:45:00,Normalen promet
AC-A5,Cenkova AC,smer HUN (Pince) (v),444,101,8.1,6.5,05.06.2026 08:45:00,Normalen promet
AC-A5,Dolinsko AC,smer HUN (Pince) (v),432,99,8.4,6.1,05.06.2026 08:45:00,Normalen promet
AC-A5,Dragučova AC,smer HUN (Pince) (v),552,100,6.5,7.6,05.06.2026 08:45:00,Povečan promet
AC-A5,Gančani AC,smer HUN (Pince) (v),420,102,9.3,5.2,05.06.2026 08:45:00,Normalen promet
AC-A5,Lormanje AC,smer HUN (Pince) (v),492,99,7.3,6.0,05.06.2026 08:45:00,Povečan promet
AC-A5,Mostje AC,smer HUN (Pince) (v),384,100,9.2,5.4,05.06.2026 08:45:00,Normalen promet
AC-A5,Pince AC,smer HUN (Pince) (v),168,76,23.8,3.7,05.06.2026 08:45:00,Normalen promet
AC-A5,Vučja vas AC,smer HUN (Pince) (v),444,91,8.5,8.3,05.06.2026 08:45:00,Povečan promet
AC-A5,Zamarkova AC,smer HUN (Pince) (v),672,94,5.2,9.3,05.06.2026 08:45:00,Povečan promet
AC-A5,Brengova AC,smer HUN (Pince) (v),576,97,6.2,7.7,05.06.2026 08:50:00,Povečan promet
AC-A5,Cenkova AC,smer HUN (Pince) (v),516,102,6.3,6.9,05.06.2026 08:50:00,Povečan promet
AC-A5,Dolinsko AC,smer HUN (Pince) (v),276,98,11.4,3.4,05.06.2026 08:50:00,Normalen promet
AC-A5,Dragučova AC,smer HUN (Pince) (v),540,103,6.1,7.0,05.06.2026 08:50:00,Povečan promet
AC-A5,Gančani AC,smer HUN (Pince) (v),492,98,7.3,7.5,05.06.2026 08:50:00,Povečan promet
AC-A5,Lormanje AC,smer HUN (Pince) (v),540,97,6.6,7.5,05.06.2026 08:50:00,Povečan promet
AC-A5,Mostje AC,smer HUN (Pince) (v),336,102,10.0,4.5,05.06.2026 08:50:00,Normalen promet
AC-A5,Pince AC,smer HUN (Pince) (v),228,56,11.6,6.0,05.06.2026 08:50:00,Gost promet z zastoji
AC-A5,Vučja vas AC,smer HUN (Pince) (v),456,97,7.8,6.5,05.06.2026 08:50:00,Normalen promet
AC-A5,Zamarkova AC,smer HUN (Pince) (v),600,92,6.1,8.3,05.06.2026 08:50:00,Povečan promet
AC-A5,Brengova AC,smer HUN (Pince) (v),540,100,6.9,7.4,05.06.2026 08:55:00,Povečan promet
AC-A5,Cenkova AC,smer HUN (Pince) (v),564,100,6.5,7.6,05.06.2026 08:55:00,Povečan promet
AC-A5,Dolinsko AC,smer HUN (Pince) (v),384,89,8.7,7.1,05.06.2026 08:55:00,Normalen promet
AC-A5,Dragučova AC,smer HUN (Pince) (v),504,110,6.6,4.6,05.06.2026 08:55:00,Povečan promet
AC-A5,Gančani AC,smer HUN (Pince) (v),420,90,6.9,8.8,05.06.2026 08:55:00,Povečan promet
AC-A5,Lormanje AC,smer HUN (Pince) (v),540,96,6.7,8.2,05.06.2026 08:55:00,Povečan promet
AC-A5,Mostje AC,smer HUN (Pince) (v),324,98,11.4,4.9,05.06.2026 08:55:00,Normalen promet
AC-A5,Pince AC,smer HUN (Pince) (v),300,64,14.4,6.8,05.06.2026 08:55:00,Normalen promet
AC-A5,Vučja vas AC,smer HUN (Pince) (v),396,92,8.3,6.8,05.06.2026 08:55:00,Normalen promet
AC-A5,Zamarkova AC,smer HUN (Pince) (v),696,97,5.2,8.9,05.06.2026 08:55:00,Povečan promet
AC-A5,Brengova AC,smer HUN (Pince) (v),552,99,6.8,7.5,05.06.2026 09:00:00,Povečan promet
AC-A5,Cenkova AC,smer HUN (Pince) (v),444,100,8.2,6.0,05.06.2026 09:00:00,Normalen promet
AC-A5,Dolinsko AC,smer HUN (Pince) (v),516,91,7.4,9.7,05.06.2026 09:00:00,Normalen promet
AC-A5,Dragučova AC,smer HUN (Pince) (v),516,101,7.0,7.0,05.06.2026 09:00:00,Povečan promet
AC-A5,Gančani AC,smer HUN (Pince) (v),408,99,9.2,6.1,05.06.2026 09:00:00,Normalen promet
AC-A5,Lormanje AC,smer HUN (Pince) (v),456,100,8.2,5.8,05.06.2026 09:00:00,Normalen promet
AC-A5,Mostje AC,smer HUN (Pince) (v),348,87,10.6,6.9,05.06.2026 09:00:00,Normalen promet
AC-A5,Pince AC,smer HUN (Pince) (v),156,69,20.9,3.1,05.06.2026 09:00:00,Normalen promet
AC-A5,Vučja vas AC,smer HUN (Pince) (v),456,95,7.1,7.0,05.06.2026 09:00:00,Normalen promet
AC-A5,Zamarkova AC,smer HUN (Pince) (v),456,101,8.5,4.8,05.06.2026 09:00:00,Normalen promet
AC-A5,Brengova AC,smer HUN (Pince) (v),324,101,11.2,3.6,05.06.2026 09:05:00,Normalen promet
AC-A5,Cenkova AC,smer HUN (Pince) (v),540,101,6.3,7.2,05.06.2026 09:05:00,Povečan promet
AC-A5,Dolinsko AC,smer HUN (Pince) (v),324,92,11.0,6.0,05.06.2026 09:05:00,Normalen promet
AC-A5,Dragučova AC,smer HUN (Pince) (v),684,102,5.5,8.4,05.06.2026 09:05:00,Povečan promet
AC-A5,Gančani AC,smer HUN (Pince) (v),372,93,9.3,6.2,05.06.2026 09:05:00,Normalen promet
AC-A5,Lormanje AC,smer HUN (Pince) (v),396,102,9.2,4.6,05.06.2026 09:05:00,Normalen promet
AC-A5,Mostje AC,smer HUN (Pince) (v),528,91,6.8,10.0,05.06.2026 09:05:00,Povečan promet
AC-A5,Pince AC,smer HUN (Pince) (v),228,77,17.3,4.8,05.06.2026 09:05:00,Normalen promet
AC-A5,Vučja vas AC,smer HUN (Pince) (v),420,94,8.4,6.4,05.06.2026 09:05:00,Normalen promet
AC-A5,Zamarkova AC,smer HUN (Pince) (v),600,93,5.6,8.2,05.06.2026 09:05:00,Povečan promet
AC-A5,Brengova AC,smer HUN (Pince) (v),528,103,7.1,6.2,05.06.2026 09:10:00,Povečan promet
AC-A5,Cenkova AC,smer HUN (Pince) (v),336,108,12.1,3.5,05.06.2026 09:10:00,Normalen promet
AC-A5,Dolinsko AC,smer HUN (Pince) (v),384,93,8.9,6.1,05.06.2026 09:10:00,Normalen promet
AC-A5,Dragučova AC,smer HUN (Pince) (v),636,107,5.6,7.8,05.06.2026 09:10:00,Povečan promet
AC-A5,Gančani AC,smer HUN (Pince) (v),420,97,8.7,6.2,05.06.2026 09:10:00,Normalen promet
AC-A5,Lormanje AC,smer HUN (Pince) (v),504,93,7.0,8.1,05.06.2026 09:10:00,Povečan promet
AC-A5,Mostje AC,smer HUN (Pince) (v),264,91,12.9,4.9,05.06.2026 09:10:00,Normalen promet
AC-A5,Pince AC,smer HUN (Pince) (v),240,70,16.0,6.0,05.06.2026 09:10:00,Normalen promet
AC-A5,Vučja vas AC,smer HUN (Pince) (v),564,94,6.5,8.0,05.06.2026 09:10:00,Povečan promet
AC-A5,Zamarkova AC,smer HUN (Pince) (v),756,98,4.6,9.4,05.06.2026 09:10:00,Povečan promet
AC-A5,Brengova AC,smer HUN (Pince) (v),576,95,6.0,8.2,05.06.2026 09:15:00,Povečan promet
AC-A5,Cenkova AC,smer HUN (Pince) (v),408,105,8.2,5.1,05.06.2026 09:15:00,Normalen promet
AC-A5,Dolinsko AC,smer HUN (Pince) (v),324,90,11.0,5.3,05.06.2026 09:15:00,Normalen promet
AC-A5,Dragučova AC,smer HUN (Pince) (v),540,106,6.9,6.5,05.06.2026 09:15:00,Povečan promet
AC-A5,Gančani AC,smer HUN (Pince) (v),348,94,10.4,5.7,05.06.2026 09:15:00,Normalen promet
AC-A5,Lormanje AC,smer HUN (Pince) (v),612,99,6.0,8.2,05.06.2026 09:15:00,Povečan promet
AC-A5,Mostje AC,smer HUN (Pince) (v),456,95,8.4,7.3,05.06.2026 09:15:00,Normalen promet
AC-A5,Pince AC,smer HUN (Pince) (v),324,59,9.0,9.5,05.06.2026 09:15:00,Normalen promet
AC-A5,Vučja vas AC,smer HUN (Pince) (v),336,100,10.4,4.7,05.06.2026 09:15:00,Normalen promet
AC-A5,Zamarkova AC,smer HUN (Pince) (v),624,97,5.7,7.8,05.06.2026 09:15:00,Povečan promet
AC-A5,Brengova AC,smer HUN (Pince) (v),612,96,5.7,8.4,05.06.2026 09:20:00,Povečan promet
AC-A5,Cenkova AC,smer HUN (Pince) (v),564,98,6.6,8.1,05.06.2026 09:20:00,Povečan promet
AC-A5,Dolinsko AC,smer HUN (Pince) (v),384,99,8.6,5.3,05.06.2026 09:20:00,Normalen promet
AC-A5,Dragučova AC,smer HUN (Pince) (v),444,102,8.1,5.5,05.06.2026 09:20:00,Normalen promet
AC-A5,Gančani AC,smer HUN (Pince) (v),336,94,10.0,5.6,05.06.2026 09:20:00,Normalen promet
AC-A5,Lormanje AC,smer HUN (Pince) (v),492,100,7.0,6.1,05.06.2026 09:20:00,Povečan promet
AC-A5,Mostje AC,smer HUN (Pince) (v),324,101,11.1,4.5,05.06.2026 09:20:00,Normalen promet
AC-A5,Pince AC,smer HUN (Pince) (v),144,83,19.4,3.3,05.06.2026 09:20:00,Normalen promet
AC-A5,Vučja vas AC,smer HUN (Pince) (v),348,99,10.7,4.1,05.06.2026 09:20:00,Normalen promet
AC-A5,Zamarkova AC,smer HUN (Pince) (v),696,96,5.4,9.2,05.06.2026 09:20:00,Povečan promet
AC-A5,Brengova AC,smer HUN (Pince) (v),360,97,9.8,5.0,05.06.2026 09:25:00,Normalen promet
AC-A5,Cenkova AC,smer HUN (Pince) (v),528,97,6.5,7.7,05.06.2026 09:25:00,Povečan promet
AC-A5,Dolinsko AC,smer HUN (Pince) (v),276,89,14.4,5.4,05.06.2026 09:25:00,Normalen promet
AC-A5,Dragučova AC,smer HUN (Pince) (v),564,103,6.4,6.7,05.06.2026 09:25:00,Povečan promet
AC-A5,Gančani AC,smer HUN (Pince) (v),216,97,13.8,3.6,05.06.2026 09:25:00,Normalen promet
AC-A5,Lormanje AC,smer HUN (Pince) (v),516,97,6.2,7.0,05.06.2026 09:25:00,Povečan promet
AC-A5,Mostje AC,smer HUN (Pince) (v),336,97,10.6,5.4,05.06.2026 09:25:00,Normalen promet
AC-A5,Pince AC,smer HUN (Pince) (v),300,68,13.4,6.9,05.06.2026 09:25:00,Normalen promet
AC-A5,Vučja vas AC,smer HUN (Pince) (v),516,93,6.8,8.4,05.06.2026 09:25:00,Povečan promet
AC-A5,Zamarkova AC,smer HUN (Pince) (v),552,99,6.7,6.8,05.06.2026 09:25:00,Povečan promet
AC-A5,Brengova AC,smer HUN (Pince) (v),480,100,7.3,5.6,05.06.2026 09:30:00,Normalen promet
AC-A5,Cenkova AC,smer HUN (Pince) (v),468,106,8.2,5.3,05.06.2026 09:30:00,Normalen promet
AC-A5,Dolinsko AC,smer HUN (Pince) (v),204,99,17.7,2.8,05.06.2026 09:30:00,Normalen promet
AC-A5,Dragučova AC,smer HUN (Pince) (v),696,106,5.4,7.5,05.06.2026 09:30:00,Povečan promet
AC-A5,Gančani AC,smer HUN (Pince) (v),312,102,12.3,4.4,05.06.2026 09:30:00,Normalen promet
AC-A5,Lormanje AC,smer HUN (Pince) (v),588,100,6.3,7.2,05.06.2026 09:30:00,Povečan promet
AC-A5,Mostje AC,smer HUN (Pince) (v),252,92,13.5,4.4,05.06.2026 09:30:00,Normalen promet
AC-A5,Pince AC,smer HUN (Pince) (v),240,69,16.7,5.4,05.06.2026 09:30:00,Normalen promet
AC-A5,Vučja vas AC,smer HUN (Pince) (v),444,95,8.2,6.0,05.06.2026 09:30:00,Normalen promet
AC-A5,Zamarkova AC,smer HUN (Pince) (v),696,106,5.7,6.8,05.06.2026 09:30:00,Povečan promet
AC-A5,Brengova AC,smer HUN (Pince) (v),528,107,7.1,4.9,06.06.2026 13:15:00,Povečan promet
AC-A5,Cenkova AC,smer HUN (Pince) (v),564,111,5.9,5.5,06.06.2026 13:15:00,Povečan promet
AC-A5,Dolinsko AC,smer HUN (Pince) (v),360,105,11.4,3.7,06.06.2026 13:15:00,Normalen promet
AC-A5,Dragučova AC,smer HUN (Pince) (v),612,112,6.0,4.8,06.06.2026 13:15:00,Povečan promet
AC-A5,Gančani AC,smer HUN (Pince) (v),348,112,10.3,2.8,06.06.2026 13:15:00,Normalen promet
AC-A5,Lormanje AC,smer HUN (Pince) (v),600,107,6.1,5.5,06.06.2026 13:15:00,Povečan promet
AC-A5,Mostje AC,smer HUN (Pince) (v),324,107,11.8,3.1,06.06.2026 13:15:00,Normalen promet
AC-A5,Pince AC,smer HUN (Pince) (v),156,84,22.2,2.1,06.06.2026 13:15:00,Normalen promet
AC-A5,Vučja vas AC,smer HUN (Pince) (v),384,116,9.4,2.9,06.06.2026 13:15:00,Normalen promet
AC-A5,Zamarkova AC,smer HUN (Pince) (v),780,105,4.8,6.5,06.06.2026 13:15:00,Povečan promet
AC-A5,Brengova AC,smer HUN (Pince) (v),336,112,11.5,2.3,07.06.2026 15:55:00,Normalen promet
AC-A5,Cenkova AC,smer HUN (Pince) (v),276,113,13.7,1.9,07.06.2026 15:55:00,Normalen promet
AC-A5,Dolinsko AC,smer HUN (Pince) (v),180,106,20.5,1.3,07.06.2026 15:55:00,Normalen promet
AC-A5,Dragučova AC,smer HUN (Pince) (v),528,115,7.0,3.7,07.06.2026 15:55:00,Povečan promet
AC-A5,Gančani AC,smer HUN (Pince) (v),252,112,15.9,1.8,07.06.2026 15:55:00,Normalen promet
AC-A5,Lormanje AC,smer HUN (Pince) (v),348,111,10.4,2.8,07.06.2026 15:55:00,Normalen promet
AC-A5,Mostje AC,smer HUN (Pince) (v),204,117,17.2,1.3,07.06.2026 15:55:00,Normalen promet
AC-A5,Pince AC,smer HUN (Pince) (v),144,70,25.1,1.7,07.06.2026 15:55:00,Normalen promet
AC-A5,Vučja vas AC,smer HUN (Pince) (v),324,115,12.7,2.0,07.06.2026 15:55:00,Normalen promet
AC-A5,Zamarkova AC,smer HUN (Pince) (v),672,107,5.5,5.3,07.06.2026 15:55:00,Povečan promet
